2025-02-05 14:05:46,512 - INFO - Starting Flask application
2025-02-05 14:05:46,512 - INFO - Configuring CORS
2025-02-05 14:05:46,512 - INFO - CORS configured
2025-02-05 14:05:46,512 - INFO - Initializing SocketIO
2025-02-05 14:05:46,521 - INFO - Server initialized for eventlet.
2025-02-05 14:05:46,521 - INFO - SocketIO initialized
2025-02-05 14:05:46,521 - INFO - Cleaning up stale state...
2025-02-05 14:05:46,525 - INFO - Cleanup complete
2025-02-05 14:05:46,525 - INFO - Starting server...
2025-02-05 14:05:46,638 - INFO - -ycA9UwNvVHdN2e7AAAA: Sending packet OPEN data {'sid': '-ycA9UwNvVHdN2e7AAAA', 'upgrades': ['websocket'], 'pingTimeout': 5000000, 'pingInterval': 25000000, 'maxPayload': 1000000}
2025-02-05 14:05:46,638 - INFO - eTRczEppbWfrjV06AAAB: Sending packet OPEN data {'sid': 'eTRczEppbWfrjV06AAAB', 'upgrades': ['websocket'], 'pingTimeout': 5000000, 'pingInterval': 25000000, 'maxPayload': 1000000}
2025-02-05 14:05:46,645 - INFO - -ycA9UwNvVHdN2e7AAAA: Received packet MESSAGE data 0
2025-02-05 14:05:46,647 - INFO - New connection attempt from SID: 86qsz2pXWra6aMG4AAAC
2025-02-05 14:05:46,647 - INFO - Auth data received: {}
2025-02-05 14:05:46,647 - INFO - Awaiting authentication...
2025-02-05 14:05:46,647 - INFO - -ycA9UwNvVHdN2e7AAAA: Sending packet MESSAGE data 0{"sid":"86qsz2pXWra6aMG4AAAC"}
2025-02-05 14:05:46,649 - INFO - eTRczEppbWfrjV06AAAB: Received packet MESSAGE data 0
2025-02-05 14:05:46,649 - INFO - New connection attempt from SID: Q4mKHk4lyqvpzM88AAAD
2025-02-05 14:05:46,649 - INFO - Auth data received: {}
2025-02-05 14:05:46,649 - INFO - Awaiting authentication...
2025-02-05 14:05:46,649 - INFO - eTRczEppbWfrjV06AAAB: Sending packet MESSAGE data 0{"sid":"Q4mKHk4lyqvpzM88AAAD"}
2025-02-05 14:05:46,876 - INFO - eTRczEppbWfrjV06AAAB: Received packet MESSAGE data 2["authenticate",{"username":"neil","token":"eyJhbGciOiJIUzI1NiIsInR5cCI6IkpXVCJ9.eyJmcmVzaCI6ZmFsc2UsImlhdCI6MTczODc1NzgyNCwianRpIjoiMjJhNmNlOGItZTQwNS00YWZiLTgxM2ItOWIzODMzZWI1ZTUwIiwidHlwZSI6ImFjY2VzcyIsInN1YiI6Im5laWwiLCJuYmYiOjE3Mzg3NTc4MjQsImNzcmYiOiJiMzc2MzFiZi05MDkzLTQyYzgtYWExOS01ODc0MDkwMGQyMWEiLCJleHAiOjE3Mzg3NTg3MjR9.jNki-CkdKje9cllZgYvw-3DHgHhxcBcx1DQTpRcgJrQ"}]
2025-02-05 14:05:46,876 - INFO - received event "authenticate" from Q4mKHk4lyqvpzM88AAAD [/]
2025-02-05 14:05:46,880 - INFO - -ycA9UwNvVHdN2e7AAAA: Received packet MESSAGE data 2["authenticate",{"username":"sam","token":"eyJhbGciOiJIUzI1NiIsInR5cCI6IkpXVCJ9.eyJmcmVzaCI6ZmFsc2UsImlhdCI6MTczODc1Nzg0MCwianRpIjoiOWQ5MzIyMjYtNDZjYS00ZWZkLTk0YTgtYjQ1MjI2YWNkZTgwIiwidHlwZSI6ImFjY2VzcyIsInN1YiI6InNhbSIsIm5iZiI6MTczODc1Nzg0MCwiY3NyZiI6IjkzY2ExYjJmLTFiN2ItNDJkYS04OTRhLTdhNjhhMjlkNGVlNSIsImV4cCI6MTczODc1ODc0MH0.RoQA_AsBCSruDnfY_eZcEHBfzQrbhxpXBWNxYJukvNM"}]
2025-02-05 14:05:46,880 - INFO - received event "authenticate" from 86qsz2pXWra6aMG4AAAC [/]
2025-02-05 14:05:46,880 - INFO - emitting event "queue_status" to 86qsz2pXWra6aMG4AAAC [/]
2025-02-05 14:05:46,880 - INFO - -ycA9UwNvVHdN2e7AAAA: Sending packet MESSAGE data 2["queue_status",{"inQueue":false,"playersInQueue":0,"queue":[]}]
2025-02-05 14:05:46,880 - INFO - Authentication successful for sam
2025-02-05 14:05:46,880 - INFO - emitting event "queue_status" to Q4mKHk4lyqvpzM88AAAD [/]
2025-02-05 14:05:46,880 - INFO - eTRczEppbWfrjV06AAAB: Sending packet MESSAGE data 2["queue_status",{"inQueue":false,"playersInQueue":0,"queue":[]}]
2025-02-05 14:05:46,880 - INFO - Authentication successful for neil
2025-02-05 14:05:46,880 - INFO - eTRczEppbWfrjV06AAAB: Received packet MESSAGE data 2["get-queue-status",{"username":"neil"}]
2025-02-05 14:05:46,880 - INFO - received event "get-queue-status" from Q4mKHk4lyqvpzM88AAAD [/]
2025-02-05 14:05:46,880 - INFO - -ycA9UwNvVHdN2e7AAAA: Received packet MESSAGE data 2["get-queue-status",{"username":"sam"}]
2025-02-05 14:05:46,880 - INFO - received event "get-queue-status" from 86qsz2pXWra6aMG4AAAC [/]
2025-02-05 14:05:46,887 - INFO - emitting event "queue_status" to Q4mKHk4lyqvpzM88AAAD [/]
2025-02-05 14:05:46,887 - INFO - eTRczEppbWfrjV06AAAB: Sending packet MESSAGE data 2["queue_status",{"inQueue":false,"playersInQueue":0,"queue":[]}]
2025-02-05 14:05:46,887 - INFO - emitting event "queue_status" to 86qsz2pXWra6aMG4AAAC [/]
2025-02-05 14:05:46,887 - INFO - -ycA9UwNvVHdN2e7AAAA: Sending packet MESSAGE data 2["queue_status",{"inQueue":false,"playersInQueue":0,"queue":[]}]
2025-02-05 14:05:46,956 - INFO - -ycA9UwNvVHdN2e7AAAA: Received request to upgrade to websocket
2025-02-05 14:05:46,960 - INFO - eTRczEppbWfrjV06AAAB: Received request to upgrade to websocket
2025-02-05 14:05:46,962 - INFO - -ycA9UwNvVHdN2e7AAAA: Upgrade to websocket successful
2025-02-05 14:05:46,962 - INFO - eTRczEppbWfrjV06AAAB: Upgrade to websocket successful
2025-02-05 14:14:54,260 - INFO - Client disconnected: 86qsz2pXWra6aMG4AAAC (Reason: transport close)
2025-02-05 14:14:54,260 - INFO - User sam disconnected
2025-02-05 14:15:26,945 - INFO - Starting Flask application
2025-02-05 14:15:26,945 - INFO - Configuring CORS
2025-02-05 14:15:26,950 - INFO - CORS configured
2025-02-05 14:15:26,950 - INFO - Initializing SocketIO
2025-02-05 14:15:26,950 - INFO - Server initialized for eventlet.
2025-02-05 14:15:26,950 - INFO - SocketIO initialized
2025-02-05 14:15:26,959 - INFO - Cleaning up stale state...
2025-02-05 14:15:26,959 - INFO - Cleanup complete
2025-02-05 14:15:26,959 - INFO - Starting server...
2025-02-05 14:15:29,596 - INFO - JBzc8EH7myUuCjIvAAAA: Sending packet OPEN data {'sid': 'JBzc8EH7myUuCjIvAAAA', 'upgrades': ['websocket'], 'pingTimeout': 5000000, 'pingInterval': 25000000, 'maxPayload': 1000000}
2025-02-05 14:15:29,596 - INFO - JBzc8EH7myUuCjIvAAAA: Received packet MESSAGE data 0
2025-02-05 14:15:29,602 - INFO - New connection attempt from SID: 2aIpAdtpO0H0Vk40AAAB
2025-02-05 14:15:29,602 - INFO - Auth data received: {}
2025-02-05 14:15:29,602 - INFO - Awaiting authentication...
2025-02-05 14:15:29,602 - INFO - JBzc8EH7myUuCjIvAAAA: Sending packet MESSAGE data 0{"sid":"2aIpAdtpO0H0Vk40AAAB"}
2025-02-05 14:15:29,849 - INFO - JBzc8EH7myUuCjIvAAAA: Received packet MESSAGE data 2["authenticate",{"username":"neil","token":"eyJhbGciOiJIUzI1NiIsInR5cCI6IkpXVCJ9.eyJmcmVzaCI6ZmFsc2UsImlhdCI6MTczODc1NzgyNCwianRpIjoiMjJhNmNlOGItZTQwNS00YWZiLTgxM2ItOWIzODMzZWI1ZTUwIiwidHlwZSI6ImFjY2VzcyIsInN1YiI6Im5laWwiLCJuYmYiOjE3Mzg3NTc4MjQsImNzcmYiOiJiMzc2MzFiZi05MDkzLTQyYzgtYWExOS01ODc0MDkwMGQyMWEiLCJleHAiOjE3Mzg3NTg3MjR9.jNki-CkdKje9cllZgYvw-3DHgHhxcBcx1DQTpRcgJrQ"}]
2025-02-05 14:15:29,849 - INFO - received event "authenticate" from 2aIpAdtpO0H0Vk40AAAB [/]
2025-02-05 14:15:29,849 - INFO - Authentication attempt for neil, 2aIpAdtpO0H0Vk40AAAB
2025-02-05 14:15:29,849 - INFO - emitting event "queue_status" to 2aIpAdtpO0H0Vk40AAAB [/]
2025-02-05 14:15:29,853 - INFO - JBzc8EH7myUuCjIvAAAA: Sending packet MESSAGE data 2["queue_status",{"inQueue":false,"playersInQueue":0,"queue":[]}]
2025-02-05 14:15:29,853 - INFO - Authentication successful for neil
2025-02-05 14:15:29,853 - INFO - JBzc8EH7myUuCjIvAAAA: Received packet MESSAGE data 2["get-queue-status",{"username":"neil"}]
2025-02-05 14:15:29,853 - INFO - received event "get-queue-status" from 2aIpAdtpO0H0Vk40AAAB [/]
2025-02-05 14:15:29,853 - INFO - emitting event "queue_status" to 2aIpAdtpO0H0Vk40AAAB [/]
2025-02-05 14:15:29,853 - INFO - JBzc8EH7myUuCjIvAAAA: Sending packet MESSAGE data 2["queue_status",{"inQueue":false,"playersInQueue":0,"queue":[]}]
2025-02-05 14:15:29,912 - INFO - JBzc8EH7myUuCjIvAAAA: Received request to upgrade to websocket
2025-02-05 14:15:29,912 - INFO - JBzc8EH7myUuCjIvAAAA: Upgrade to websocket successful
2025-02-05 14:16:03,222 - INFO - Client disconnected: 2aIpAdtpO0H0Vk40AAAB (Reason: transport close)
2025-02-05 14:16:03,222 - INFO - User neil disconnected
2025-02-05 14:26:58,066 - INFO - pcG1n1Y1nUoaxXniAAAC: Sending packet OPEN data {'sid': 'pcG1n1Y1nUoaxXniAAAC', 'upgrades': ['websocket'], 'pingTimeout': 5000000, 'pingInterval': 25000000, 'maxPayload': 1000000}
2025-02-05 14:26:58,072 - INFO - pcG1n1Y1nUoaxXniAAAC: Received packet MESSAGE data 0
2025-02-05 14:26:58,072 - INFO - New connection attempt from SID: Tyjczdc50xjk_WRNAAAD
2025-02-05 14:26:58,072 - INFO - Auth data received: {}
2025-02-05 14:26:58,072 - INFO - Awaiting authentication...
2025-02-05 14:26:58,072 - INFO - pcG1n1Y1nUoaxXniAAAC: Sending packet MESSAGE data 0{"sid":"Tyjczdc50xjk_WRNAAAD"}
2025-02-05 14:26:58,276 - INFO - vqsQ43ig01Mp_1kZAAAE: Sending packet OPEN data {'sid': 'vqsQ43ig01Mp_1kZAAAE', 'upgrades': ['websocket'], 'pingTimeout': 5000000, 'pingInterval': 25000000, 'maxPayload': 1000000}
2025-02-05 14:26:58,289 - INFO - vqsQ43ig01Mp_1kZAAAE: Received packet MESSAGE data 0
2025-02-05 14:26:58,291 - INFO - New connection attempt from SID: pa_424l1XvubfESVAAAF
2025-02-05 14:26:58,291 - INFO - Auth data received: {}
2025-02-05 14:26:58,291 - INFO - Awaiting authentication...
2025-02-05 14:26:58,291 - INFO - vqsQ43ig01Mp_1kZAAAE: Sending packet MESSAGE data 0{"sid":"pa_424l1XvubfESVAAAF"}
2025-02-05 14:26:58,337 - INFO - pcG1n1Y1nUoaxXniAAAC: Received packet MESSAGE data 2["get-queue-status",{"username":"neil"}]
2025-02-05 14:26:58,337 - INFO - received event "get-queue-status" from Tyjczdc50xjk_WRNAAAD [/]
2025-02-05 14:26:58,339 - INFO - emitting event "queue_status" to Tyjczdc50xjk_WRNAAAD [/]
2025-02-05 14:26:58,339 - INFO - pcG1n1Y1nUoaxXniAAAC: Sending packet MESSAGE data 2["queue_status",{"inQueue":false,"playersInQueue":0,"queue":[]}]
2025-02-05 14:26:58,339 - INFO - pcG1n1Y1nUoaxXniAAAC: Received packet MESSAGE data 2["get-queue-status",{"username":"neil"}]
2025-02-05 14:26:58,344 - INFO - received event "get-queue-status" from Tyjczdc50xjk_WRNAAAD [/]
2025-02-05 14:26:58,344 - INFO - pcG1n1Y1nUoaxXniAAAC: Received packet MESSAGE data 2["authenticate",{"username":"neil","token":"eyJhbGciOiJIUzI1NiIsInR5cCI6IkpXVCJ9.eyJmcmVzaCI6ZmFsc2UsImlhdCI6MTczODc1NzgyNCwianRpIjoiMjJhNmNlOGItZTQwNS00YWZiLTgxM2ItOWIzODMzZWI1ZTUwIiwidHlwZSI6ImFjY2VzcyIsInN1YiI6Im5laWwiLCJuYmYiOjE3Mzg3NTc4MjQsImNzcmYiOiJiMzc2MzFiZi05MDkzLTQyYzgtYWExOS01ODc0MDkwMGQyMWEiLCJleHAiOjE3Mzg3NTg3MjR9.jNki-CkdKje9cllZgYvw-3DHgHhxcBcx1DQTpRcgJrQ"}]
2025-02-05 14:26:58,344 - INFO - received event "authenticate" from Tyjczdc50xjk_WRNAAAD [/]
2025-02-05 14:26:58,344 - INFO - pcG1n1Y1nUoaxXniAAAC: Received packet MESSAGE data 2["get-queue-status",{"username":"neil"}]
2025-02-05 14:26:58,344 - INFO - received event "get-queue-status" from Tyjczdc50xjk_WRNAAAD [/]
2025-02-05 14:26:58,344 - INFO - emitting event "queue_status" to Tyjczdc50xjk_WRNAAAD [/]
2025-02-05 14:26:58,344 - INFO - pcG1n1Y1nUoaxXniAAAC: Sending packet MESSAGE data 2["queue_status",{"inQueue":false,"playersInQueue":0,"queue":[]}]
2025-02-05 14:26:58,344 - INFO - Authentication attempt for neil, Tyjczdc50xjk_WRNAAAD
2025-02-05 14:26:58,344 - INFO - emitting event "queue_status" to Tyjczdc50xjk_WRNAAAD [/]
2025-02-05 14:26:58,344 - INFO - pcG1n1Y1nUoaxXniAAAC: Sending packet MESSAGE data 2["queue_status",{"inQueue":false,"playersInQueue":0,"queue":[]}]
2025-02-05 14:26:58,344 - INFO - Authentication successful for neil
2025-02-05 14:26:58,344 - INFO - emitting event "queue_status" to Tyjczdc50xjk_WRNAAAD [/]
2025-02-05 14:26:58,344 - INFO - pcG1n1Y1nUoaxXniAAAC: Sending packet MESSAGE data 2["queue_status",{"inQueue":false,"playersInQueue":0,"queue":[]}]
2025-02-05 14:26:58,392 - INFO - pcG1n1Y1nUoaxXniAAAC: Received request to upgrade to websocket
2025-02-05 14:26:58,402 - INFO - pcG1n1Y1nUoaxXniAAAC: Upgrade to websocket successful
2025-02-05 14:26:58,542 - INFO - vqsQ43ig01Mp_1kZAAAE: Received packet MESSAGE data 2["get-queue-status",{"username":"sam"}]
2025-02-05 14:26:58,543 - INFO - received event "get-queue-status" from pa_424l1XvubfESVAAAF [/]
2025-02-05 14:26:58,544 - INFO - emitting event "queue_status" to pa_424l1XvubfESVAAAF [/]
2025-02-05 14:26:58,545 - INFO - vqsQ43ig01Mp_1kZAAAE: Sending packet MESSAGE data 2["queue_status",{"inQueue":false,"playersInQueue":0,"queue":[]}]
2025-02-05 14:26:58,547 - INFO - vqsQ43ig01Mp_1kZAAAE: Received packet MESSAGE data 2["get-queue-status",{"username":"sam"}]
2025-02-05 14:26:58,547 - INFO - received event "get-queue-status" from pa_424l1XvubfESVAAAF [/]
2025-02-05 14:26:58,547 - INFO - vqsQ43ig01Mp_1kZAAAE: Received packet MESSAGE data 2["authenticate",{"username":"sam","token":"eyJhbGciOiJIUzI1NiIsInR5cCI6IkpXVCJ9.eyJmcmVzaCI6ZmFsc2UsImlhdCI6MTczODc1Nzg0MCwianRpIjoiOWQ5MzIyMjYtNDZjYS00ZWZkLTk0YTgtYjQ1MjI2YWNkZTgwIiwidHlwZSI6ImFjY2VzcyIsInN1YiI6InNhbSIsIm5iZiI6MTczODc1Nzg0MCwiY3NyZiI6IjkzY2ExYjJmLTFiN2ItNDJkYS04OTRhLTdhNjhhMjlkNGVlNSIsImV4cCI6MTczODc1ODc0MH0.RoQA_AsBCSruDnfY_eZcEHBfzQrbhxpXBWNxYJukvNM"}]
2025-02-05 14:26:58,551 - INFO - received event "authenticate" from pa_424l1XvubfESVAAAF [/]
2025-02-05 14:26:58,551 - INFO - vqsQ43ig01Mp_1kZAAAE: Received packet MESSAGE data 2["get-queue-status",{"username":"sam"}]
2025-02-05 14:26:58,551 - INFO - received event "get-queue-status" from pa_424l1XvubfESVAAAF [/]
2025-02-05 14:26:58,553 - INFO - emitting event "queue_status" to pa_424l1XvubfESVAAAF [/]
2025-02-05 14:26:58,554 - INFO - vqsQ43ig01Mp_1kZAAAE: Sending packet MESSAGE data 2["queue_status",{"inQueue":false,"playersInQueue":0,"queue":[]}]
2025-02-05 14:26:58,554 - INFO - Authentication attempt for sam, pa_424l1XvubfESVAAAF
2025-02-05 14:26:58,555 - INFO - emitting event "queue_status" to pa_424l1XvubfESVAAAF [/]
2025-02-05 14:26:58,556 - INFO - vqsQ43ig01Mp_1kZAAAE: Sending packet MESSAGE data 2["queue_status",{"inQueue":false,"playersInQueue":0,"queue":[]}]
2025-02-05 14:26:58,556 - INFO - Authentication successful for sam
2025-02-05 14:26:58,556 - INFO - emitting event "queue_status" to pa_424l1XvubfESVAAAF [/]
2025-02-05 14:26:58,557 - INFO - vqsQ43ig01Mp_1kZAAAE: Sending packet MESSAGE data 2["queue_status",{"inQueue":false,"playersInQueue":0,"queue":[]}]
2025-02-05 14:26:58,597 - INFO - vqsQ43ig01Mp_1kZAAAE: Received request to upgrade to websocket
2025-02-05 14:26:58,603 - INFO - vqsQ43ig01Mp_1kZAAAE: Upgrade to websocket successful
2025-02-05 14:27:00,018 - INFO - pcG1n1Y1nUoaxXniAAAC: Received packet MESSAGE data 2["join-queue",{"username":"neil"}]
2025-02-05 14:27:00,019 - INFO - received event "join-queue" from Tyjczdc50xjk_WRNAAAD [/]
2025-02-05 14:27:04,217 - INFO - Client disconnected: Tyjczdc50xjk_WRNAAAD (Reason: transport close)
2025-02-05 14:27:04,217 - INFO - User neil disconnected
2025-02-05 14:27:04,638 - INFO - quY_zxiKBwYwqsivAAAG: Sending packet OPEN data {'sid': 'quY_zxiKBwYwqsivAAAG', 'upgrades': ['websocket'], 'pingTimeout': 5000000, 'pingInterval': 25000000, 'maxPayload': 1000000}
2025-02-05 14:27:04,646 - INFO - quY_zxiKBwYwqsivAAAG: Received packet MESSAGE data 0
2025-02-05 14:27:04,648 - INFO - New connection attempt from SID: xCsmaV-HquXBpLRxAAAH
2025-02-05 14:27:04,648 - INFO - Auth data received: {}
2025-02-05 14:27:04,648 - INFO - Awaiting authentication...
2025-02-05 14:27:04,648 - INFO - quY_zxiKBwYwqsivAAAG: Sending packet MESSAGE data 0{"sid":"xCsmaV-HquXBpLRxAAAH"}
2025-02-05 14:27:04,893 - INFO - quY_zxiKBwYwqsivAAAG: Received packet MESSAGE data 2["get-queue-status",{"username":"neil"}]
2025-02-05 14:27:04,893 - INFO - received event "get-queue-status" from xCsmaV-HquXBpLRxAAAH [/]
2025-02-05 14:27:04,899 - INFO - quY_zxiKBwYwqsivAAAG: Received packet MESSAGE data 2["get-queue-status",{"username":"neil"}]
2025-02-05 14:27:04,899 - INFO - received event "get-queue-status" from xCsmaV-HquXBpLRxAAAH [/]
2025-02-05 14:27:04,900 - INFO - quY_zxiKBwYwqsivAAAG: Received packet MESSAGE data 2["authenticate",{"username":"neil","token":"eyJhbGciOiJIUzI1NiIsInR5cCI6IkpXVCJ9.eyJmcmVzaCI6ZmFsc2UsImlhdCI6MTczODc1NzgyNCwianRpIjoiMjJhNmNlOGItZTQwNS00YWZiLTgxM2ItOWIzODMzZWI1ZTUwIiwidHlwZSI6ImFjY2VzcyIsInN1YiI6Im5laWwiLCJuYmYiOjE3Mzg3NTc4MjQsImNzcmYiOiJiMzc2MzFiZi05MDkzLTQyYzgtYWExOS01ODc0MDkwMGQyMWEiLCJleHAiOjE3Mzg3NTg3MjR9.jNki-CkdKje9cllZgYvw-3DHgHhxcBcx1DQTpRcgJrQ"}]
2025-02-05 14:27:04,900 - INFO - received event "authenticate" from xCsmaV-HquXBpLRxAAAH [/]
2025-02-05 14:27:04,900 - INFO - quY_zxiKBwYwqsivAAAG: Received packet MESSAGE data 2["get-queue-status",{"username":"neil"}]
2025-02-05 14:27:04,900 - INFO - received event "get-queue-status" from xCsmaV-HquXBpLRxAAAH [/]
2025-02-05 14:27:04,901 - INFO - Authentication attempt for neil, xCsmaV-HquXBpLRxAAAH
2025-02-05 14:27:04,901 - INFO - emitting event "queue_status" to xCsmaV-HquXBpLRxAAAH [/]
2025-02-05 14:27:04,901 - INFO - quY_zxiKBwYwqsivAAAG: Sending packet MESSAGE data 2["queue_status",{"inQueue":true,"playersInQueue":1,"queue":["neil"]}]
2025-02-05 14:27:04,902 - INFO - Authentication successful for neil
2025-02-05 14:27:04,961 - INFO - quY_zxiKBwYwqsivAAAG: Received request to upgrade to websocket
2025-02-05 14:27:04,965 - INFO - quY_zxiKBwYwqsivAAAG: Upgrade to websocket successful
2025-02-05 14:27:09,986 - INFO - Client disconnected: pa_424l1XvubfESVAAAF (Reason: transport close)
2025-02-05 14:27:09,986 - INFO - User sam disconnected
2025-02-05 14:27:10,360 - INFO - nY0VufDg0fdKTyPnAAAI: Sending packet OPEN data {'sid': 'nY0VufDg0fdKTyPnAAAI', 'upgrades': ['websocket'], 'pingTimeout': 5000000, 'pingInterval': 25000000, 'maxPayload': 1000000}
2025-02-05 14:27:10,362 - INFO - nY0VufDg0fdKTyPnAAAI: Received packet MESSAGE data 0
2025-02-05 14:27:10,366 - INFO - New connection attempt from SID: SXVUKrfsyWHbEjVgAAAJ
2025-02-05 14:27:10,366 - INFO - Auth data received: {}
2025-02-05 14:27:10,366 - INFO - Awaiting authentication...
2025-02-05 14:27:10,366 - INFO - nY0VufDg0fdKTyPnAAAI: Sending packet MESSAGE data 0{"sid":"SXVUKrfsyWHbEjVgAAAJ"}
2025-02-05 14:27:10,612 - INFO - nY0VufDg0fdKTyPnAAAI: Received packet MESSAGE data 2["get-queue-status",{"username":"sam"}]
2025-02-05 14:27:10,615 - INFO - received event "get-queue-status" from SXVUKrfsyWHbEjVgAAAJ [/]
2025-02-05 14:27:10,615 - INFO - nY0VufDg0fdKTyPnAAAI: Received packet MESSAGE data 2["get-queue-status",{"username":"sam"}]
2025-02-05 14:27:10,615 - INFO - received event "get-queue-status" from SXVUKrfsyWHbEjVgAAAJ [/]
2025-02-05 14:27:10,615 - INFO - nY0VufDg0fdKTyPnAAAI: Received packet MESSAGE data 2["authenticate",{"username":"sam","token":"eyJhbGciOiJIUzI1NiIsInR5cCI6IkpXVCJ9.eyJmcmVzaCI6ZmFsc2UsImlhdCI6MTczODc1Nzg0MCwianRpIjoiOWQ5MzIyMjYtNDZjYS00ZWZkLTk0YTgtYjQ1MjI2YWNkZTgwIiwidHlwZSI6ImFjY2VzcyIsInN1YiI6InNhbSIsIm5iZiI6MTczODc1Nzg0MCwiY3NyZiI6IjkzY2ExYjJmLTFiN2ItNDJkYS04OTRhLTdhNjhhMjlkNGVlNSIsImV4cCI6MTczODc1ODc0MH0.RoQA_AsBCSruDnfY_eZcEHBfzQrbhxpXBWNxYJukvNM"}]
2025-02-05 14:27:10,615 - INFO - received event "authenticate" from SXVUKrfsyWHbEjVgAAAJ [/]
2025-02-05 14:27:10,615 - INFO - nY0VufDg0fdKTyPnAAAI: Received packet MESSAGE data 2["get-queue-status",{"username":"sam"}]
2025-02-05 14:27:10,615 - INFO - received event "get-queue-status" from SXVUKrfsyWHbEjVgAAAJ [/]
2025-02-05 14:27:10,615 - INFO - Authentication attempt for sam, SXVUKrfsyWHbEjVgAAAJ
2025-02-05 14:27:10,615 - INFO - emitting event "queue_status" to SXVUKrfsyWHbEjVgAAAJ [/]
2025-02-05 14:27:10,615 - INFO - nY0VufDg0fdKTyPnAAAI: Sending packet MESSAGE data 2["queue_status",{"inQueue":false,"playersInQueue":1,"queue":["neil"]}]
2025-02-05 14:27:10,615 - INFO - Authentication successful for sam
2025-02-05 14:27:10,669 - INFO - nY0VufDg0fdKTyPnAAAI: Received request to upgrade to websocket
2025-02-05 14:27:10,673 - INFO - nY0VufDg0fdKTyPnAAAI: Upgrade to websocket successful
2025-02-05 14:27:11,439 - INFO - nY0VufDg0fdKTyPnAAAI: Received packet MESSAGE data 2["join-queue",{"username":"sam"}]
2025-02-05 14:27:11,439 - INFO - received event "join-queue" from SXVUKrfsyWHbEjVgAAAJ [/]
2025-02-05 14:27:12,540 - INFO - Client disconnected: SXVUKrfsyWHbEjVgAAAJ (Reason: transport close)
2025-02-05 14:27:12,540 - INFO - User sam disconnected
2025-02-05 14:27:12,885 - INFO - W3i-o0VClF3Ba3idAAAK: Sending packet OPEN data {'sid': 'W3i-o0VClF3Ba3idAAAK', 'upgrades': ['websocket'], 'pingTimeout': 5000000, 'pingInterval': 25000000, 'maxPayload': 1000000}
2025-02-05 14:27:12,885 - INFO - W3i-o0VClF3Ba3idAAAK: Received packet MESSAGE data 0
2025-02-05 14:27:12,885 - INFO - New connection attempt from SID: 7M9MDpc4ZMzpovB_AAAL
2025-02-05 14:27:12,885 - INFO - Auth data received: {}
2025-02-05 14:27:12,885 - INFO - Awaiting authentication...
2025-02-05 14:27:12,892 - INFO - W3i-o0VClF3Ba3idAAAK: Sending packet MESSAGE data 0{"sid":"7M9MDpc4ZMzpovB_AAAL"}
2025-02-05 14:27:13,150 - INFO - W3i-o0VClF3Ba3idAAAK: Received packet MESSAGE data 2["get-queue-status",{"username":"sam"}]
2025-02-05 14:27:13,150 - INFO - received event "get-queue-status" from 7M9MDpc4ZMzpovB_AAAL [/]
2025-02-05 14:27:13,154 - INFO - W3i-o0VClF3Ba3idAAAK: Received packet MESSAGE data 2["get-queue-status",{"username":"sam"}]
2025-02-05 14:27:13,154 - INFO - received event "get-queue-status" from 7M9MDpc4ZMzpovB_AAAL [/]
2025-02-05 14:27:13,154 - INFO - W3i-o0VClF3Ba3idAAAK: Received packet MESSAGE data 2["authenticate",{"username":"sam","token":"eyJhbGciOiJIUzI1NiIsInR5cCI6IkpXVCJ9.eyJmcmVzaCI6ZmFsc2UsImlhdCI6MTczODc1Nzg0MCwianRpIjoiOWQ5MzIyMjYtNDZjYS00ZWZkLTk0YTgtYjQ1MjI2YWNkZTgwIiwidHlwZSI6ImFjY2VzcyIsInN1YiI6InNhbSIsIm5iZiI6MTczODc1Nzg0MCwiY3NyZiI6IjkzY2ExYjJmLTFiN2ItNDJkYS04OTRhLTdhNjhhMjlkNGVlNSIsImV4cCI6MTczODc1ODc0MH0.RoQA_AsBCSruDnfY_eZcEHBfzQrbhxpXBWNxYJukvNM"}]
2025-02-05 14:27:13,154 - INFO - received event "authenticate" from 7M9MDpc4ZMzpovB_AAAL [/]
2025-02-05 14:27:13,154 - INFO - W3i-o0VClF3Ba3idAAAK: Received packet MESSAGE data 2["get-queue-status",{"username":"sam"}]
2025-02-05 14:27:13,154 - INFO - received event "get-queue-status" from 7M9MDpc4ZMzpovB_AAAL [/]
2025-02-05 14:27:13,154 - INFO - Authentication attempt for sam, 7M9MDpc4ZMzpovB_AAAL
2025-02-05 14:27:13,154 - INFO - emitting event "queue_status" to 7M9MDpc4ZMzpovB_AAAL [/]
2025-02-05 14:27:13,154 - INFO - W3i-o0VClF3Ba3idAAAK: Sending packet MESSAGE data 2["queue_status",{"inQueue":false,"playersInQueue":1,"queue":["neil"]}]
2025-02-05 14:27:13,154 - INFO - Authentication successful for sam
2025-02-05 14:27:13,201 - INFO - W3i-o0VClF3Ba3idAAAK: Received request to upgrade to websocket
2025-02-05 14:27:13,205 - INFO - W3i-o0VClF3Ba3idAAAK: Upgrade to websocket successful
2025-02-05 14:27:14,659 - INFO - Client disconnected: xCsmaV-HquXBpLRxAAAH (Reason: transport close)
2025-02-05 14:27:14,659 - INFO - User neil disconnected
2025-02-05 14:27:15,037 - INFO - C21La_K2joSDkvbeAAAM: Sending packet OPEN data {'sid': 'C21La_K2joSDkvbeAAAM', 'upgrades': ['websocket'], 'pingTimeout': 5000000, 'pingInterval': 25000000, 'maxPayload': 1000000}
2025-02-05 14:27:15,046 - INFO - C21La_K2joSDkvbeAAAM: Received packet MESSAGE data 0
2025-02-05 14:27:15,046 - INFO - New connection attempt from SID: 28dC5JtI7O-T3pe-AAAN
2025-02-05 14:27:15,046 - INFO - Auth data received: {}
2025-02-05 14:27:15,046 - INFO - Awaiting authentication...
2025-02-05 14:27:15,046 - INFO - C21La_K2joSDkvbeAAAM: Sending packet MESSAGE data 0{"sid":"28dC5JtI7O-T3pe-AAAN"}
2025-02-05 14:27:15,301 - INFO - C21La_K2joSDkvbeAAAM: Received packet MESSAGE data 2["get-queue-status",{"username":"neil"}]
2025-02-05 14:27:15,302 - INFO - received event "get-queue-status" from 28dC5JtI7O-T3pe-AAAN [/]
2025-02-05 14:27:15,304 - INFO - C21La_K2joSDkvbeAAAM: Received packet MESSAGE data 2["get-queue-status",{"username":"neil"}]
2025-02-05 14:27:15,306 - INFO - received event "get-queue-status" from 28dC5JtI7O-T3pe-AAAN [/]
2025-02-05 14:27:15,306 - INFO - C21La_K2joSDkvbeAAAM: Received packet MESSAGE data 2["authenticate",{"username":"neil","token":"eyJhbGciOiJIUzI1NiIsInR5cCI6IkpXVCJ9.eyJmcmVzaCI6ZmFsc2UsImlhdCI6MTczODc1NzgyNCwianRpIjoiMjJhNmNlOGItZTQwNS00YWZiLTgxM2ItOWIzODMzZWI1ZTUwIiwidHlwZSI6ImFjY2VzcyIsInN1YiI6Im5laWwiLCJuYmYiOjE3Mzg3NTc4MjQsImNzcmYiOiJiMzc2MzFiZi05MDkzLTQyYzgtYWExOS01ODc0MDkwMGQyMWEiLCJleHAiOjE3Mzg3NTg3MjR9.jNki-CkdKje9cllZgYvw-3DHgHhxcBcx1DQTpRcgJrQ"}]
2025-02-05 14:27:15,306 - INFO - received event "authenticate" from 28dC5JtI7O-T3pe-AAAN [/]
2025-02-05 14:27:15,306 - INFO - C21La_K2joSDkvbeAAAM: Received packet MESSAGE data 2["get-queue-status",{"username":"neil"}]
2025-02-05 14:27:15,306 - INFO - received event "get-queue-status" from 28dC5JtI7O-T3pe-AAAN [/]
2025-02-05 14:27:15,308 - INFO - Authentication attempt for neil, 28dC5JtI7O-T3pe-AAAN
2025-02-05 14:27:15,308 - INFO - emitting event "queue_status" to 28dC5JtI7O-T3pe-AAAN [/]
2025-02-05 14:27:15,308 - INFO - C21La_K2joSDkvbeAAAM: Sending packet MESSAGE data 2["queue_status",{"inQueue":true,"playersInQueue":1,"queue":["neil"]}]
2025-02-05 14:27:15,308 - INFO - Authentication successful for neil
2025-02-05 14:27:15,353 - INFO - C21La_K2joSDkvbeAAAM: Received request to upgrade to websocket
2025-02-05 14:27:15,357 - INFO - C21La_K2joSDkvbeAAAM: Upgrade to websocket successful
2025-02-05 14:27:16,860 - INFO - Client disconnected: 7M9MDpc4ZMzpovB_AAAL (Reason: transport close)
2025-02-05 14:27:16,863 - INFO - User sam disconnected
2025-02-05 14:27:16,890 - INFO - nY7oGGrBMNcEePUKAAAO: Sending packet OPEN data {'sid': 'nY7oGGrBMNcEePUKAAAO', 'upgrades': ['websocket'], 'pingTimeout': 5000000, 'pingInterval': 25000000, 'maxPayload': 1000000}
2025-02-05 14:27:16,895 - INFO - nY7oGGrBMNcEePUKAAAO: Received packet MESSAGE data 0
2025-02-05 14:27:16,896 - INFO - New connection attempt from SID: W4-ojPlcbrprioXpAAAP
2025-02-05 14:27:16,896 - INFO - Auth data received: {}
2025-02-05 14:27:16,896 - INFO - Awaiting authentication...
2025-02-05 14:27:16,896 - INFO - nY7oGGrBMNcEePUKAAAO: Sending packet MESSAGE data 0{"sid":"W4-ojPlcbrprioXpAAAP"}
2025-02-05 14:27:16,901 - INFO - nY7oGGrBMNcEePUKAAAO: Received packet MESSAGE data 2["get-queue-status",{"username":"sam"}]
2025-02-05 14:27:16,901 - INFO - received event "get-queue-status" from W4-ojPlcbrprioXpAAAP [/]
2025-02-05 14:27:16,905 - INFO - nY7oGGrBMNcEePUKAAAO: Received packet MESSAGE data 2["get-queue-status",{"username":"sam"}]
2025-02-05 14:27:16,905 - INFO - received event "get-queue-status" from W4-ojPlcbrprioXpAAAP [/]
2025-02-05 14:27:16,905 - INFO - nY7oGGrBMNcEePUKAAAO: Received packet MESSAGE data 2["authenticate",{"username":"sam","token":"eyJhbGciOiJIUzI1NiIsInR5cCI6IkpXVCJ9.eyJmcmVzaCI6ZmFsc2UsImlhdCI6MTczODc1Nzg0MCwianRpIjoiOWQ5MzIyMjYtNDZjYS00ZWZkLTk0YTgtYjQ1MjI2YWNkZTgwIiwidHlwZSI6ImFjY2VzcyIsInN1YiI6InNhbSIsIm5iZiI6MTczODc1Nzg0MCwiY3NyZiI6IjkzY2ExYjJmLTFiN2ItNDJkYS04OTRhLTdhNjhhMjlkNGVlNSIsImV4cCI6MTczODc1ODc0MH0.RoQA_AsBCSruDnfY_eZcEHBfzQrbhxpXBWNxYJukvNM"}]
2025-02-05 14:27:16,906 - INFO - received event "authenticate" from W4-ojPlcbrprioXpAAAP [/]
2025-02-05 14:27:16,906 - INFO - nY7oGGrBMNcEePUKAAAO: Received packet MESSAGE data 2["get-queue-status",{"username":"sam"}]
2025-02-05 14:27:16,906 - INFO - received event "get-queue-status" from W4-ojPlcbrprioXpAAAP [/]
2025-02-05 14:27:16,911 - INFO - Authentication attempt for sam, W4-ojPlcbrprioXpAAAP
2025-02-05 14:27:16,911 - INFO - emitting event "queue_status" to W4-ojPlcbrprioXpAAAP [/]
2025-02-05 14:27:16,911 - INFO - nY7oGGrBMNcEePUKAAAO: Sending packet MESSAGE data 2["queue_status",{"inQueue":false,"playersInQueue":1,"queue":["neil"]}]
2025-02-05 14:27:16,911 - INFO - Authentication successful for sam
2025-02-05 14:27:17,201 - INFO - nY7oGGrBMNcEePUKAAAO: Received request to upgrade to websocket
2025-02-05 14:27:17,205 - INFO - nY7oGGrBMNcEePUKAAAO: Upgrade to websocket successful
2025-02-05 14:27:19,130 - INFO - nY7oGGrBMNcEePUKAAAO: Received packet MESSAGE data 2["join-queue",{"username":"sam"}]
2025-02-05 14:27:19,130 - INFO - received event "join-queue" from W4-ojPlcbrprioXpAAAP [/]
2025-02-05 14:27:20,782 - INFO - Client disconnected: W4-ojPlcbrprioXpAAAP (Reason: transport close)
2025-02-05 14:27:20,782 - INFO - User sam disconnected
2025-02-05 14:27:20,811 - INFO - 90bcdAGDhJMk1PIGAAAQ: Sending packet OPEN data {'sid': '90bcdAGDhJMk1PIGAAAQ', 'upgrades': ['websocket'], 'pingTimeout': 5000000, 'pingInterval': 25000000, 'maxPayload': 1000000}
2025-02-05 14:27:20,818 - INFO - 90bcdAGDhJMk1PIGAAAQ: Received packet MESSAGE data 0
2025-02-05 14:27:20,819 - INFO - New connection attempt from SID: EQ0fY613jyBb1bhRAAAR
2025-02-05 14:27:20,819 - INFO - Auth data received: {}
2025-02-05 14:27:20,819 - INFO - Awaiting authentication...
2025-02-05 14:27:20,819 - INFO - 90bcdAGDhJMk1PIGAAAQ: Sending packet MESSAGE data 0{"sid":"EQ0fY613jyBb1bhRAAAR"}
2025-02-05 14:27:20,821 - INFO - 90bcdAGDhJMk1PIGAAAQ: Received packet MESSAGE data 2["get-queue-status",{"username":"sam"}]
2025-02-05 14:27:20,821 - INFO - received event "get-queue-status" from EQ0fY613jyBb1bhRAAAR [/]
2025-02-05 14:27:20,826 - INFO - 90bcdAGDhJMk1PIGAAAQ: Received packet MESSAGE data 2["get-queue-status",{"username":"sam"}]
2025-02-05 14:27:20,826 - INFO - received event "get-queue-status" from EQ0fY613jyBb1bhRAAAR [/]
2025-02-05 14:27:20,826 - INFO - 90bcdAGDhJMk1PIGAAAQ: Received packet MESSAGE data 2["authenticate",{"username":"sam","token":"eyJhbGciOiJIUzI1NiIsInR5cCI6IkpXVCJ9.eyJmcmVzaCI6ZmFsc2UsImlhdCI6MTczODc1Nzg0MCwianRpIjoiOWQ5MzIyMjYtNDZjYS00ZWZkLTk0YTgtYjQ1MjI2YWNkZTgwIiwidHlwZSI6ImFjY2VzcyIsInN1YiI6InNhbSIsIm5iZiI6MTczODc1Nzg0MCwiY3NyZiI6IjkzY2ExYjJmLTFiN2ItNDJkYS04OTRhLTdhNjhhMjlkNGVlNSIsImV4cCI6MTczODc1ODc0MH0.RoQA_AsBCSruDnfY_eZcEHBfzQrbhxpXBWNxYJukvNM"}]
2025-02-05 14:27:20,826 - INFO - received event "authenticate" from EQ0fY613jyBb1bhRAAAR [/]
2025-02-05 14:27:20,827 - INFO - 90bcdAGDhJMk1PIGAAAQ: Received packet MESSAGE data 2["get-queue-status",{"username":"sam"}]
2025-02-05 14:27:20,827 - INFO - received event "get-queue-status" from EQ0fY613jyBb1bhRAAAR [/]
2025-02-05 14:27:20,827 - INFO - Authentication attempt for sam, EQ0fY613jyBb1bhRAAAR
2025-02-05 14:27:20,827 - INFO - emitting event "queue_status" to EQ0fY613jyBb1bhRAAAR [/]
2025-02-05 14:27:20,827 - INFO - 90bcdAGDhJMk1PIGAAAQ: Sending packet MESSAGE data 2["queue_status",{"inQueue":false,"playersInQueue":1,"queue":["neil"]}]
2025-02-05 14:27:20,827 - INFO - Authentication successful for sam
2025-02-05 14:27:21,133 - INFO - 90bcdAGDhJMk1PIGAAAQ: Received request to upgrade to websocket
2025-02-05 14:27:21,133 - INFO - 90bcdAGDhJMk1PIGAAAQ: Upgrade to websocket successful
2025-02-05 14:27:22,999 - INFO - Client disconnected: 28dC5JtI7O-T3pe-AAAN (Reason: transport close)
2025-02-05 14:27:23,000 - INFO - User neil disconnected
2025-02-05 14:27:23,356 - INFO - bLoIkuZ0X5bUmvJ4AAAS: Sending packet OPEN data {'sid': 'bLoIkuZ0X5bUmvJ4AAAS', 'upgrades': ['websocket'], 'pingTimeout': 5000000, 'pingInterval': 25000000, 'maxPayload': 1000000}
2025-02-05 14:27:23,362 - INFO - bLoIkuZ0X5bUmvJ4AAAS: Received packet MESSAGE data 0
2025-02-05 14:27:23,365 - INFO - New connection attempt from SID: X9pVVxPxBEgoeYk1AAAT
2025-02-05 14:27:23,365 - INFO - Auth data received: {}
2025-02-05 14:27:23,365 - INFO - Awaiting authentication...
2025-02-05 14:27:23,365 - INFO - bLoIkuZ0X5bUmvJ4AAAS: Sending packet MESSAGE data 0{"sid":"X9pVVxPxBEgoeYk1AAAT"}
2025-02-05 14:27:23,621 - INFO - bLoIkuZ0X5bUmvJ4AAAS: Received packet MESSAGE data 2["get-queue-status",{"username":"neil"}]
2025-02-05 14:27:23,622 - INFO - received event "get-queue-status" from X9pVVxPxBEgoeYk1AAAT [/]
2025-02-05 14:27:23,624 - INFO - bLoIkuZ0X5bUmvJ4AAAS: Received packet MESSAGE data 2["get-queue-status",{"username":"neil"}]
2025-02-05 14:27:23,624 - INFO - received event "get-queue-status" from X9pVVxPxBEgoeYk1AAAT [/]
2025-02-05 14:27:23,626 - INFO - bLoIkuZ0X5bUmvJ4AAAS: Received packet MESSAGE data 2["authenticate",{"username":"neil","token":"eyJhbGciOiJIUzI1NiIsInR5cCI6IkpXVCJ9.eyJmcmVzaCI6ZmFsc2UsImlhdCI6MTczODc1NzgyNCwianRpIjoiMjJhNmNlOGItZTQwNS00YWZiLTgxM2ItOWIzODMzZWI1ZTUwIiwidHlwZSI6ImFjY2VzcyIsInN1YiI6Im5laWwiLCJuYmYiOjE3Mzg3NTc4MjQsImNzcmYiOiJiMzc2MzFiZi05MDkzLTQyYzgtYWExOS01ODc0MDkwMGQyMWEiLCJleHAiOjE3Mzg3NTg3MjR9.jNki-CkdKje9cllZgYvw-3DHgHhxcBcx1DQTpRcgJrQ"}]
2025-02-05 14:27:23,626 - INFO - received event "authenticate" from X9pVVxPxBEgoeYk1AAAT [/]
2025-02-05 14:27:23,626 - INFO - bLoIkuZ0X5bUmvJ4AAAS: Received packet MESSAGE data 2["get-queue-status",{"username":"neil"}]
2025-02-05 14:27:23,626 - INFO - received event "get-queue-status" from X9pVVxPxBEgoeYk1AAAT [/]
2025-02-05 14:27:23,627 - INFO - Authentication attempt for neil, X9pVVxPxBEgoeYk1AAAT
2025-02-05 14:27:23,627 - INFO - emitting event "queue_status" to X9pVVxPxBEgoeYk1AAAT [/]
2025-02-05 14:27:23,627 - INFO - bLoIkuZ0X5bUmvJ4AAAS: Sending packet MESSAGE data 2["queue_status",{"inQueue":true,"playersInQueue":1,"queue":["neil"]}]
2025-02-05 14:27:23,627 - INFO - Authentication successful for neil
2025-02-05 14:27:23,676 - INFO - bLoIkuZ0X5bUmvJ4AAAS: Received request to upgrade to websocket
2025-02-05 14:27:23,679 - INFO - bLoIkuZ0X5bUmvJ4AAAS: Upgrade to websocket successful
2025-02-05 14:27:46,881 - INFO - Client disconnected: EQ0fY613jyBb1bhRAAAR (Reason: transport close)
2025-02-05 14:27:46,881 - INFO - User sam disconnected
2025-02-05 14:27:47,242 - INFO - EuBbs3ekqMPkMNfLAAAU: Sending packet OPEN data {'sid': 'EuBbs3ekqMPkMNfLAAAU', 'upgrades': ['websocket'], 'pingTimeout': 5000000, 'pingInterval': 25000000, 'maxPayload': 1000000}
2025-02-05 14:27:47,244 - INFO - EuBbs3ekqMPkMNfLAAAU: Received packet MESSAGE data 0
2025-02-05 14:27:47,244 - INFO - New connection attempt from SID: 4WKOiiveA_yJWZCbAAAV
2025-02-05 14:27:47,244 - INFO - Auth data received: {}
2025-02-05 14:27:47,249 - INFO - Awaiting authentication...
2025-02-05 14:27:47,249 - INFO - EuBbs3ekqMPkMNfLAAAU: Sending packet MESSAGE data 0{"sid":"4WKOiiveA_yJWZCbAAAV"}
2025-02-05 14:27:47,505 - INFO - EuBbs3ekqMPkMNfLAAAU: Received packet MESSAGE data 2["get-queue-status",{"username":"sam"}]
2025-02-05 14:27:47,505 - INFO - received event "get-queue-status" from 4WKOiiveA_yJWZCbAAAV [/]
2025-02-05 14:27:47,510 - INFO - EuBbs3ekqMPkMNfLAAAU: Received packet MESSAGE data 2["get-queue-status",{"username":"sam"}]
2025-02-05 14:27:47,512 - INFO - received event "get-queue-status" from 4WKOiiveA_yJWZCbAAAV [/]
2025-02-05 14:27:47,512 - INFO - EuBbs3ekqMPkMNfLAAAU: Received packet MESSAGE data 2["authenticate",{"username":"sam","token":"eyJhbGciOiJIUzI1NiIsInR5cCI6IkpXVCJ9.eyJmcmVzaCI6ZmFsc2UsImlhdCI6MTczODc1Nzg0MCwianRpIjoiOWQ5MzIyMjYtNDZjYS00ZWZkLTk0YTgtYjQ1MjI2YWNkZTgwIiwidHlwZSI6ImFjY2VzcyIsInN1YiI6InNhbSIsIm5iZiI6MTczODc1Nzg0MCwiY3NyZiI6IjkzY2ExYjJmLTFiN2ItNDJkYS04OTRhLTdhNjhhMjlkNGVlNSIsImV4cCI6MTczODc1ODc0MH0.RoQA_AsBCSruDnfY_eZcEHBfzQrbhxpXBWNxYJukvNM"}]
2025-02-05 14:27:47,512 - INFO - received event "authenticate" from 4WKOiiveA_yJWZCbAAAV [/]
2025-02-05 14:27:47,512 - INFO - EuBbs3ekqMPkMNfLAAAU: Received packet MESSAGE data 2["get-queue-status",{"username":"sam"}]
2025-02-05 14:27:47,512 - INFO - received event "get-queue-status" from 4WKOiiveA_yJWZCbAAAV [/]
2025-02-05 14:27:47,512 - INFO - Authentication attempt for sam, 4WKOiiveA_yJWZCbAAAV
2025-02-05 14:27:47,512 - INFO - emitting event "queue_status" to 4WKOiiveA_yJWZCbAAAV [/]
2025-02-05 14:27:47,512 - INFO - EuBbs3ekqMPkMNfLAAAU: Sending packet MESSAGE data 2["queue_status",{"inQueue":false,"playersInQueue":1,"queue":["neil"]}]
2025-02-05 14:27:47,512 - INFO - Authentication successful for sam
2025-02-05 14:27:47,559 - INFO - EuBbs3ekqMPkMNfLAAAU: Received request to upgrade to websocket
2025-02-05 14:27:47,569 - INFO - EuBbs3ekqMPkMNfLAAAU: Upgrade to websocket successful
2025-02-05 14:27:48,654 - INFO - EuBbs3ekqMPkMNfLAAAU: Received packet MESSAGE data 2["join-queue",{"username":"sam"}]
2025-02-05 14:27:48,654 - INFO - received event "join-queue" from 4WKOiiveA_yJWZCbAAAV [/]
2025-02-05 14:27:50,985 - INFO - Client disconnected: 4WKOiiveA_yJWZCbAAAV (Reason: transport close)
2025-02-05 14:27:50,985 - INFO - User sam disconnected
2025-02-05 14:27:51,035 - INFO - KX0OIuISYQxLhWuGAAAW: Sending packet OPEN data {'sid': 'KX0OIuISYQxLhWuGAAAW', 'upgrades': ['websocket'], 'pingTimeout': 5000000, 'pingInterval': 25000000, 'maxPayload': 1000000}
2025-02-05 14:27:51,044 - INFO - KX0OIuISYQxLhWuGAAAW: Received packet MESSAGE data 0
2025-02-05 14:27:51,047 - INFO - New connection attempt from SID: uge2XF8fOMFhNkB-AAAX
2025-02-05 14:27:51,047 - INFO - Auth data received: {}
2025-02-05 14:27:51,047 - INFO - Awaiting authentication...
2025-02-05 14:27:51,047 - INFO - KX0OIuISYQxLhWuGAAAW: Sending packet MESSAGE data 0{"sid":"uge2XF8fOMFhNkB-AAAX"}
2025-02-05 14:27:51,055 - INFO - KX0OIuISYQxLhWuGAAAW: Received packet MESSAGE data 2["get-queue-status",{"username":"sam"}]
2025-02-05 14:27:51,055 - INFO - received event "get-queue-status" from uge2XF8fOMFhNkB-AAAX [/]
2025-02-05 14:27:51,057 - INFO - KX0OIuISYQxLhWuGAAAW: Received packet MESSAGE data 2["get-queue-status",{"username":"sam"}]
2025-02-05 14:27:51,060 - INFO - received event "get-queue-status" from uge2XF8fOMFhNkB-AAAX [/]
2025-02-05 14:27:51,060 - INFO - KX0OIuISYQxLhWuGAAAW: Received packet MESSAGE data 2["authenticate",{"username":"sam","token":"eyJhbGciOiJIUzI1NiIsInR5cCI6IkpXVCJ9.eyJmcmVzaCI6ZmFsc2UsImlhdCI6MTczODc1Nzg0MCwianRpIjoiOWQ5MzIyMjYtNDZjYS00ZWZkLTk0YTgtYjQ1MjI2YWNkZTgwIiwidHlwZSI6ImFjY2VzcyIsInN1YiI6InNhbSIsIm5iZiI6MTczODc1Nzg0MCwiY3NyZiI6IjkzY2ExYjJmLTFiN2ItNDJkYS04OTRhLTdhNjhhMjlkNGVlNSIsImV4cCI6MTczODc1ODc0MH0.RoQA_AsBCSruDnfY_eZcEHBfzQrbhxpXBWNxYJukvNM"}]
2025-02-05 14:27:51,060 - INFO - received event "authenticate" from uge2XF8fOMFhNkB-AAAX [/]
2025-02-05 14:27:51,060 - INFO - KX0OIuISYQxLhWuGAAAW: Received packet MESSAGE data 2["get-queue-status",{"username":"sam"}]
2025-02-05 14:27:51,060 - INFO - received event "get-queue-status" from uge2XF8fOMFhNkB-AAAX [/]
2025-02-05 14:27:51,060 - INFO - Authentication attempt for sam, uge2XF8fOMFhNkB-AAAX
2025-02-05 14:27:51,060 - INFO - emitting event "queue_status" to uge2XF8fOMFhNkB-AAAX [/]
2025-02-05 14:27:51,060 - INFO - KX0OIuISYQxLhWuGAAAW: Sending packet MESSAGE data 2["queue_status",{"inQueue":false,"playersInQueue":1,"queue":["neil"]}]
2025-02-05 14:27:51,060 - INFO - Authentication successful for sam
2025-02-05 14:27:51,356 - INFO - KX0OIuISYQxLhWuGAAAW: Received request to upgrade to websocket
2025-02-05 14:27:51,361 - INFO - KX0OIuISYQxLhWuGAAAW: Upgrade to websocket successful
2025-02-05 14:28:02,301 - INFO - Client disconnected: uge2XF8fOMFhNkB-AAAX (Reason: transport close)
2025-02-05 14:28:02,302 - INFO - User sam disconnected
2025-02-05 14:28:02,636 - INFO - NLRvq90bHUl-02tZAAAY: Sending packet OPEN data {'sid': 'NLRvq90bHUl-02tZAAAY', 'upgrades': ['websocket'], 'pingTimeout': 5000000, 'pingInterval': 25000000, 'maxPayload': 1000000}
2025-02-05 14:28:02,639 - INFO - NLRvq90bHUl-02tZAAAY: Received packet MESSAGE data 0
2025-02-05 14:28:02,639 - INFO - New connection attempt from SID: vXdMXesjrY8O9jGyAAAZ
2025-02-05 14:28:02,639 - INFO - Auth data received: {}
2025-02-05 14:28:02,639 - INFO - Awaiting authentication...
2025-02-05 14:28:02,639 - INFO - NLRvq90bHUl-02tZAAAY: Sending packet MESSAGE data 0{"sid":"vXdMXesjrY8O9jGyAAAZ"}
2025-02-05 14:28:02,899 - INFO - NLRvq90bHUl-02tZAAAY: Received packet MESSAGE data 2["get-queue-status",{"username":"sam"}]
2025-02-05 14:28:02,899 - INFO - received event "get-queue-status" from vXdMXesjrY8O9jGyAAAZ [/]
2025-02-05 14:28:02,903 - INFO - NLRvq90bHUl-02tZAAAY: Received packet MESSAGE data 2["get-queue-status",{"username":"sam"}]
2025-02-05 14:28:02,906 - INFO - received event "get-queue-status" from vXdMXesjrY8O9jGyAAAZ [/]
2025-02-05 14:28:02,906 - INFO - NLRvq90bHUl-02tZAAAY: Received packet MESSAGE data 2["authenticate",{"username":"sam","token":"eyJhbGciOiJIUzI1NiIsInR5cCI6IkpXVCJ9.eyJmcmVzaCI6ZmFsc2UsImlhdCI6MTczODc1Nzg0MCwianRpIjoiOWQ5MzIyMjYtNDZjYS00ZWZkLTk0YTgtYjQ1MjI2YWNkZTgwIiwidHlwZSI6ImFjY2VzcyIsInN1YiI6InNhbSIsIm5iZiI6MTczODc1Nzg0MCwiY3NyZiI6IjkzY2ExYjJmLTFiN2ItNDJkYS04OTRhLTdhNjhhMjlkNGVlNSIsImV4cCI6MTczODc1ODc0MH0.RoQA_AsBCSruDnfY_eZcEHBfzQrbhxpXBWNxYJukvNM"}]
2025-02-05 14:28:02,906 - INFO - received event "authenticate" from vXdMXesjrY8O9jGyAAAZ [/]
2025-02-05 14:28:02,906 - INFO - NLRvq90bHUl-02tZAAAY: Received packet MESSAGE data 2["get-queue-status",{"username":"sam"}]
2025-02-05 14:28:02,906 - INFO - received event "get-queue-status" from vXdMXesjrY8O9jGyAAAZ [/]
2025-02-05 14:28:02,906 - INFO - Authentication attempt for sam, vXdMXesjrY8O9jGyAAAZ
2025-02-05 14:28:02,906 - INFO - emitting event "queue_status" to vXdMXesjrY8O9jGyAAAZ [/]
2025-02-05 14:28:02,906 - INFO - NLRvq90bHUl-02tZAAAY: Sending packet MESSAGE data 2["queue_status",{"inQueue":false,"playersInQueue":1,"queue":["neil"]}]
2025-02-05 14:28:02,906 - INFO - Authentication successful for sam
2025-02-05 14:28:02,952 - INFO - NLRvq90bHUl-02tZAAAY: Received request to upgrade to websocket
2025-02-05 14:28:02,955 - INFO - NLRvq90bHUl-02tZAAAY: Upgrade to websocket successful
2025-02-05 14:28:20,219 - INFO - Client disconnected: X9pVVxPxBEgoeYk1AAAT (Reason: transport close)
2025-02-05 14:28:20,220 - INFO - User neil disconnected
2025-02-05 14:28:20,592 - INFO - gXXbVjD70GwS6xt9AAAa: Sending packet OPEN data {'sid': 'gXXbVjD70GwS6xt9AAAa', 'upgrades': ['websocket'], 'pingTimeout': 5000000, 'pingInterval': 25000000, 'maxPayload': 1000000}
2025-02-05 14:28:20,600 - INFO - gXXbVjD70GwS6xt9AAAa: Received packet MESSAGE data 0
2025-02-05 14:28:20,601 - INFO - New connection attempt from SID: RGBCuuXPsOAIoGnHAAAb
2025-02-05 14:28:20,601 - INFO - Auth data received: {}
2025-02-05 14:28:20,601 - INFO - Awaiting authentication...
2025-02-05 14:28:20,601 - INFO - gXXbVjD70GwS6xt9AAAa: Sending packet MESSAGE data 0{"sid":"RGBCuuXPsOAIoGnHAAAb"}
2025-02-05 14:28:20,843 - INFO - gXXbVjD70GwS6xt9AAAa: Received packet MESSAGE data 2["get-queue-status",{"username":"neil"}]
2025-02-05 14:28:20,843 - INFO - received event "get-queue-status" from RGBCuuXPsOAIoGnHAAAb [/]
2025-02-05 14:28:20,848 - INFO - gXXbVjD70GwS6xt9AAAa: Received packet MESSAGE data 2["get-queue-status",{"username":"neil"}]
2025-02-05 14:28:20,849 - INFO - received event "get-queue-status" from RGBCuuXPsOAIoGnHAAAb [/]
2025-02-05 14:28:20,849 - INFO - gXXbVjD70GwS6xt9AAAa: Received packet MESSAGE data 2["authenticate",{"username":"neil","token":"eyJhbGciOiJIUzI1NiIsInR5cCI6IkpXVCJ9.eyJmcmVzaCI6ZmFsc2UsImlhdCI6MTczODc1NzgyNCwianRpIjoiMjJhNmNlOGItZTQwNS00YWZiLTgxM2ItOWIzODMzZWI1ZTUwIiwidHlwZSI6ImFjY2VzcyIsInN1YiI6Im5laWwiLCJuYmYiOjE3Mzg3NTc4MjQsImNzcmYiOiJiMzc2MzFiZi05MDkzLTQyYzgtYWExOS01ODc0MDkwMGQyMWEiLCJleHAiOjE3Mzg3NTg3MjR9.jNki-CkdKje9cllZgYvw-3DHgHhxcBcx1DQTpRcgJrQ"}]
2025-02-05 14:28:20,850 - INFO - received event "authenticate" from RGBCuuXPsOAIoGnHAAAb [/]
2025-02-05 14:28:20,850 - INFO - gXXbVjD70GwS6xt9AAAa: Received packet MESSAGE data 2["get-queue-status",{"username":"neil"}]
2025-02-05 14:28:20,850 - INFO - received event "get-queue-status" from RGBCuuXPsOAIoGnHAAAb [/]
2025-02-05 14:28:20,851 - INFO - Authentication attempt for neil, RGBCuuXPsOAIoGnHAAAb
2025-02-05 14:28:20,851 - INFO - emitting event "queue_status" to RGBCuuXPsOAIoGnHAAAb [/]
2025-02-05 14:28:20,852 - INFO - gXXbVjD70GwS6xt9AAAa: Sending packet MESSAGE data 2["queue_status",{"inQueue":true,"playersInQueue":1,"queue":["neil"]}]
2025-02-05 14:28:20,852 - INFO - Authentication successful for neil
2025-02-05 14:28:20,903 - INFO - gXXbVjD70GwS6xt9AAAa: Received request to upgrade to websocket
2025-02-05 14:28:20,906 - INFO - gXXbVjD70GwS6xt9AAAa: Upgrade to websocket successful
2025-02-05 14:28:21,875 - INFO - gXXbVjD70GwS6xt9AAAa: Received packet MESSAGE data 2["leave-queue",{"username":"neil"}]
2025-02-05 14:28:21,876 - INFO - received event "leave-queue" from RGBCuuXPsOAIoGnHAAAb [/]
2025-02-05 14:28:23,574 - INFO - gXXbVjD70GwS6xt9AAAa: Received packet MESSAGE data 2["join-queue",{"username":"neil"}]
2025-02-05 14:28:23,575 - INFO - received event "join-queue" from RGBCuuXPsOAIoGnHAAAb [/]
2025-02-05 14:28:25,401 - INFO - Client disconnected: RGBCuuXPsOAIoGnHAAAb (Reason: transport close)
2025-02-05 14:28:25,401 - INFO - User neil disconnected
2025-02-05 14:28:25,785 - INFO - e7LzmCS9csHCejakAAAc: Sending packet OPEN data {'sid': 'e7LzmCS9csHCejakAAAc', 'upgrades': ['websocket'], 'pingTimeout': 5000000, 'pingInterval': 25000000, 'maxPayload': 1000000}
2025-02-05 14:28:25,793 - INFO - e7LzmCS9csHCejakAAAc: Received packet MESSAGE data 0
2025-02-05 14:28:25,793 - INFO - New connection attempt from SID: J3mfynwI_gG5LDFrAAAd
2025-02-05 14:28:25,793 - INFO - Auth data received: {}
2025-02-05 14:28:25,793 - INFO - Awaiting authentication...
2025-02-05 14:28:25,793 - INFO - e7LzmCS9csHCejakAAAc: Sending packet MESSAGE data 0{"sid":"J3mfynwI_gG5LDFrAAAd"}
2025-02-05 14:28:26,047 - INFO - e7LzmCS9csHCejakAAAc: Received packet MESSAGE data 2["get-queue-status",{"username":"neil"}]
2025-02-05 14:28:26,047 - INFO - received event "get-queue-status" from J3mfynwI_gG5LDFrAAAd [/]
2025-02-05 14:28:26,051 - INFO - e7LzmCS9csHCejakAAAc: Received packet MESSAGE data 2["get-queue-status",{"username":"neil"}]
2025-02-05 14:28:26,051 - INFO - received event "get-queue-status" from J3mfynwI_gG5LDFrAAAd [/]
2025-02-05 14:28:26,052 - INFO - e7LzmCS9csHCejakAAAc: Received packet MESSAGE data 2["authenticate",{"username":"neil","token":"eyJhbGciOiJIUzI1NiIsInR5cCI6IkpXVCJ9.eyJmcmVzaCI6ZmFsc2UsImlhdCI6MTczODc1NzgyNCwianRpIjoiMjJhNmNlOGItZTQwNS00YWZiLTgxM2ItOWIzODMzZWI1ZTUwIiwidHlwZSI6ImFjY2VzcyIsInN1YiI6Im5laWwiLCJuYmYiOjE3Mzg3NTc4MjQsImNzcmYiOiJiMzc2MzFiZi05MDkzLTQyYzgtYWExOS01ODc0MDkwMGQyMWEiLCJleHAiOjE3Mzg3NTg3MjR9.jNki-CkdKje9cllZgYvw-3DHgHhxcBcx1DQTpRcgJrQ"}]
2025-02-05 14:28:26,052 - INFO - received event "authenticate" from J3mfynwI_gG5LDFrAAAd [/]
2025-02-05 14:28:26,052 - INFO - e7LzmCS9csHCejakAAAc: Received packet MESSAGE data 2["get-queue-status",{"username":"neil"}]
2025-02-05 14:28:26,053 - INFO - received event "get-queue-status" from J3mfynwI_gG5LDFrAAAd [/]
2025-02-05 14:28:26,054 - INFO - Authentication attempt for neil, J3mfynwI_gG5LDFrAAAd
2025-02-05 14:28:26,054 - INFO - emitting event "queue_status" to J3mfynwI_gG5LDFrAAAd [/]
2025-02-05 14:28:26,054 - INFO - e7LzmCS9csHCejakAAAc: Sending packet MESSAGE data 2["queue_status",{"inQueue":true,"playersInQueue":1,"queue":["neil"]}]
2025-02-05 14:28:26,054 - INFO - Authentication successful for neil
2025-02-05 14:28:26,098 - INFO - e7LzmCS9csHCejakAAAc: Received request to upgrade to websocket
2025-02-05 14:28:26,102 - INFO - e7LzmCS9csHCejakAAAc: Upgrade to websocket successful
2025-02-05 14:28:30,613 - INFO - NLRvq90bHUl-02tZAAAY: Received packet MESSAGE data 2["join-queue",{"username":"sam"}]
2025-02-05 14:28:30,613 - INFO - received event "join-queue" from vXdMXesjrY8O9jGyAAAZ [/]
2025-02-05 14:28:32,804 - INFO - Client disconnected: vXdMXesjrY8O9jGyAAAZ (Reason: transport close)
2025-02-05 14:28:32,806 - INFO - User sam disconnected
2025-02-05 14:28:33,160 - INFO - W38aA748FNqxq5k_AAAe: Sending packet OPEN data {'sid': 'W38aA748FNqxq5k_AAAe', 'upgrades': ['websocket'], 'pingTimeout': 5000000, 'pingInterval': 25000000, 'maxPayload': 1000000}
2025-02-05 14:28:33,165 - INFO - W38aA748FNqxq5k_AAAe: Received packet MESSAGE data 0
2025-02-05 14:28:33,165 - INFO - New connection attempt from SID: ksj5M2UP7RKV7KhWAAAf
2025-02-05 14:28:33,165 - INFO - Auth data received: {}
2025-02-05 14:28:33,166 - INFO - Awaiting authentication...
2025-02-05 14:28:33,166 - INFO - W38aA748FNqxq5k_AAAe: Sending packet MESSAGE data 0{"sid":"ksj5M2UP7RKV7KhWAAAf"}
2025-02-05 14:28:33,424 - INFO - W38aA748FNqxq5k_AAAe: Received packet MESSAGE data 2["get-queue-status",{"username":"sam"}]
2025-02-05 14:28:33,424 - INFO - received event "get-queue-status" from ksj5M2UP7RKV7KhWAAAf [/]
2025-02-05 14:28:33,431 - INFO - W38aA748FNqxq5k_AAAe: Received packet MESSAGE data 2["get-queue-status",{"username":"sam"}]
2025-02-05 14:28:33,431 - INFO - received event "get-queue-status" from ksj5M2UP7RKV7KhWAAAf [/]
2025-02-05 14:28:33,431 - INFO - W38aA748FNqxq5k_AAAe: Received packet MESSAGE data 2["authenticate",{"username":"sam","token":"eyJhbGciOiJIUzI1NiIsInR5cCI6IkpXVCJ9.eyJmcmVzaCI6ZmFsc2UsImlhdCI6MTczODc1Nzg0MCwianRpIjoiOWQ5MzIyMjYtNDZjYS00ZWZkLTk0YTgtYjQ1MjI2YWNkZTgwIiwidHlwZSI6ImFjY2VzcyIsInN1YiI6InNhbSIsIm5iZiI6MTczODc1Nzg0MCwiY3NyZiI6IjkzY2ExYjJmLTFiN2ItNDJkYS04OTRhLTdhNjhhMjlkNGVlNSIsImV4cCI6MTczODc1ODc0MH0.RoQA_AsBCSruDnfY_eZcEHBfzQrbhxpXBWNxYJukvNM"}]
2025-02-05 14:28:33,434 - INFO - received event "authenticate" from ksj5M2UP7RKV7KhWAAAf [/]
2025-02-05 14:28:33,434 - INFO - W38aA748FNqxq5k_AAAe: Received packet MESSAGE data 2["get-queue-status",{"username":"sam"}]
2025-02-05 14:28:33,434 - INFO - received event "get-queue-status" from ksj5M2UP7RKV7KhWAAAf [/]
2025-02-05 14:28:33,434 - INFO - Authentication attempt for sam, ksj5M2UP7RKV7KhWAAAf
2025-02-05 14:28:33,434 - INFO - emitting event "queue_status" to ksj5M2UP7RKV7KhWAAAf [/]
2025-02-05 14:28:33,434 - INFO - W38aA748FNqxq5k_AAAe: Sending packet MESSAGE data 2["queue_status",{"inQueue":false,"playersInQueue":1,"queue":["neil"]}]
2025-02-05 14:28:33,434 - INFO - Authentication successful for sam
2025-02-05 14:28:33,476 - INFO - W38aA748FNqxq5k_AAAe: Received request to upgrade to websocket
2025-02-05 14:28:33,479 - INFO - W38aA748FNqxq5k_AAAe: Upgrade to websocket successful
2025-02-05 14:28:34,789 - INFO - W38aA748FNqxq5k_AAAe: Received packet MESSAGE data 2["join-queue",{"username":"sam"}]
2025-02-05 14:28:34,791 - INFO - received event "join-queue" from ksj5M2UP7RKV7KhWAAAf [/]
2025-02-05 14:28:35,382 - INFO - Client disconnected: ksj5M2UP7RKV7KhWAAAf (Reason: transport close)
2025-02-05 14:28:35,382 - INFO - User sam disconnected
2025-02-05 14:28:35,439 - INFO - qfSy87U6In4hVRTaAAAg: Sending packet OPEN data {'sid': 'qfSy87U6In4hVRTaAAAg', 'upgrades': ['websocket'], 'pingTimeout': 5000000, 'pingInterval': 25000000, 'maxPayload': 1000000}
2025-02-05 14:28:35,448 - INFO - qfSy87U6In4hVRTaAAAg: Received packet MESSAGE data 0
2025-02-05 14:28:35,448 - INFO - New connection attempt from SID: yX7X5ZJqDLQG5kOoAAAh
2025-02-05 14:28:35,448 - INFO - Auth data received: {}
2025-02-05 14:28:35,448 - INFO - Awaiting authentication...
2025-02-05 14:28:35,448 - INFO - qfSy87U6In4hVRTaAAAg: Sending packet MESSAGE data 0{"sid":"yX7X5ZJqDLQG5kOoAAAh"}
2025-02-05 14:28:35,459 - INFO - qfSy87U6In4hVRTaAAAg: Received packet MESSAGE data 2["get-queue-status",{"username":"sam"}]
2025-02-05 14:28:35,459 - INFO - received event "get-queue-status" from yX7X5ZJqDLQG5kOoAAAh [/]
2025-02-05 14:28:35,461 - INFO - qfSy87U6In4hVRTaAAAg: Received packet MESSAGE data 2["get-queue-status",{"username":"sam"}]
2025-02-05 14:28:35,461 - INFO - received event "get-queue-status" from yX7X5ZJqDLQG5kOoAAAh [/]
2025-02-05 14:28:35,461 - INFO - qfSy87U6In4hVRTaAAAg: Received packet MESSAGE data 2["authenticate",{"username":"sam","token":"eyJhbGciOiJIUzI1NiIsInR5cCI6IkpXVCJ9.eyJmcmVzaCI6ZmFsc2UsImlhdCI6MTczODc1Nzg0MCwianRpIjoiOWQ5MzIyMjYtNDZjYS00ZWZkLTk0YTgtYjQ1MjI2YWNkZTgwIiwidHlwZSI6ImFjY2VzcyIsInN1YiI6InNhbSIsIm5iZiI6MTczODc1Nzg0MCwiY3NyZiI6IjkzY2ExYjJmLTFiN2ItNDJkYS04OTRhLTdhNjhhMjlkNGVlNSIsImV4cCI6MTczODc1ODc0MH0.RoQA_AsBCSruDnfY_eZcEHBfzQrbhxpXBWNxYJukvNM"}]
2025-02-05 14:28:35,463 - INFO - received event "authenticate" from yX7X5ZJqDLQG5kOoAAAh [/]
2025-02-05 14:28:35,463 - INFO - qfSy87U6In4hVRTaAAAg: Received packet MESSAGE data 2["get-queue-status",{"username":"sam"}]
2025-02-05 14:28:35,463 - INFO - received event "get-queue-status" from yX7X5ZJqDLQG5kOoAAAh [/]
2025-02-05 14:28:35,463 - INFO - Authentication attempt for sam, yX7X5ZJqDLQG5kOoAAAh
2025-02-05 14:28:35,463 - INFO - emitting event "queue_status" to yX7X5ZJqDLQG5kOoAAAh [/]
2025-02-05 14:28:35,463 - INFO - qfSy87U6In4hVRTaAAAg: Sending packet MESSAGE data 2["queue_status",{"inQueue":false,"playersInQueue":1,"queue":["neil"]}]
2025-02-05 14:28:35,463 - INFO - Authentication successful for sam
2025-02-05 14:28:35,760 - INFO - qfSy87U6In4hVRTaAAAg: Received request to upgrade to websocket
2025-02-05 14:28:35,760 - INFO - qfSy87U6In4hVRTaAAAg: Upgrade to websocket successful
2025-02-05 14:28:45,641 - INFO - qfSy87U6In4hVRTaAAAg: Received packet MESSAGE data 1
2025-02-05 14:28:45,642 - INFO - Client disconnected: yX7X5ZJqDLQG5kOoAAAh (Reason: client disconnect)
2025-02-05 14:28:45,642 - INFO - User sam disconnected
2025-02-05 14:28:45,973 - INFO - 75iR_1Vx6nCnpvDoAAAi: Sending packet OPEN data {'sid': '75iR_1Vx6nCnpvDoAAAi', 'upgrades': ['websocket'], 'pingTimeout': 5000000, 'pingInterval': 25000000, 'maxPayload': 1000000}
2025-02-05 14:28:45,974 - INFO - 75iR_1Vx6nCnpvDoAAAi: Received packet MESSAGE data 0
2025-02-05 14:28:45,974 - INFO - New connection attempt from SID: f_2hEOV6L2S3PC3zAAAj
2025-02-05 14:28:45,974 - INFO - Auth data received: {}
2025-02-05 14:28:45,974 - INFO - Awaiting authentication...
2025-02-05 14:28:45,974 - INFO - 75iR_1Vx6nCnpvDoAAAi: Sending packet MESSAGE data 0{"sid":"f_2hEOV6L2S3PC3zAAAj"}
2025-02-05 14:28:46,289 - INFO - 75iR_1Vx6nCnpvDoAAAi: Received request to upgrade to websocket
2025-02-05 14:28:46,293 - INFO - 75iR_1Vx6nCnpvDoAAAi: Upgrade to websocket successful
2025-02-05 14:28:51,600 - INFO - e7LzmCS9csHCejakAAAc: Received packet MESSAGE data 2["leave-queue",{"username":"neil"}]
2025-02-05 14:28:51,601 - INFO - received event "leave-queue" from J3mfynwI_gG5LDFrAAAd [/]
2025-02-05 14:28:53,249 - INFO - e7LzmCS9csHCejakAAAc: Received packet MESSAGE data 1
2025-02-05 14:28:53,250 - INFO - Client disconnected: J3mfynwI_gG5LDFrAAAd (Reason: client disconnect)
2025-02-05 14:28:53,250 - INFO - User neil disconnected
2025-02-05 14:28:53,572 - INFO - IT7Cb9JiX_v6Uwj4AAAk: Sending packet OPEN data {'sid': 'IT7Cb9JiX_v6Uwj4AAAk', 'upgrades': ['websocket'], 'pingTimeout': 5000000, 'pingInterval': 25000000, 'maxPayload': 1000000}
2025-02-05 14:28:53,574 - INFO - IT7Cb9JiX_v6Uwj4AAAk: Received packet MESSAGE data 0
2025-02-05 14:28:53,574 - INFO - New connection attempt from SID: b0_WusASLk6dfFN-AAAl
2025-02-05 14:28:53,574 - INFO - Auth data received: {}
2025-02-05 14:28:53,574 - INFO - Awaiting authentication...
2025-02-05 14:28:53,574 - INFO - IT7Cb9JiX_v6Uwj4AAAk: Sending packet MESSAGE data 0{"sid":"b0_WusASLk6dfFN-AAAl"}
2025-02-05 14:28:53,885 - INFO - IT7Cb9JiX_v6Uwj4AAAk: Received request to upgrade to websocket
2025-02-05 14:28:53,885 - INFO - IT7Cb9JiX_v6Uwj4AAAk: Upgrade to websocket successful
2025-02-05 14:28:54,249 - INFO - Client disconnected: b0_WusASLk6dfFN-AAAl (Reason: transport close)
2025-02-05 14:28:54,315 - INFO - 50V4IfiqMFKDWRhTAAAm: Sending packet OPEN data {'sid': '50V4IfiqMFKDWRhTAAAm', 'upgrades': ['websocket'], 'pingTimeout': 5000000, 'pingInterval': 25000000, 'maxPayload': 1000000}
2025-02-05 14:28:54,325 - INFO - 50V4IfiqMFKDWRhTAAAm: Received packet MESSAGE data 0
2025-02-05 14:28:54,326 - INFO - New connection attempt from SID: 843wRndaHdyp-4cgAAAn
2025-02-05 14:28:54,326 - INFO - Auth data received: {}
2025-02-05 14:28:54,327 - INFO - Awaiting authentication...
2025-02-05 14:28:54,327 - INFO - 50V4IfiqMFKDWRhTAAAm: Sending packet MESSAGE data 0{"sid":"843wRndaHdyp-4cgAAAn"}
2025-02-05 14:28:54,666 - INFO - 50V4IfiqMFKDWRhTAAAm: Received request to upgrade to websocket
2025-02-05 14:28:54,670 - INFO - 50V4IfiqMFKDWRhTAAAm: Upgrade to websocket successful
2025-02-05 14:28:56,154 - INFO - Client disconnected: f_2hEOV6L2S3PC3zAAAj (Reason: transport close)
2025-02-05 14:28:56,503 - INFO - xbqJoZHPBMEA9byuAAAo: Sending packet OPEN data {'sid': 'xbqJoZHPBMEA9byuAAAo', 'upgrades': ['websocket'], 'pingTimeout': 5000000, 'pingInterval': 25000000, 'maxPayload': 1000000}
2025-02-05 14:28:56,507 - INFO - xbqJoZHPBMEA9byuAAAo: Received packet MESSAGE data 0
2025-02-05 14:28:56,507 - INFO - New connection attempt from SID: LJmOYPDAuN_ORv0QAAAp
2025-02-05 14:28:56,507 - INFO - Auth data received: {}
2025-02-05 14:28:56,507 - INFO - Awaiting authentication...
2025-02-05 14:28:56,507 - INFO - xbqJoZHPBMEA9byuAAAo: Sending packet MESSAGE data 0{"sid":"LJmOYPDAuN_ORv0QAAAp"}
2025-02-05 14:28:56,816 - INFO - xbqJoZHPBMEA9byuAAAo: Received request to upgrade to websocket
2025-02-05 14:28:56,818 - INFO - xbqJoZHPBMEA9byuAAAo: Upgrade to websocket successful
2025-02-05 14:29:02,232 - INFO - xbqJoZHPBMEA9byuAAAo: Received packet MESSAGE data 2["login",{"username":"sam","password":"123"}]
2025-02-05 14:29:02,234 - INFO - received event "login" from LJmOYPDAuN_ORv0QAAAp [/]
2025-02-05 14:29:02,257 - INFO - emitting event "login_success" to LJmOYPDAuN_ORv0QAAAp [/]
2025-02-05 14:29:02,259 - INFO - xbqJoZHPBMEA9byuAAAo: Sending packet MESSAGE data 2["login_success",{"access_token":"eyJhbGciOiJIUzI1NiIsInR5cCI6IkpXVCJ9.eyJmcmVzaCI6ZmFsc2UsImlhdCI6MTczODc2NTc0MiwianRpIjoiOGI4MThmOTctYzE1OS00NjY2LWI2NTAtMTU2NTBiMGZjMmExIiwidHlwZSI6ImFjY2VzcyIsInN1YiI6InNhbSIsIm5iZiI6MTczODc2NTc0MiwiY3NyZiI6ImRmZDQ4Mzc0LThjOWQtNDM5ZC05NDU5LWQzNWEzZTE4MzE0YyIsImV4cCI6MTczODc2NjY0Mn0.M6sKmzMvoEiQ1H5nr4tdsOtS5S91Zs_TRdudiE8Og_c"}]
2025-02-05 14:29:02,265 - INFO - xbqJoZHPBMEA9byuAAAo: Received packet MESSAGE data 2["get-queue-status",{"username":"sam"}]
2025-02-05 14:29:02,266 - INFO - received event "get-queue-status" from LJmOYPDAuN_ORv0QAAAp [/]
2025-02-05 14:29:06,588 - INFO - 50V4IfiqMFKDWRhTAAAm: Received packet MESSAGE data 2["login",{"username":"neil","password":"123"}]
2025-02-05 14:29:06,589 - INFO - received event "login" from 843wRndaHdyp-4cgAAAn [/]
2025-02-05 14:29:06,590 - INFO - emitting event "login_success" to 843wRndaHdyp-4cgAAAn [/]
2025-02-05 14:29:06,590 - INFO - 50V4IfiqMFKDWRhTAAAm: Sending packet MESSAGE data 2["login_success",{"access_token":"eyJhbGciOiJIUzI1NiIsInR5cCI6IkpXVCJ9.eyJmcmVzaCI6ZmFsc2UsImlhdCI6MTczODc2NTc0NiwianRpIjoiOGQ4ZGZiZmYtNWY0MS00ZjZkLWIxNmQtZTgwNWQwNDg5ZGJlIiwidHlwZSI6ImFjY2VzcyIsInN1YiI6Im5laWwiLCJuYmYiOjE3Mzg3NjU3NDYsImNzcmYiOiI2Zjg5YTUxMi0yNDNhLTQ2ZTYtYmZhZS03YmM3OWYxOTQwN2UiLCJleHAiOjE3Mzg3NjY2NDZ9.rZKbHNhUTO28JMd1DhjCQFTv1zXjIKwx0TIhld9xo5Y"}]
2025-02-05 14:29:06,594 - INFO - 50V4IfiqMFKDWRhTAAAm: Received packet MESSAGE data 2["get-queue-status",{"username":"neil"}]
2025-02-05 14:29:06,594 - INFO - received event "get-queue-status" from 843wRndaHdyp-4cgAAAn [/]
2025-02-05 14:29:10,812 - INFO - xbqJoZHPBMEA9byuAAAo: Received packet MESSAGE data 2["join-queue",{"username":"sam"}]
2025-02-05 14:29:10,813 - INFO - received event "join-queue" from LJmOYPDAuN_ORv0QAAAp [/]
2025-02-05 14:29:13,128 - INFO - 50V4IfiqMFKDWRhTAAAm: Received packet MESSAGE data 2["join-queue",{"username":"neil"}]
2025-02-05 14:29:13,128 - INFO - received event "join-queue" from 843wRndaHdyp-4cgAAAn [/]
2025-02-05 14:29:16,166 - INFO - Client disconnected: LJmOYPDAuN_ORv0QAAAp (Reason: transport close)
2025-02-05 14:29:16,166 - INFO - User sam disconnected
2025-02-05 14:29:16,530 - INFO - K4xLUpR3K9HLEAO6AAAq: Sending packet OPEN data {'sid': 'K4xLUpR3K9HLEAO6AAAq', 'upgrades': ['websocket'], 'pingTimeout': 5000000, 'pingInterval': 25000000, 'maxPayload': 1000000}
2025-02-05 14:29:16,530 - INFO - K4xLUpR3K9HLEAO6AAAq: Received packet MESSAGE data 0
2025-02-05 14:29:16,530 - INFO - New connection attempt from SID: f_7TeLGhR3a3IRrXAAAr
2025-02-05 14:29:16,530 - INFO - Auth data received: {}
2025-02-05 14:29:16,530 - INFO - Awaiting authentication...
2025-02-05 14:29:16,530 - INFO - K4xLUpR3K9HLEAO6AAAq: Sending packet MESSAGE data 0{"sid":"f_7TeLGhR3a3IRrXAAAr"}
2025-02-05 14:29:16,792 - INFO - K4xLUpR3K9HLEAO6AAAq: Received packet MESSAGE data 2["get-queue-status",{"username":"sam"}]
2025-02-05 14:29:16,792 - INFO - received event "get-queue-status" from f_7TeLGhR3a3IRrXAAAr [/]
2025-02-05 14:29:16,796 - INFO - K4xLUpR3K9HLEAO6AAAq: Received packet MESSAGE data 2["get-queue-status",{"username":"sam"}]
2025-02-05 14:29:16,796 - INFO - received event "get-queue-status" from f_7TeLGhR3a3IRrXAAAr [/]
2025-02-05 14:29:16,796 - INFO - K4xLUpR3K9HLEAO6AAAq: Received packet MESSAGE data 2["authenticate",{"username":"sam","token":"eyJhbGciOiJIUzI1NiIsInR5cCI6IkpXVCJ9.eyJmcmVzaCI6ZmFsc2UsImlhdCI6MTczODc2NTc0MiwianRpIjoiOGI4MThmOTctYzE1OS00NjY2LWI2NTAtMTU2NTBiMGZjMmExIiwidHlwZSI6ImFjY2VzcyIsInN1YiI6InNhbSIsIm5iZiI6MTczODc2NTc0MiwiY3NyZiI6ImRmZDQ4Mzc0LThjOWQtNDM5ZC05NDU5LWQzNWEzZTE4MzE0YyIsImV4cCI6MTczODc2NjY0Mn0.M6sKmzMvoEiQ1H5nr4tdsOtS5S91Zs_TRdudiE8Og_c"}]
2025-02-05 14:29:16,796 - INFO - received event "authenticate" from f_7TeLGhR3a3IRrXAAAr [/]
2025-02-05 14:29:16,796 - INFO - K4xLUpR3K9HLEAO6AAAq: Received packet MESSAGE data 2["get-queue-status",{"username":"sam"}]
2025-02-05 14:29:16,796 - INFO - received event "get-queue-status" from f_7TeLGhR3a3IRrXAAAr [/]
2025-02-05 14:29:16,796 - INFO - Authentication attempt for sam, f_7TeLGhR3a3IRrXAAAr
2025-02-05 14:29:16,796 - INFO - emitting event "queue_status" to f_7TeLGhR3a3IRrXAAAr [/]
2025-02-05 14:29:16,796 - INFO - K4xLUpR3K9HLEAO6AAAq: Sending packet MESSAGE data 2["queue_status",{"inQueue":false,"playersInQueue":1,"queue":["neil"]}]
2025-02-05 14:29:16,796 - INFO - Authentication successful for sam
2025-02-05 14:29:16,845 - INFO - K4xLUpR3K9HLEAO6AAAq: Received request to upgrade to websocket
2025-02-05 14:29:16,848 - INFO - K4xLUpR3K9HLEAO6AAAq: Upgrade to websocket successful
2025-02-05 14:29:17,981 - INFO - Client disconnected: 843wRndaHdyp-4cgAAAn (Reason: transport close)
2025-02-05 14:29:17,981 - INFO - User neil disconnected
2025-02-05 14:29:18,352 - INFO - wuiva_v_mEtjl3QeAAAs: Sending packet OPEN data {'sid': 'wuiva_v_mEtjl3QeAAAs', 'upgrades': ['websocket'], 'pingTimeout': 5000000, 'pingInterval': 25000000, 'maxPayload': 1000000}
2025-02-05 14:29:18,358 - INFO - wuiva_v_mEtjl3QeAAAs: Received packet MESSAGE data 0
2025-02-05 14:29:18,358 - INFO - New connection attempt from SID: 1JTGIIv5mcYpdrpnAAAt
2025-02-05 14:29:18,358 - INFO - Auth data received: {}
2025-02-05 14:29:18,358 - INFO - Awaiting authentication...
2025-02-05 14:29:18,360 - INFO - wuiva_v_mEtjl3QeAAAs: Sending packet MESSAGE data 0{"sid":"1JTGIIv5mcYpdrpnAAAt"}
2025-02-05 14:29:18,611 - INFO - wuiva_v_mEtjl3QeAAAs: Received packet MESSAGE data 2["get-queue-status",{"username":"neil"}]
2025-02-05 14:29:18,612 - INFO - received event "get-queue-status" from 1JTGIIv5mcYpdrpnAAAt [/]
2025-02-05 14:29:18,617 - INFO - wuiva_v_mEtjl3QeAAAs: Received packet MESSAGE data 2["get-queue-status",{"username":"neil"}]
2025-02-05 14:29:18,618 - INFO - received event "get-queue-status" from 1JTGIIv5mcYpdrpnAAAt [/]
2025-02-05 14:29:18,618 - INFO - wuiva_v_mEtjl3QeAAAs: Received packet MESSAGE data 2["authenticate",{"username":"neil","token":"eyJhbGciOiJIUzI1NiIsInR5cCI6IkpXVCJ9.eyJmcmVzaCI6ZmFsc2UsImlhdCI6MTczODc2NTc0NiwianRpIjoiOGQ4ZGZiZmYtNWY0MS00ZjZkLWIxNmQtZTgwNWQwNDg5ZGJlIiwidHlwZSI6ImFjY2VzcyIsInN1YiI6Im5laWwiLCJuYmYiOjE3Mzg3NjU3NDYsImNzcmYiOiI2Zjg5YTUxMi0yNDNhLTQ2ZTYtYmZhZS03YmM3OWYxOTQwN2UiLCJleHAiOjE3Mzg3NjY2NDZ9.rZKbHNhUTO28JMd1DhjCQFTv1zXjIKwx0TIhld9xo5Y"}]
2025-02-05 14:29:18,620 - INFO - received event "authenticate" from 1JTGIIv5mcYpdrpnAAAt [/]
2025-02-05 14:29:18,620 - INFO - wuiva_v_mEtjl3QeAAAs: Received packet MESSAGE data 2["get-queue-status",{"username":"neil"}]
2025-02-05 14:29:18,620 - INFO - received event "get-queue-status" from 1JTGIIv5mcYpdrpnAAAt [/]
2025-02-05 14:29:18,622 - INFO - Authentication attempt for neil, 1JTGIIv5mcYpdrpnAAAt
2025-02-05 14:29:18,622 - INFO - emitting event "queue_status" to 1JTGIIv5mcYpdrpnAAAt [/]
2025-02-05 14:29:18,622 - INFO - wuiva_v_mEtjl3QeAAAs: Sending packet MESSAGE data 2["queue_status",{"inQueue":true,"playersInQueue":1,"queue":["neil"]}]
2025-02-05 14:29:18,622 - INFO - Authentication successful for neil
2025-02-05 14:29:18,671 - INFO - wuiva_v_mEtjl3QeAAAs: Received request to upgrade to websocket
2025-02-05 14:29:18,675 - INFO - wuiva_v_mEtjl3QeAAAs: Upgrade to websocket successful
2025-02-05 14:29:20,396 - INFO - Client disconnected: f_7TeLGhR3a3IRrXAAAr (Reason: transport close)
2025-02-05 14:29:20,396 - INFO - User sam disconnected
2025-02-05 14:29:20,448 - INFO - OOKPvIhjRr3aUCmYAAAu: Sending packet OPEN data {'sid': 'OOKPvIhjRr3aUCmYAAAu', 'upgrades': ['websocket'], 'pingTimeout': 5000000, 'pingInterval': 25000000, 'maxPayload': 1000000}
2025-02-05 14:29:20,460 - INFO - OOKPvIhjRr3aUCmYAAAu: Received packet MESSAGE data 0
2025-02-05 14:29:20,461 - INFO - New connection attempt from SID: RbgRU6PO4kU5XCL8AAAv
2025-02-05 14:29:20,461 - INFO - Auth data received: {}
2025-02-05 14:29:20,461 - INFO - Awaiting authentication...
2025-02-05 14:29:20,461 - INFO - OOKPvIhjRr3aUCmYAAAu: Sending packet MESSAGE data 0{"sid":"RbgRU6PO4kU5XCL8AAAv"}
2025-02-05 14:29:20,468 - INFO - OOKPvIhjRr3aUCmYAAAu: Received packet MESSAGE data 2["get-queue-status",{"username":"sam"}]
2025-02-05 14:29:20,468 - INFO - received event "get-queue-status" from RbgRU6PO4kU5XCL8AAAv [/]
2025-02-05 14:29:20,468 - INFO - OOKPvIhjRr3aUCmYAAAu: Received packet MESSAGE data 2["get-queue-status",{"username":"sam"}]
2025-02-05 14:29:20,468 - INFO - received event "get-queue-status" from RbgRU6PO4kU5XCL8AAAv [/]
2025-02-05 14:29:20,468 - INFO - OOKPvIhjRr3aUCmYAAAu: Received packet MESSAGE data 2["authenticate",{"username":"sam","token":"eyJhbGciOiJIUzI1NiIsInR5cCI6IkpXVCJ9.eyJmcmVzaCI6ZmFsc2UsImlhdCI6MTczODc2NTc0MiwianRpIjoiOGI4MThmOTctYzE1OS00NjY2LWI2NTAtMTU2NTBiMGZjMmExIiwidHlwZSI6ImFjY2VzcyIsInN1YiI6InNhbSIsIm5iZiI6MTczODc2NTc0MiwiY3NyZiI6ImRmZDQ4Mzc0LThjOWQtNDM5ZC05NDU5LWQzNWEzZTE4MzE0YyIsImV4cCI6MTczODc2NjY0Mn0.M6sKmzMvoEiQ1H5nr4tdsOtS5S91Zs_TRdudiE8Og_c"}]
2025-02-05 14:29:20,468 - INFO - received event "authenticate" from RbgRU6PO4kU5XCL8AAAv [/]
2025-02-05 14:29:20,468 - INFO - OOKPvIhjRr3aUCmYAAAu: Received packet MESSAGE data 2["get-queue-status",{"username":"sam"}]
2025-02-05 14:29:20,474 - INFO - received event "get-queue-status" from RbgRU6PO4kU5XCL8AAAv [/]
2025-02-05 14:29:20,474 - INFO - Authentication attempt for sam, RbgRU6PO4kU5XCL8AAAv
2025-02-05 14:29:20,474 - INFO - emitting event "queue_status" to RbgRU6PO4kU5XCL8AAAv [/]
2025-02-05 14:29:20,474 - INFO - OOKPvIhjRr3aUCmYAAAu: Sending packet MESSAGE data 2["queue_status",{"inQueue":false,"playersInQueue":1,"queue":["neil"]}]
2025-02-05 14:29:20,474 - INFO - Authentication successful for sam
2025-02-05 14:29:20,762 - INFO - OOKPvIhjRr3aUCmYAAAu: Received request to upgrade to websocket
2025-02-05 14:29:20,765 - INFO - OOKPvIhjRr3aUCmYAAAu: Upgrade to websocket successful
2025-02-05 14:29:21,735 - INFO - Client disconnected: 1JTGIIv5mcYpdrpnAAAt (Reason: transport close)
2025-02-05 14:29:21,735 - INFO - User neil disconnected
2025-02-05 14:29:22,104 - INFO - gXEIDdQQDJv429-sAAAw: Sending packet OPEN data {'sid': 'gXEIDdQQDJv429-sAAAw', 'upgrades': ['websocket'], 'pingTimeout': 5000000, 'pingInterval': 25000000, 'maxPayload': 1000000}
2025-02-05 14:29:22,110 - INFO - gXEIDdQQDJv429-sAAAw: Received packet MESSAGE data 0
2025-02-05 14:29:22,110 - INFO - New connection attempt from SID: 66HfRZaWM3AakEDAAAAx
2025-02-05 14:29:22,112 - INFO - Auth data received: {}
2025-02-05 14:29:22,112 - INFO - Awaiting authentication...
2025-02-05 14:29:22,112 - INFO - gXEIDdQQDJv429-sAAAw: Sending packet MESSAGE data 0{"sid":"66HfRZaWM3AakEDAAAAx"}
2025-02-05 14:29:22,363 - INFO - gXEIDdQQDJv429-sAAAw: Received packet MESSAGE data 2["get-queue-status",{"username":"neil"}]
2025-02-05 14:29:22,364 - INFO - received event "get-queue-status" from 66HfRZaWM3AakEDAAAAx [/]
2025-02-05 14:29:22,368 - INFO - gXEIDdQQDJv429-sAAAw: Received packet MESSAGE data 2["get-queue-status",{"username":"neil"}]
2025-02-05 14:29:22,368 - INFO - received event "get-queue-status" from 66HfRZaWM3AakEDAAAAx [/]
2025-02-05 14:29:22,368 - INFO - gXEIDdQQDJv429-sAAAw: Received packet MESSAGE data 2["authenticate",{"username":"neil","token":"eyJhbGciOiJIUzI1NiIsInR5cCI6IkpXVCJ9.eyJmcmVzaCI6ZmFsc2UsImlhdCI6MTczODc2NTc0NiwianRpIjoiOGQ4ZGZiZmYtNWY0MS00ZjZkLWIxNmQtZTgwNWQwNDg5ZGJlIiwidHlwZSI6ImFjY2VzcyIsInN1YiI6Im5laWwiLCJuYmYiOjE3Mzg3NjU3NDYsImNzcmYiOiI2Zjg5YTUxMi0yNDNhLTQ2ZTYtYmZhZS03YmM3OWYxOTQwN2UiLCJleHAiOjE3Mzg3NjY2NDZ9.rZKbHNhUTO28JMd1DhjCQFTv1zXjIKwx0TIhld9xo5Y"}]
2025-02-05 14:29:22,369 - INFO - received event "authenticate" from 66HfRZaWM3AakEDAAAAx [/]
2025-02-05 14:29:22,369 - INFO - gXEIDdQQDJv429-sAAAw: Received packet MESSAGE data 2["get-queue-status",{"username":"neil"}]
2025-02-05 14:29:22,369 - INFO - received event "get-queue-status" from 66HfRZaWM3AakEDAAAAx [/]
2025-02-05 14:29:22,370 - INFO - Authentication attempt for neil, 66HfRZaWM3AakEDAAAAx
2025-02-05 14:29:22,370 - INFO - emitting event "queue_status" to 66HfRZaWM3AakEDAAAAx [/]
2025-02-05 14:29:22,370 - INFO - gXEIDdQQDJv429-sAAAw: Sending packet MESSAGE data 2["queue_status",{"inQueue":true,"playersInQueue":1,"queue":["neil"]}]
2025-02-05 14:29:22,370 - INFO - Authentication successful for neil
2025-02-05 14:29:22,420 - INFO - gXEIDdQQDJv429-sAAAw: Received request to upgrade to websocket
2025-02-05 14:29:22,424 - INFO - gXEIDdQQDJv429-sAAAw: Upgrade to websocket successful
2025-02-05 14:29:24,041 - INFO - Client disconnected: RbgRU6PO4kU5XCL8AAAv (Reason: transport close)
2025-02-05 14:29:24,041 - INFO - User sam disconnected
2025-02-05 14:29:24,377 - INFO - celgt0IF4gwHNA57AAAy: Sending packet OPEN data {'sid': 'celgt0IF4gwHNA57AAAy', 'upgrades': ['websocket'], 'pingTimeout': 5000000, 'pingInterval': 25000000, 'maxPayload': 1000000}
2025-02-05 14:29:24,380 - INFO - celgt0IF4gwHNA57AAAy: Received packet MESSAGE data 0
2025-02-05 14:29:24,380 - INFO - New connection attempt from SID: 0mZyp1bBD9qQ801iAAAz
2025-02-05 14:29:24,380 - INFO - Auth data received: {}
2025-02-05 14:29:24,380 - INFO - Awaiting authentication...
2025-02-05 14:29:24,380 - INFO - celgt0IF4gwHNA57AAAy: Sending packet MESSAGE data 0{"sid":"0mZyp1bBD9qQ801iAAAz"}
2025-02-05 14:29:24,642 - INFO - celgt0IF4gwHNA57AAAy: Received packet MESSAGE data 2["get-queue-status",{"username":"sam"}]
2025-02-05 14:29:24,645 - INFO - received event "get-queue-status" from 0mZyp1bBD9qQ801iAAAz [/]
2025-02-05 14:29:24,647 - INFO - celgt0IF4gwHNA57AAAy: Received packet MESSAGE data 2["get-queue-status",{"username":"sam"}]
2025-02-05 14:29:24,647 - INFO - received event "get-queue-status" from 0mZyp1bBD9qQ801iAAAz [/]
2025-02-05 14:29:24,647 - INFO - celgt0IF4gwHNA57AAAy: Received packet MESSAGE data 2["authenticate",{"username":"sam","token":"eyJhbGciOiJIUzI1NiIsInR5cCI6IkpXVCJ9.eyJmcmVzaCI6ZmFsc2UsImlhdCI6MTczODc2NTc0MiwianRpIjoiOGI4MThmOTctYzE1OS00NjY2LWI2NTAtMTU2NTBiMGZjMmExIiwidHlwZSI6ImFjY2VzcyIsInN1YiI6InNhbSIsIm5iZiI6MTczODc2NTc0MiwiY3NyZiI6ImRmZDQ4Mzc0LThjOWQtNDM5ZC05NDU5LWQzNWEzZTE4MzE0YyIsImV4cCI6MTczODc2NjY0Mn0.M6sKmzMvoEiQ1H5nr4tdsOtS5S91Zs_TRdudiE8Og_c"}]
2025-02-05 14:29:24,647 - INFO - received event "authenticate" from 0mZyp1bBD9qQ801iAAAz [/]
2025-02-05 14:29:24,647 - INFO - celgt0IF4gwHNA57AAAy: Received packet MESSAGE data 2["get-queue-status",{"username":"sam"}]
2025-02-05 14:29:24,647 - INFO - received event "get-queue-status" from 0mZyp1bBD9qQ801iAAAz [/]
2025-02-05 14:29:24,652 - INFO - Authentication attempt for sam, 0mZyp1bBD9qQ801iAAAz
2025-02-05 14:29:24,652 - INFO - emitting event "queue_status" to 0mZyp1bBD9qQ801iAAAz [/]
2025-02-05 14:29:24,652 - INFO - celgt0IF4gwHNA57AAAy: Sending packet MESSAGE data 2["queue_status",{"inQueue":false,"playersInQueue":1,"queue":["neil"]}]
2025-02-05 14:29:24,652 - INFO - Authentication successful for sam
2025-02-05 14:29:24,695 - INFO - celgt0IF4gwHNA57AAAy: Received request to upgrade to websocket
2025-02-05 14:29:24,699 - INFO - celgt0IF4gwHNA57AAAy: Upgrade to websocket successful
2025-02-05 14:29:26,107 - INFO - celgt0IF4gwHNA57AAAy: Received packet MESSAGE data 2["join-queue",{"username":"sam"}]
2025-02-05 14:29:26,107 - INFO - received event "join-queue" from 0mZyp1bBD9qQ801iAAAz [/]
2025-02-05 14:29:26,794 - INFO - Client disconnected: 0mZyp1bBD9qQ801iAAAz (Reason: transport close)
2025-02-05 14:29:26,794 - INFO - User sam disconnected
2025-02-05 14:29:26,817 - INFO - nPAi40zjRDOtwBzvAAA0: Sending packet OPEN data {'sid': 'nPAi40zjRDOtwBzvAAA0', 'upgrades': ['websocket'], 'pingTimeout': 5000000, 'pingInterval': 25000000, 'maxPayload': 1000000}
2025-02-05 14:29:26,832 - INFO - nPAi40zjRDOtwBzvAAA0: Received packet MESSAGE data 0
2025-02-05 14:29:26,832 - INFO - New connection attempt from SID: 8dRwae7cPupDUDNFAAA1
2025-02-05 14:29:26,832 - INFO - Auth data received: {}
2025-02-05 14:29:26,832 - INFO - Awaiting authentication...
2025-02-05 14:29:26,832 - INFO - nPAi40zjRDOtwBzvAAA0: Sending packet MESSAGE data 0{"sid":"8dRwae7cPupDUDNFAAA1"}
2025-02-05 14:29:26,836 - INFO - nPAi40zjRDOtwBzvAAA0: Received packet MESSAGE data 2["get-queue-status",{"username":"sam"}]
2025-02-05 14:29:26,836 - INFO - received event "get-queue-status" from 8dRwae7cPupDUDNFAAA1 [/]
2025-02-05 14:29:26,836 - INFO - nPAi40zjRDOtwBzvAAA0: Received packet MESSAGE data 2["get-queue-status",{"username":"sam"}]
2025-02-05 14:29:26,836 - INFO - received event "get-queue-status" from 8dRwae7cPupDUDNFAAA1 [/]
2025-02-05 14:29:26,836 - INFO - nPAi40zjRDOtwBzvAAA0: Received packet MESSAGE data 2["authenticate",{"username":"sam","token":"eyJhbGciOiJIUzI1NiIsInR5cCI6IkpXVCJ9.eyJmcmVzaCI6ZmFsc2UsImlhdCI6MTczODc2NTc0MiwianRpIjoiOGI4MThmOTctYzE1OS00NjY2LWI2NTAtMTU2NTBiMGZjMmExIiwidHlwZSI6ImFjY2VzcyIsInN1YiI6InNhbSIsIm5iZiI6MTczODc2NTc0MiwiY3NyZiI6ImRmZDQ4Mzc0LThjOWQtNDM5ZC05NDU5LWQzNWEzZTE4MzE0YyIsImV4cCI6MTczODc2NjY0Mn0.M6sKmzMvoEiQ1H5nr4tdsOtS5S91Zs_TRdudiE8Og_c"}]
2025-02-05 14:29:26,836 - INFO - received event "authenticate" from 8dRwae7cPupDUDNFAAA1 [/]
2025-02-05 14:29:26,836 - INFO - nPAi40zjRDOtwBzvAAA0: Received packet MESSAGE data 2["get-queue-status",{"username":"sam"}]
2025-02-05 14:29:26,836 - INFO - received event "get-queue-status" from 8dRwae7cPupDUDNFAAA1 [/]
2025-02-05 14:29:26,841 - INFO - Authentication attempt for sam, 8dRwae7cPupDUDNFAAA1
2025-02-05 14:29:26,841 - INFO - emitting event "queue_status" to 8dRwae7cPupDUDNFAAA1 [/]
2025-02-05 14:29:26,841 - INFO - nPAi40zjRDOtwBzvAAA0: Sending packet MESSAGE data 2["queue_status",{"inQueue":false,"playersInQueue":1,"queue":["neil"]}]
2025-02-05 14:29:26,843 - INFO - Authentication successful for sam
2025-02-05 14:29:27,144 - INFO - nPAi40zjRDOtwBzvAAA0: Received request to upgrade to websocket
2025-02-05 14:29:27,145 - INFO - nPAi40zjRDOtwBzvAAA0: Upgrade to websocket successful
2025-02-05 14:30:47,881 - INFO - Client disconnected: 66HfRZaWM3AakEDAAAAx (Reason: transport close)
2025-02-05 14:30:47,881 - INFO - User neil disconnected
2025-02-05 14:30:48,243 - INFO - mOVfcbEGCKYuunJQAAA2: Sending packet OPEN data {'sid': 'mOVfcbEGCKYuunJQAAA2', 'upgrades': ['websocket'], 'pingTimeout': 5000000, 'pingInterval': 25000000, 'maxPayload': 1000000}
2025-02-05 14:30:48,251 - INFO - mOVfcbEGCKYuunJQAAA2: Received packet MESSAGE data 0
2025-02-05 14:30:48,251 - INFO - New connection attempt from SID: lLOVPgEWasSSTnvAAAA3
2025-02-05 14:30:48,251 - INFO - Auth data received: {}
2025-02-05 14:30:48,251 - INFO - Awaiting authentication...
2025-02-05 14:30:48,251 - INFO - mOVfcbEGCKYuunJQAAA2: Sending packet MESSAGE data 0{"sid":"lLOVPgEWasSSTnvAAAA3"}
2025-02-05 14:30:48,514 - INFO - mOVfcbEGCKYuunJQAAA2: Received packet MESSAGE data 2["get-queue-status",{"username":"neil"}]
2025-02-05 14:30:48,514 - INFO - received event "get-queue-status" from lLOVPgEWasSSTnvAAAA3 [/]
2025-02-05 14:30:48,519 - INFO - mOVfcbEGCKYuunJQAAA2: Received packet MESSAGE data 2["get-queue-status",{"username":"neil"}]
2025-02-05 14:30:48,519 - INFO - received event "get-queue-status" from lLOVPgEWasSSTnvAAAA3 [/]
2025-02-05 14:30:48,520 - INFO - mOVfcbEGCKYuunJQAAA2: Received packet MESSAGE data 2["authenticate",{"username":"neil","token":"eyJhbGciOiJIUzI1NiIsInR5cCI6IkpXVCJ9.eyJmcmVzaCI6ZmFsc2UsImlhdCI6MTczODc2NTc0NiwianRpIjoiOGQ4ZGZiZmYtNWY0MS00ZjZkLWIxNmQtZTgwNWQwNDg5ZGJlIiwidHlwZSI6ImFjY2VzcyIsInN1YiI6Im5laWwiLCJuYmYiOjE3Mzg3NjU3NDYsImNzcmYiOiI2Zjg5YTUxMi0yNDNhLTQ2ZTYtYmZhZS03YmM3OWYxOTQwN2UiLCJleHAiOjE3Mzg3NjY2NDZ9.rZKbHNhUTO28JMd1DhjCQFTv1zXjIKwx0TIhld9xo5Y"}]
2025-02-05 14:30:48,520 - INFO - received event "authenticate" from lLOVPgEWasSSTnvAAAA3 [/]
2025-02-05 14:30:48,520 - INFO - mOVfcbEGCKYuunJQAAA2: Received packet MESSAGE data 2["get-queue-status",{"username":"neil"}]
2025-02-05 14:30:48,520 - INFO - received event "get-queue-status" from lLOVPgEWasSSTnvAAAA3 [/]
2025-02-05 14:30:48,522 - INFO - Authentication attempt for neil, lLOVPgEWasSSTnvAAAA3
2025-02-05 14:30:48,522 - INFO - emitting event "queue_status" to lLOVPgEWasSSTnvAAAA3 [/]
2025-02-05 14:30:48,522 - INFO - mOVfcbEGCKYuunJQAAA2: Sending packet MESSAGE data 2["queue_status",{"inQueue":true,"playersInQueue":1,"queue":["neil"]}]
2025-02-05 14:30:48,522 - INFO - Authentication successful for neil
2025-02-05 14:30:48,570 - INFO - mOVfcbEGCKYuunJQAAA2: Received request to upgrade to websocket
2025-02-05 14:30:48,573 - INFO - mOVfcbEGCKYuunJQAAA2: Upgrade to websocket successful
2025-02-05 14:30:49,730 - INFO - mOVfcbEGCKYuunJQAAA2: Received packet MESSAGE data 2["leave-queue",{"username":"neil"}]
2025-02-05 14:30:49,731 - INFO - received event "leave-queue" from lLOVPgEWasSSTnvAAAA3 [/]
2025-02-05 14:30:57,757 - INFO - Client disconnected: 8dRwae7cPupDUDNFAAA1 (Reason: transport close)
2025-02-05 14:30:57,757 - INFO - User sam disconnected
2025-02-05 14:31:04,329 - INFO - Client disconnected: lLOVPgEWasSSTnvAAAA3 (Reason: transport close)
2025-02-05 14:31:04,372 - INFO - User neil disconnected
2025-02-05 14:31:04,740 - INFO - rAsh2X7QjGcQclgeAAA4: Sending packet OPEN data {'sid': 'rAsh2X7QjGcQclgeAAA4', 'upgrades': ['websocket'], 'pingTimeout': 5000000, 'pingInterval': 25000000, 'maxPayload': 1000000}
2025-02-05 14:31:04,754 - INFO - rAsh2X7QjGcQclgeAAA4: Received packet MESSAGE data 0
2025-02-05 14:31:04,756 - INFO - New connection attempt from SID: 8u5UxtaSQeyDmt5IAAA5
2025-02-05 14:31:04,756 - INFO - Auth data received: {}
2025-02-05 14:31:04,756 - INFO - Awaiting authentication...
2025-02-05 14:31:04,758 - INFO - rAsh2X7QjGcQclgeAAA4: Sending packet MESSAGE data 0{"sid":"8u5UxtaSQeyDmt5IAAA5"}
2025-02-05 14:31:04,970 - INFO - O3h935HmkG1H5B-HAAA6: Sending packet OPEN data {'sid': 'O3h935HmkG1H5B-HAAA6', 'upgrades': ['websocket'], 'pingTimeout': 5000000, 'pingInterval': 25000000, 'maxPayload': 1000000}
2025-02-05 14:31:04,981 - INFO - O3h935HmkG1H5B-HAAA6: Received packet MESSAGE data 0
2025-02-05 14:31:04,984 - INFO - New connection attempt from SID: 5FMXUiihCfkjDijtAAA7
2025-02-05 14:31:04,985 - INFO - Auth data received: {}
2025-02-05 14:31:04,985 - INFO - Awaiting authentication...
2025-02-05 14:31:04,985 - INFO - O3h935HmkG1H5B-HAAA6: Sending packet MESSAGE data 0{"sid":"5FMXUiihCfkjDijtAAA7"}
2025-02-05 14:31:05,004 - INFO - rAsh2X7QjGcQclgeAAA4: Received packet MESSAGE data 2["authenticate",{"username":"sam","token":"eyJhbGciOiJIUzI1NiIsInR5cCI6IkpXVCJ9.eyJmcmVzaCI6ZmFsc2UsImlhdCI6MTczODc2NTc0MiwianRpIjoiOGI4MThmOTctYzE1OS00NjY2LWI2NTAtMTU2NTBiMGZjMmExIiwidHlwZSI6ImFjY2VzcyIsInN1YiI6InNhbSIsIm5iZiI6MTczODc2NTc0MiwiY3NyZiI6ImRmZDQ4Mzc0LThjOWQtNDM5ZC05NDU5LWQzNWEzZTE4MzE0YyIsImV4cCI6MTczODc2NjY0Mn0.M6sKmzMvoEiQ1H5nr4tdsOtS5S91Zs_TRdudiE8Og_c"}]
2025-02-05 14:31:05,007 - INFO - received event "authenticate" from 8u5UxtaSQeyDmt5IAAA5 [/]
2025-02-05 14:31:05,009 - INFO - Authentication attempt for sam, 8u5UxtaSQeyDmt5IAAA5
2025-02-05 14:31:05,014 - INFO - emitting event "queue_status" to 8u5UxtaSQeyDmt5IAAA5 [/]
2025-02-05 14:31:05,014 - INFO - rAsh2X7QjGcQclgeAAA4: Sending packet MESSAGE data 2["queue_status",{"inQueue":false,"playersInQueue":1,"queue":["neil"]}]
2025-02-05 14:31:05,016 - INFO - Authentication successful for sam
2025-02-05 14:31:05,016 - INFO - rAsh2X7QjGcQclgeAAA4: Received packet MESSAGE data 2["get-queue-status",{"username":"sam"}]
2025-02-05 14:31:05,018 - INFO - received event "get-queue-status" from 8u5UxtaSQeyDmt5IAAA5 [/]
2025-02-05 14:31:05,055 - INFO - rAsh2X7QjGcQclgeAAA4: Received request to upgrade to websocket
2025-02-05 14:31:05,072 - INFO - rAsh2X7QjGcQclgeAAA4: Upgrade to websocket successful
2025-02-05 14:31:05,254 - INFO - O3h935HmkG1H5B-HAAA6: Received packet MESSAGE data 2["get-queue-status",{"username":"neil"}]
2025-02-05 14:31:05,261 - INFO - received event "get-queue-status" from 5FMXUiihCfkjDijtAAA7 [/]
2025-02-05 14:31:05,268 - INFO - O3h935HmkG1H5B-HAAA6: Received packet MESSAGE data 2["get-queue-status",{"username":"neil"}]
2025-02-05 14:31:05,272 - INFO - received event "get-queue-status" from 5FMXUiihCfkjDijtAAA7 [/]
2025-02-05 14:31:05,272 - INFO - O3h935HmkG1H5B-HAAA6: Received packet MESSAGE data 2["authenticate",{"username":"neil","token":"eyJhbGciOiJIUzI1NiIsInR5cCI6IkpXVCJ9.eyJmcmVzaCI6ZmFsc2UsImlhdCI6MTczODc2NTc0NiwianRpIjoiOGQ4ZGZiZmYtNWY0MS00ZjZkLWIxNmQtZTgwNWQwNDg5ZGJlIiwidHlwZSI6ImFjY2VzcyIsInN1YiI6Im5laWwiLCJuYmYiOjE3Mzg3NjU3NDYsImNzcmYiOiI2Zjg5YTUxMi0yNDNhLTQ2ZTYtYmZhZS03YmM3OWYxOTQwN2UiLCJleHAiOjE3Mzg3NjY2NDZ9.rZKbHNhUTO28JMd1DhjCQFTv1zXjIKwx0TIhld9xo5Y"}]
2025-02-05 14:31:05,274 - INFO - received event "authenticate" from 5FMXUiihCfkjDijtAAA7 [/]
2025-02-05 14:31:05,274 - INFO - O3h935HmkG1H5B-HAAA6: Received packet MESSAGE data 2["get-queue-status",{"username":"neil"}]
2025-02-05 14:31:05,274 - INFO - received event "get-queue-status" from 5FMXUiihCfkjDijtAAA7 [/]
2025-02-05 14:31:05,278 - INFO - Authentication attempt for neil, 5FMXUiihCfkjDijtAAA7
2025-02-05 14:31:05,278 - INFO - emitting event "queue_status" to 5FMXUiihCfkjDijtAAA7 [/]
2025-02-05 14:31:05,280 - INFO - O3h935HmkG1H5B-HAAA6: Sending packet MESSAGE data 2["queue_status",{"inQueue":true,"playersInQueue":1,"queue":["neil"]}]
2025-02-05 14:31:05,280 - INFO - Authentication successful for neil
2025-02-05 14:31:05,286 - INFO - O3h935HmkG1H5B-HAAA6: Received request to upgrade to websocket
2025-02-05 14:31:05,302 - INFO - O3h935HmkG1H5B-HAAA6: Upgrade to websocket successful
2025-02-05 14:31:06,252 - INFO - Client disconnected: 8u5UxtaSQeyDmt5IAAA5 (Reason: transport close)
2025-02-05 14:40:34,312 - INFO - User sam disconnected
2025-02-05 14:40:34,345 - INFO - Client disconnected: 5FMXUiihCfkjDijtAAA7 (Reason: transport close)
2025-02-05 14:40:34,352 - INFO - User neil disconnected
2025-02-05 14:40:35,240 - INFO - zVQQVTcVI2pVDQrZAAA8: Sending packet OPEN data {'sid': 'zVQQVTcVI2pVDQrZAAA8', 'upgrades': ['websocket'], 'pingTimeout': 5000000, 'pingInterval': 25000000, 'maxPayload': 1000000}
2025-02-05 14:40:35,257 - INFO - zVQQVTcVI2pVDQrZAAA8: Received packet MESSAGE data 0
2025-02-05 14:40:35,259 - INFO - New connection attempt from SID: XTH4dNKMuE29zdudAAA9
2025-02-05 14:40:35,261 - INFO - Auth data received: {}
2025-02-05 14:40:35,261 - INFO - Awaiting authentication...
2025-02-05 14:40:35,261 - INFO - zVQQVTcVI2pVDQrZAAA8: Sending packet MESSAGE data 0{"sid":"XTH4dNKMuE29zdudAAA9"}
2025-02-05 14:40:35,476 - INFO - zVQQVTcVI2pVDQrZAAA8: Received packet MESSAGE data 2["get-queue-status",{"username":"neil"}]
2025-02-05 14:40:35,477 - INFO - received event "get-queue-status" from XTH4dNKMuE29zdudAAA9 [/]
2025-02-05 14:40:35,484 - INFO - zVQQVTcVI2pVDQrZAAA8: Received packet MESSAGE data 2["get-queue-status",{"username":"neil"}]
2025-02-05 14:40:35,484 - INFO - received event "get-queue-status" from XTH4dNKMuE29zdudAAA9 [/]
2025-02-05 14:40:35,486 - INFO - zVQQVTcVI2pVDQrZAAA8: Received packet MESSAGE data 2["authenticate",{"username":"neil","token":"eyJhbGciOiJIUzI1NiIsInR5cCI6IkpXVCJ9.eyJmcmVzaCI6ZmFsc2UsImlhdCI6MTczODc2NTc0NiwianRpIjoiOGQ4ZGZiZmYtNWY0MS00ZjZkLWIxNmQtZTgwNWQwNDg5ZGJlIiwidHlwZSI6ImFjY2VzcyIsInN1YiI6Im5laWwiLCJuYmYiOjE3Mzg3NjU3NDYsImNzcmYiOiI2Zjg5YTUxMi0yNDNhLTQ2ZTYtYmZhZS03YmM3OWYxOTQwN2UiLCJleHAiOjE3Mzg3NjY2NDZ9.rZKbHNhUTO28JMd1DhjCQFTv1zXjIKwx0TIhld9xo5Y"}]
2025-02-05 14:40:35,486 - INFO - received event "authenticate" from XTH4dNKMuE29zdudAAA9 [/]
2025-02-05 14:40:35,486 - INFO - zVQQVTcVI2pVDQrZAAA8: Received packet MESSAGE data 2["get-queue-status",{"username":"neil"}]
2025-02-05 14:40:35,486 - INFO - received event "get-queue-status" from XTH4dNKMuE29zdudAAA9 [/]
2025-02-05 14:40:35,490 - INFO - Authentication attempt for neil, XTH4dNKMuE29zdudAAA9
2025-02-05 14:40:35,490 - INFO - emitting event "queue_status" to XTH4dNKMuE29zdudAAA9 [/]
2025-02-05 14:40:35,490 - INFO - zVQQVTcVI2pVDQrZAAA8: Sending packet MESSAGE data 2["queue_status",{"inQueue":true,"playersInQueue":1,"queue":["neil"]}]
2025-02-05 14:40:35,490 - INFO - Authentication successful for neil
2025-02-05 14:40:35,570 - INFO - zVQQVTcVI2pVDQrZAAA8: Received request to upgrade to websocket
2025-02-05 14:40:35,579 - INFO - zVQQVTcVI2pVDQrZAAA8: Upgrade to websocket successful
2025-02-05 14:40:36,133 - INFO - Client disconnected: XTH4dNKMuE29zdudAAA9 (Reason: transport close)
2025-02-05 14:47:10,991 - INFO - User neil disconnected
2025-02-05 14:47:11,259 - INFO - U_lLlO4oIY8w-8JbAAA-: Sending packet OPEN data {'sid': 'U_lLlO4oIY8w-8JbAAA-', 'upgrades': ['websocket'], 'pingTimeout': 5000000, 'pingInterval': 25000000, 'maxPayload': 1000000}
2025-02-05 14:47:11,315 - INFO - U_lLlO4oIY8w-8JbAAA-: Received packet MESSAGE data 0
2025-02-05 14:47:11,363 - INFO - New connection attempt from SID: 6H7XLho7k7CeutaEAAA_
2025-02-05 14:47:11,487 - INFO - Auth data received: {}
2025-02-05 14:47:11,565 - INFO - Awaiting authentication...
2025-02-05 14:47:11,640 - INFO - U_lLlO4oIY8w-8JbAAA-: Sending packet MESSAGE data 0{"sid":"6H7XLho7k7CeutaEAAA_"}
2025-02-05 14:47:11,782 - INFO - U_lLlO4oIY8w-8JbAAA-: Received request to upgrade to websocket
2025-02-05 14:47:12,122 - INFO - U_lLlO4oIY8w-8JbAAA-: Upgrade to websocket successful
2025-02-05 14:47:12,126 - INFO - U_lLlO4oIY8w-8JbAAA-: Received packet MESSAGE data 2["get-queue-status",{"username":"neil"}]
2025-02-05 14:47:12,130 - INFO - received event "get-queue-status" from 6H7XLho7k7CeutaEAAA_ [/]
2025-02-05 14:47:12,130 - INFO - U_lLlO4oIY8w-8JbAAA-: Received packet MESSAGE data 2["get-queue-status",{"username":"neil"}]
2025-02-05 14:47:12,132 - INFO - received event "get-queue-status" from 6H7XLho7k7CeutaEAAA_ [/]
2025-02-05 14:47:12,141 - INFO - U_lLlO4oIY8w-8JbAAA-: Received packet MESSAGE data 2["authenticate",{"username":"neil","token":"eyJhbGciOiJIUzI1NiIsInR5cCI6IkpXVCJ9.eyJmcmVzaCI6ZmFsc2UsImlhdCI6MTczODc2NTc0NiwianRpIjoiOGQ4ZGZiZmYtNWY0MS00ZjZkLWIxNmQtZTgwNWQwNDg5ZGJlIiwidHlwZSI6ImFjY2VzcyIsInN1YiI6Im5laWwiLCJuYmYiOjE3Mzg3NjU3NDYsImNzcmYiOiI2Zjg5YTUxMi0yNDNhLTQ2ZTYtYmZhZS03YmM3OWYxOTQwN2UiLCJleHAiOjE3Mzg3NjY2NDZ9.rZKbHNhUTO28JMd1DhjCQFTv1zXjIKwx0TIhld9xo5Y"}]
2025-02-05 14:47:12,151 - INFO - received event "authenticate" from 6H7XLho7k7CeutaEAAA_ [/]
2025-02-05 14:47:12,163 - INFO - U_lLlO4oIY8w-8JbAAA-: Received packet MESSAGE data 2["get-queue-status",{"username":"neil"}]
2025-02-05 14:47:12,173 - INFO - received event "get-queue-status" from 6H7XLho7k7CeutaEAAA_ [/]
2025-02-05 14:47:12,184 - INFO - Authentication attempt for neil, 6H7XLho7k7CeutaEAAA_
2025-02-05 14:47:12,185 - INFO - emitting event "queue_status" to 6H7XLho7k7CeutaEAAA_ [/]
2025-02-05 14:47:12,195 - INFO - U_lLlO4oIY8w-8JbAAA-: Sending packet MESSAGE data 2["queue_status",{"inQueue":true,"playersInQueue":1,"queue":["neil"]}]
2025-02-05 14:47:12,197 - INFO - Authentication successful for neil
2025-02-05 14:47:13,031 - INFO - Client disconnected: 6H7XLho7k7CeutaEAAA_ (Reason: transport close)
2025-02-05 14:47:13,033 - INFO - User neil disconnected
2025-02-05 14:47:13,520 - INFO - ZChlWj1BYo9NPicwAABA: Sending packet OPEN data {'sid': 'ZChlWj1BYo9NPicwAABA', 'upgrades': ['websocket'], 'pingTimeout': 5000000, 'pingInterval': 25000000, 'maxPayload': 1000000}
2025-02-05 14:47:13,536 - INFO - ZChlWj1BYo9NPicwAABA: Received packet MESSAGE data 0
2025-02-05 14:47:13,538 - INFO - New connection attempt from SID: _Ih_g2CvnLerkLGAAABB
2025-02-05 14:47:13,540 - INFO - Auth data received: {}
2025-02-05 14:47:13,542 - INFO - Awaiting authentication...
2025-02-05 14:47:13,544 - INFO - ZChlWj1BYo9NPicwAABA: Sending packet MESSAGE data 0{"sid":"_Ih_g2CvnLerkLGAAABB"}
2025-02-05 14:47:13,776 - INFO - ZChlWj1BYo9NPicwAABA: Received packet MESSAGE data 2["get-queue-status",{"username":"neil"}]
2025-02-05 14:47:13,778 - INFO - received event "get-queue-status" from _Ih_g2CvnLerkLGAAABB [/]
2025-02-05 14:47:13,788 - INFO - ZChlWj1BYo9NPicwAABA: Received packet MESSAGE data 2["get-queue-status",{"username":"neil"}]
2025-02-05 14:47:13,790 - INFO - received event "get-queue-status" from _Ih_g2CvnLerkLGAAABB [/]
2025-02-05 14:47:13,792 - INFO - ZChlWj1BYo9NPicwAABA: Received packet MESSAGE data 2["authenticate",{"username":"neil","token":"eyJhbGciOiJIUzI1NiIsInR5cCI6IkpXVCJ9.eyJmcmVzaCI6ZmFsc2UsImlhdCI6MTczODc2NTc0NiwianRpIjoiOGQ4ZGZiZmYtNWY0MS00ZjZkLWIxNmQtZTgwNWQwNDg5ZGJlIiwidHlwZSI6ImFjY2VzcyIsInN1YiI6Im5laWwiLCJuYmYiOjE3Mzg3NjU3NDYsImNzcmYiOiI2Zjg5YTUxMi0yNDNhLTQ2ZTYtYmZhZS03YmM3OWYxOTQwN2UiLCJleHAiOjE3Mzg3NjY2NDZ9.rZKbHNhUTO28JMd1DhjCQFTv1zXjIKwx0TIhld9xo5Y"}]
2025-02-05 14:47:13,794 - INFO - received event "authenticate" from _Ih_g2CvnLerkLGAAABB [/]
2025-02-05 14:47:13,796 - INFO - ZChlWj1BYo9NPicwAABA: Received packet MESSAGE data 2["get-queue-status",{"username":"neil"}]
2025-02-05 14:47:13,798 - INFO - received event "get-queue-status" from _Ih_g2CvnLerkLGAAABB [/]
2025-02-05 14:47:13,804 - INFO - Authentication attempt for neil, _Ih_g2CvnLerkLGAAABB
2025-02-05 14:47:13,804 - INFO - emitting event "queue_status" to _Ih_g2CvnLerkLGAAABB [/]
2025-02-05 14:47:13,810 - INFO - ZChlWj1BYo9NPicwAABA: Sending packet MESSAGE data 2["queue_status",{"inQueue":true,"playersInQueue":1,"queue":["neil"]}]
2025-02-05 14:47:13,814 - INFO - Authentication successful for neil
2025-02-05 14:47:13,842 - INFO - ZChlWj1BYo9NPicwAABA: Received request to upgrade to websocket
2025-02-05 14:47:13,877 - INFO - ZChlWj1BYo9NPicwAABA: Upgrade to websocket successful
2025-02-05 14:47:15,601 - INFO - 0nYV3lGPelb0rzFAAABC: Sending packet OPEN data {'sid': '0nYV3lGPelb0rzFAAABC', 'upgrades': ['websocket'], 'pingTimeout': 5000000, 'pingInterval': 25000000, 'maxPayload': 1000000}
2025-02-05 14:47:15,608 - INFO - 0nYV3lGPelb0rzFAAABC: Received packet MESSAGE data 0
2025-02-05 14:47:15,610 - INFO - New connection attempt from SID: Um3y9SmW4Ssm0U9BAABD
2025-02-05 14:47:15,610 - INFO - Auth data received: {}
2025-02-05 14:47:15,610 - INFO - Awaiting authentication...
2025-02-05 14:47:15,610 - INFO - 0nYV3lGPelb0rzFAAABC: Sending packet MESSAGE data 0{"sid":"Um3y9SmW4Ssm0U9BAABD"}
2025-02-05 14:47:15,873 - INFO - 0nYV3lGPelb0rzFAAABC: Received packet MESSAGE data 2["authenticate",{"username":"sam","token":"eyJhbGciOiJIUzI1NiIsInR5cCI6IkpXVCJ9.eyJmcmVzaCI6ZmFsc2UsImlhdCI6MTczODc2NTc0MiwianRpIjoiOGI4MThmOTctYzE1OS00NjY2LWI2NTAtMTU2NTBiMGZjMmExIiwidHlwZSI6ImFjY2VzcyIsInN1YiI6InNhbSIsIm5iZiI6MTczODc2NTc0MiwiY3NyZiI6ImRmZDQ4Mzc0LThjOWQtNDM5ZC05NDU5LWQzNWEzZTE4MzE0YyIsImV4cCI6MTczODc2NjY0Mn0.M6sKmzMvoEiQ1H5nr4tdsOtS5S91Zs_TRdudiE8Og_c"}]
2025-02-05 14:47:15,873 - INFO - received event "authenticate" from Um3y9SmW4Ssm0U9BAABD [/]
2025-02-05 14:47:15,875 - INFO - Authentication attempt for sam, Um3y9SmW4Ssm0U9BAABD
2025-02-05 14:47:15,877 - INFO - emitting event "queue_status" to Um3y9SmW4Ssm0U9BAABD [/]
2025-02-05 14:47:15,877 - INFO - 0nYV3lGPelb0rzFAAABC: Sending packet MESSAGE data 2["queue_status",{"inQueue":false,"playersInQueue":1,"queue":["neil"]}]
2025-02-05 14:47:15,879 - INFO - Authentication successful for sam
2025-02-05 14:47:15,881 - INFO - 0nYV3lGPelb0rzFAAABC: Received packet MESSAGE data 2["get-queue-status",{"username":"sam"}]
2025-02-05 14:47:15,881 - INFO - received event "get-queue-status" from Um3y9SmW4Ssm0U9BAABD [/]
2025-02-05 14:47:15,920 - INFO - 0nYV3lGPelb0rzFAAABC: Received request to upgrade to websocket
2025-02-05 14:47:15,920 - INFO - 0nYV3lGPelb0rzFAAABC: Upgrade to websocket successful
2025-02-05 14:47:17,988 - INFO - Client disconnected: _Ih_g2CvnLerkLGAAABB (Reason: transport close)
2025-02-05 14:47:18,016 - INFO - User neil disconnected
2025-02-05 14:47:18,113 - INFO - iHRVHA_RY8tnQ_R_AABE: Sending packet OPEN data {'sid': 'iHRVHA_RY8tnQ_R_AABE', 'upgrades': ['websocket'], 'pingTimeout': 5000000, 'pingInterval': 25000000, 'maxPayload': 1000000}
2025-02-05 14:47:18,136 - INFO - iHRVHA_RY8tnQ_R_AABE: Received packet MESSAGE data 0
2025-02-05 14:47:18,138 - INFO - New connection attempt from SID: S2foA7gByPev6LYtAABF
2025-02-05 14:47:18,138 - INFO - Auth data received: {}
2025-02-05 14:47:18,138 - INFO - Awaiting authentication...
2025-02-05 14:47:18,140 - INFO - iHRVHA_RY8tnQ_R_AABE: Sending packet MESSAGE data 0{"sid":"S2foA7gByPev6LYtAABF"}
2025-02-05 14:47:18,164 - INFO - iHRVHA_RY8tnQ_R_AABE: Received packet MESSAGE data 2["get-queue-status",{"username":"neil"}]
2025-02-05 14:47:18,180 - INFO - received event "get-queue-status" from S2foA7gByPev6LYtAABF [/]
2025-02-05 14:47:18,188 - INFO - iHRVHA_RY8tnQ_R_AABE: Received packet MESSAGE data 2["get-queue-status",{"username":"neil"}]
2025-02-05 14:47:18,193 - INFO - received event "get-queue-status" from S2foA7gByPev6LYtAABF [/]
2025-02-05 14:47:18,197 - INFO - iHRVHA_RY8tnQ_R_AABE: Received packet MESSAGE data 2["authenticate",{"username":"neil","token":"eyJhbGciOiJIUzI1NiIsInR5cCI6IkpXVCJ9.eyJmcmVzaCI6ZmFsc2UsImlhdCI6MTczODc2NTc0NiwianRpIjoiOGQ4ZGZiZmYtNWY0MS00ZjZkLWIxNmQtZTgwNWQwNDg5ZGJlIiwidHlwZSI6ImFjY2VzcyIsInN1YiI6Im5laWwiLCJuYmYiOjE3Mzg3NjU3NDYsImNzcmYiOiI2Zjg5YTUxMi0yNDNhLTQ2ZTYtYmZhZS03YmM3OWYxOTQwN2UiLCJleHAiOjE3Mzg3NjY2NDZ9.rZKbHNhUTO28JMd1DhjCQFTv1zXjIKwx0TIhld9xo5Y"}]
2025-02-05 14:47:18,197 - INFO - received event "authenticate" from S2foA7gByPev6LYtAABF [/]
2025-02-05 14:47:18,197 - INFO - iHRVHA_RY8tnQ_R_AABE: Received packet MESSAGE data 2["get-queue-status",{"username":"neil"}]
2025-02-05 14:47:18,199 - INFO - received event "get-queue-status" from S2foA7gByPev6LYtAABF [/]
2025-02-05 14:47:18,200 - INFO - Authentication attempt for neil, S2foA7gByPev6LYtAABF
2025-02-05 14:47:18,203 - INFO - emitting event "queue_status" to S2foA7gByPev6LYtAABF [/]
2025-02-05 14:47:18,203 - INFO - iHRVHA_RY8tnQ_R_AABE: Sending packet MESSAGE data 2["queue_status",{"inQueue":true,"playersInQueue":1,"queue":["neil"]}]
2025-02-05 14:47:18,203 - INFO - Authentication successful for neil
2025-02-05 14:47:18,470 - INFO - iHRVHA_RY8tnQ_R_AABE: Received request to upgrade to websocket
2025-02-05 14:47:18,480 - INFO - iHRVHA_RY8tnQ_R_AABE: Upgrade to websocket successful
2025-02-05 14:47:19,311 - INFO - iHRVHA_RY8tnQ_R_AABE: Received packet MESSAGE data 2["leave-queue",{"username":"neil"}]
2025-02-05 14:47:19,311 - INFO - received event "leave-queue" from S2foA7gByPev6LYtAABF [/]
2025-02-05 14:47:21,159 - INFO - Client disconnected: S2foA7gByPev6LYtAABF (Reason: transport close)
2025-02-05 14:47:21,167 - INFO - User neil disconnected
2025-02-05 14:47:21,610 - INFO - elMdFXL6rCYfUkfnAABG: Sending packet OPEN data {'sid': 'elMdFXL6rCYfUkfnAABG', 'upgrades': ['websocket'], 'pingTimeout': 5000000, 'pingInterval': 25000000, 'maxPayload': 1000000}
2025-02-05 14:47:21,622 - INFO - elMdFXL6rCYfUkfnAABG: Received packet MESSAGE data 0
2025-02-05 14:47:21,623 - INFO - New connection attempt from SID: qN46xOdk0VwSdtBYAABH
2025-02-05 14:47:21,625 - INFO - Auth data received: {}
2025-02-05 14:47:21,625 - INFO - Awaiting authentication...
2025-02-05 14:47:21,625 - INFO - elMdFXL6rCYfUkfnAABG: Sending packet MESSAGE data 0{"sid":"qN46xOdk0VwSdtBYAABH"}
2025-02-05 14:47:21,860 - INFO - elMdFXL6rCYfUkfnAABG: Received packet MESSAGE data 2["get-queue-status",{"username":"neil"}]
2025-02-05 14:47:21,865 - INFO - received event "get-queue-status" from qN46xOdk0VwSdtBYAABH [/]
2025-02-05 14:47:21,873 - INFO - elMdFXL6rCYfUkfnAABG: Received packet MESSAGE data 2["get-queue-status",{"username":"neil"}]
2025-02-05 14:47:21,876 - INFO - received event "get-queue-status" from qN46xOdk0VwSdtBYAABH [/]
2025-02-05 14:47:21,876 - INFO - elMdFXL6rCYfUkfnAABG: Received packet MESSAGE data 2["authenticate",{"username":"neil","token":"eyJhbGciOiJIUzI1NiIsInR5cCI6IkpXVCJ9.eyJmcmVzaCI6ZmFsc2UsImlhdCI6MTczODc2NTc0NiwianRpIjoiOGQ4ZGZiZmYtNWY0MS00ZjZkLWIxNmQtZTgwNWQwNDg5ZGJlIiwidHlwZSI6ImFjY2VzcyIsInN1YiI6Im5laWwiLCJuYmYiOjE3Mzg3NjU3NDYsImNzcmYiOiI2Zjg5YTUxMi0yNDNhLTQ2ZTYtYmZhZS03YmM3OWYxOTQwN2UiLCJleHAiOjE3Mzg3NjY2NDZ9.rZKbHNhUTO28JMd1DhjCQFTv1zXjIKwx0TIhld9xo5Y"}]
2025-02-05 14:47:21,876 - INFO - received event "authenticate" from qN46xOdk0VwSdtBYAABH [/]
2025-02-05 14:47:21,876 - INFO - elMdFXL6rCYfUkfnAABG: Received packet MESSAGE data 2["get-queue-status",{"username":"neil"}]
2025-02-05 14:47:21,876 - INFO - received event "get-queue-status" from qN46xOdk0VwSdtBYAABH [/]
2025-02-05 14:47:21,880 - INFO - Authentication attempt for neil, qN46xOdk0VwSdtBYAABH
2025-02-05 14:47:21,880 - INFO - emitting event "queue_status" to qN46xOdk0VwSdtBYAABH [/]
2025-02-05 14:47:21,880 - INFO - elMdFXL6rCYfUkfnAABG: Sending packet MESSAGE data 2["queue_status",{"inQueue":true,"playersInQueue":1,"queue":["neil"]}]
2025-02-05 14:47:21,880 - INFO - Authentication successful for neil
2025-02-05 14:47:21,940 - INFO - elMdFXL6rCYfUkfnAABG: Received request to upgrade to websocket
2025-02-05 14:47:21,948 - INFO - elMdFXL6rCYfUkfnAABG: Upgrade to websocket successful
2025-02-05 14:47:23,649 - INFO - elMdFXL6rCYfUkfnAABG: Received packet MESSAGE data 2["leave-queue",{"username":"neil"}]
2025-02-05 14:47:23,651 - INFO - received event "leave-queue" from qN46xOdk0VwSdtBYAABH [/]
2025-02-05 14:47:24,454 - INFO - Client disconnected: qN46xOdk0VwSdtBYAABH (Reason: transport close)
2025-02-05 14:47:24,456 - INFO - User neil disconnected
2025-02-05 14:47:24,604 - INFO - oClinoCAT0oK4NxjAABI: Sending packet OPEN data {'sid': 'oClinoCAT0oK4NxjAABI', 'upgrades': ['websocket'], 'pingTimeout': 5000000, 'pingInterval': 25000000, 'maxPayload': 1000000}
2025-02-05 14:47:24,629 - INFO - oClinoCAT0oK4NxjAABI: Received packet MESSAGE data 0
2025-02-05 14:47:24,631 - INFO - New connection attempt from SID: dfiB6whkiSkWc7CqAABJ
2025-02-05 14:47:24,633 - INFO - Auth data received: {}
2025-02-05 14:47:24,635 - INFO - Awaiting authentication...
2025-02-05 14:47:24,637 - INFO - oClinoCAT0oK4NxjAABI: Sending packet MESSAGE data 0{"sid":"dfiB6whkiSkWc7CqAABJ"}
2025-02-05 14:47:24,681 - INFO - oClinoCAT0oK4NxjAABI: Received packet MESSAGE data 2["get-queue-status",{"username":"neil"}]
2025-02-05 14:47:24,708 - INFO - received event "get-queue-status" from dfiB6whkiSkWc7CqAABJ [/]
2025-02-05 14:47:24,742 - INFO - oClinoCAT0oK4NxjAABI: Received packet MESSAGE data 2["get-queue-status",{"username":"neil"}]
2025-02-05 14:47:24,744 - INFO - received event "get-queue-status" from dfiB6whkiSkWc7CqAABJ [/]
2025-02-05 14:47:24,744 - INFO - oClinoCAT0oK4NxjAABI: Received packet MESSAGE data 2["authenticate",{"username":"neil","token":"eyJhbGciOiJIUzI1NiIsInR5cCI6IkpXVCJ9.eyJmcmVzaCI6ZmFsc2UsImlhdCI6MTczODc2NTc0NiwianRpIjoiOGQ4ZGZiZmYtNWY0MS00ZjZkLWIxNmQtZTgwNWQwNDg5ZGJlIiwidHlwZSI6ImFjY2VzcyIsInN1YiI6Im5laWwiLCJuYmYiOjE3Mzg3NjU3NDYsImNzcmYiOiI2Zjg5YTUxMi0yNDNhLTQ2ZTYtYmZhZS03YmM3OWYxOTQwN2UiLCJleHAiOjE3Mzg3NjY2NDZ9.rZKbHNhUTO28JMd1DhjCQFTv1zXjIKwx0TIhld9xo5Y"}]
2025-02-05 14:47:24,749 - INFO - received event "authenticate" from dfiB6whkiSkWc7CqAABJ [/]
2025-02-05 14:47:24,753 - INFO - oClinoCAT0oK4NxjAABI: Received packet MESSAGE data 2["get-queue-status",{"username":"neil"}]
2025-02-05 14:47:24,753 - INFO - received event "get-queue-status" from dfiB6whkiSkWc7CqAABJ [/]
2025-02-05 14:47:24,760 - INFO - Authentication attempt for neil, dfiB6whkiSkWc7CqAABJ
2025-02-05 14:47:24,764 - INFO - emitting event "queue_status" to dfiB6whkiSkWc7CqAABJ [/]
2025-02-05 14:47:24,766 - INFO - oClinoCAT0oK4NxjAABI: Sending packet MESSAGE data 2["queue_status",{"inQueue":true,"playersInQueue":1,"queue":["neil"]}]
2025-02-05 14:47:24,770 - INFO - Authentication successful for neil
2025-02-05 14:47:24,981 - INFO - oClinoCAT0oK4NxjAABI: Received request to upgrade to websocket
2025-02-05 14:47:24,993 - INFO - oClinoCAT0oK4NxjAABI: Upgrade to websocket successful
2025-02-05 14:47:25,646 - INFO - oClinoCAT0oK4NxjAABI: Received packet MESSAGE data 2["leave-queue",{"username":"neil"}]
2025-02-05 14:47:25,646 - INFO - received event "leave-queue" from dfiB6whkiSkWc7CqAABJ [/]
2025-02-05 14:47:26,365 - INFO - Client disconnected: dfiB6whkiSkWc7CqAABJ (Reason: transport close)
2025-02-05 14:47:26,367 - INFO - User neil disconnected
2025-02-05 14:47:26,799 - INFO - 4lZKjUKR0Fk_K4ghAABK: Sending packet OPEN data {'sid': '4lZKjUKR0Fk_K4ghAABK', 'upgrades': ['websocket'], 'pingTimeout': 5000000, 'pingInterval': 25000000, 'maxPayload': 1000000}
2025-02-05 14:47:26,809 - INFO - 4lZKjUKR0Fk_K4ghAABK: Received packet MESSAGE data 0
2025-02-05 14:47:26,811 - INFO - New connection attempt from SID: 0sEW1bfNt1jP0AWcAABL
2025-02-05 14:47:26,811 - INFO - Auth data received: {}
2025-02-05 14:47:26,813 - INFO - Awaiting authentication...
2025-02-05 14:47:26,813 - INFO - 4lZKjUKR0Fk_K4ghAABK: Sending packet MESSAGE data 0{"sid":"0sEW1bfNt1jP0AWcAABL"}
2025-02-05 14:47:27,037 - INFO - 4lZKjUKR0Fk_K4ghAABK: Received packet MESSAGE data 2["get-queue-status",{"username":"neil"}]
2025-02-05 14:47:27,040 - INFO - received event "get-queue-status" from 0sEW1bfNt1jP0AWcAABL [/]
2025-02-05 14:47:27,070 - INFO - 4lZKjUKR0Fk_K4ghAABK: Received packet MESSAGE data 2["get-queue-status",{"username":"neil"}]
2025-02-05 14:47:27,070 - INFO - received event "get-queue-status" from 0sEW1bfNt1jP0AWcAABL [/]
2025-02-05 14:47:27,070 - INFO - 4lZKjUKR0Fk_K4ghAABK: Received packet MESSAGE data 2["authenticate",{"username":"neil","token":"eyJhbGciOiJIUzI1NiIsInR5cCI6IkpXVCJ9.eyJmcmVzaCI6ZmFsc2UsImlhdCI6MTczODc2NTc0NiwianRpIjoiOGQ4ZGZiZmYtNWY0MS00ZjZkLWIxNmQtZTgwNWQwNDg5ZGJlIiwidHlwZSI6ImFjY2VzcyIsInN1YiI6Im5laWwiLCJuYmYiOjE3Mzg3NjU3NDYsImNzcmYiOiI2Zjg5YTUxMi0yNDNhLTQ2ZTYtYmZhZS03YmM3OWYxOTQwN2UiLCJleHAiOjE3Mzg3NjY2NDZ9.rZKbHNhUTO28JMd1DhjCQFTv1zXjIKwx0TIhld9xo5Y"}]
2025-02-05 14:47:27,070 - INFO - received event "authenticate" from 0sEW1bfNt1jP0AWcAABL [/]
2025-02-05 14:47:27,070 - INFO - 4lZKjUKR0Fk_K4ghAABK: Received packet MESSAGE data 2["get-queue-status",{"username":"neil"}]
2025-02-05 14:47:27,070 - INFO - received event "get-queue-status" from 0sEW1bfNt1jP0AWcAABL [/]
2025-02-05 14:47:27,070 - INFO - Authentication attempt for neil, 0sEW1bfNt1jP0AWcAABL
2025-02-05 14:47:27,070 - INFO - emitting event "queue_status" to 0sEW1bfNt1jP0AWcAABL [/]
2025-02-05 14:47:27,070 - INFO - 4lZKjUKR0Fk_K4ghAABK: Sending packet MESSAGE data 2["queue_status",{"inQueue":true,"playersInQueue":1,"queue":["neil"]}]
2025-02-05 14:47:27,070 - INFO - Authentication successful for neil
2025-02-05 14:47:27,116 - INFO - 4lZKjUKR0Fk_K4ghAABK: Received request to upgrade to websocket
2025-02-05 14:47:27,127 - INFO - 4lZKjUKR0Fk_K4ghAABK: Upgrade to websocket successful
2025-02-05 14:47:28,790 - INFO - 4lZKjUKR0Fk_K4ghAABK: Received packet MESSAGE data 2["leave-queue",{"username":"neil"}]
2025-02-05 14:47:28,793 - INFO - received event "leave-queue" from 0sEW1bfNt1jP0AWcAABL [/]
2025-02-05 14:47:54,089 - INFO - Client disconnected: 0sEW1bfNt1jP0AWcAABL (Reason: transport close)
2025-02-05 14:47:54,096 - INFO - User neil disconnected
2025-02-05 14:47:54,550 - INFO - ZuFb_V7bIkXnXOIqAABM: Sending packet OPEN data {'sid': 'ZuFb_V7bIkXnXOIqAABM', 'upgrades': ['websocket'], 'pingTimeout': 5000000, 'pingInterval': 25000000, 'maxPayload': 1000000}
2025-02-05 14:47:54,554 - INFO - ZuFb_V7bIkXnXOIqAABM: Received packet MESSAGE data 0
2025-02-05 14:47:54,559 - INFO - New connection attempt from SID: KxsTHMITodkmrxrTAABN
2025-02-05 14:47:54,559 - INFO - Auth data received: {}
2025-02-05 14:47:54,559 - INFO - Awaiting authentication...
2025-02-05 14:47:54,561 - INFO - ZuFb_V7bIkXnXOIqAABM: Sending packet MESSAGE data 0{"sid":"KxsTHMITodkmrxrTAABN"}
2025-02-05 14:47:54,802 - INFO - ZuFb_V7bIkXnXOIqAABM: Received packet MESSAGE data 2["get-queue-status",{"username":"neil"}]
2025-02-05 14:47:54,802 - INFO - received event "get-queue-status" from KxsTHMITodkmrxrTAABN [/]
2025-02-05 14:47:54,810 - INFO - ZuFb_V7bIkXnXOIqAABM: Received packet MESSAGE data 2["get-queue-status",{"username":"neil"}]
2025-02-05 14:47:54,810 - INFO - received event "get-queue-status" from KxsTHMITodkmrxrTAABN [/]
2025-02-05 14:47:54,810 - INFO - ZuFb_V7bIkXnXOIqAABM: Received packet MESSAGE data 2["authenticate",{"username":"neil","token":"eyJhbGciOiJIUzI1NiIsInR5cCI6IkpXVCJ9.eyJmcmVzaCI6ZmFsc2UsImlhdCI6MTczODc2NTc0NiwianRpIjoiOGQ4ZGZiZmYtNWY0MS00ZjZkLWIxNmQtZTgwNWQwNDg5ZGJlIiwidHlwZSI6ImFjY2VzcyIsInN1YiI6Im5laWwiLCJuYmYiOjE3Mzg3NjU3NDYsImNzcmYiOiI2Zjg5YTUxMi0yNDNhLTQ2ZTYtYmZhZS03YmM3OWYxOTQwN2UiLCJleHAiOjE3Mzg3NjY2NDZ9.rZKbHNhUTO28JMd1DhjCQFTv1zXjIKwx0TIhld9xo5Y"}]
2025-02-05 14:47:54,810 - INFO - received event "authenticate" from KxsTHMITodkmrxrTAABN [/]
2025-02-05 14:47:54,815 - INFO - ZuFb_V7bIkXnXOIqAABM: Received packet MESSAGE data 2["get-queue-status",{"username":"neil"}]
2025-02-05 14:47:54,815 - INFO - received event "get-queue-status" from KxsTHMITodkmrxrTAABN [/]
2025-02-05 14:47:54,817 - INFO - Authentication attempt for neil, KxsTHMITodkmrxrTAABN
2025-02-05 14:47:54,817 - INFO - emitting event "queue_status" to KxsTHMITodkmrxrTAABN [/]
2025-02-05 14:47:54,817 - INFO - ZuFb_V7bIkXnXOIqAABM: Sending packet MESSAGE data 2["queue_status",{"inQueue":true,"playersInQueue":1,"queue":["neil"]}]
2025-02-05 14:47:54,817 - INFO - Authentication successful for neil
2025-02-05 14:47:54,867 - INFO - ZuFb_V7bIkXnXOIqAABM: Received request to upgrade to websocket
2025-02-05 14:47:54,871 - INFO - ZuFb_V7bIkXnXOIqAABM: Upgrade to websocket successful
2025-02-05 14:47:56,055 - INFO - ZuFb_V7bIkXnXOIqAABM: Received packet MESSAGE data 2["leave-queue",{"username":"neil"}]
2025-02-05 14:47:56,055 - INFO - received event "leave-queue" from KxsTHMITodkmrxrTAABN [/]
2025-02-05 14:47:58,406 - INFO - Client disconnected: KxsTHMITodkmrxrTAABN (Reason: transport close)
2025-02-05 14:47:58,406 - INFO - User neil disconnected
2025-02-05 14:47:58,554 - INFO - MR6VpMs4AMV8ChYkAABO: Sending packet OPEN data {'sid': 'MR6VpMs4AMV8ChYkAABO', 'upgrades': ['websocket'], 'pingTimeout': 5000000, 'pingInterval': 25000000, 'maxPayload': 1000000}
2025-02-05 14:47:58,585 - INFO - MR6VpMs4AMV8ChYkAABO: Received packet MESSAGE data 0
2025-02-05 14:47:58,590 - INFO - New connection attempt from SID: 9LB5cDjXoq3i2afiAABP
2025-02-05 14:47:58,590 - INFO - Auth data received: {}
2025-02-05 14:47:58,590 - INFO - Awaiting authentication...
2025-02-05 14:47:58,592 - INFO - MR6VpMs4AMV8ChYkAABO: Sending packet MESSAGE data 0{"sid":"9LB5cDjXoq3i2afiAABP"}
2025-02-05 14:47:58,611 - INFO - MR6VpMs4AMV8ChYkAABO: Received packet MESSAGE data 2["get-queue-status",{"username":"neil"}]
2025-02-05 14:47:58,613 - INFO - received event "get-queue-status" from 9LB5cDjXoq3i2afiAABP [/]
2025-02-05 14:47:58,622 - INFO - MR6VpMs4AMV8ChYkAABO: Received packet MESSAGE data 2["get-queue-status",{"username":"neil"}]
2025-02-05 14:47:58,622 - INFO - received event "get-queue-status" from 9LB5cDjXoq3i2afiAABP [/]
2025-02-05 14:47:58,629 - INFO - MR6VpMs4AMV8ChYkAABO: Received packet MESSAGE data 2["authenticate",{"username":"neil","token":"eyJhbGciOiJIUzI1NiIsInR5cCI6IkpXVCJ9.eyJmcmVzaCI6ZmFsc2UsImlhdCI6MTczODc2NTc0NiwianRpIjoiOGQ4ZGZiZmYtNWY0MS00ZjZkLWIxNmQtZTgwNWQwNDg5ZGJlIiwidHlwZSI6ImFjY2VzcyIsInN1YiI6Im5laWwiLCJuYmYiOjE3Mzg3NjU3NDYsImNzcmYiOiI2Zjg5YTUxMi0yNDNhLTQ2ZTYtYmZhZS03YmM3OWYxOTQwN2UiLCJleHAiOjE3Mzg3NjY2NDZ9.rZKbHNhUTO28JMd1DhjCQFTv1zXjIKwx0TIhld9xo5Y"}]
2025-02-05 14:47:58,629 - INFO - received event "authenticate" from 9LB5cDjXoq3i2afiAABP [/]
2025-02-05 14:47:58,629 - INFO - MR6VpMs4AMV8ChYkAABO: Received packet MESSAGE data 2["get-queue-status",{"username":"neil"}]
2025-02-05 14:47:58,629 - INFO - received event "get-queue-status" from 9LB5cDjXoq3i2afiAABP [/]
2025-02-05 14:47:58,632 - INFO - Authentication attempt for neil, 9LB5cDjXoq3i2afiAABP
2025-02-05 14:47:58,632 - INFO - emitting event "queue_status" to 9LB5cDjXoq3i2afiAABP [/]
2025-02-05 14:47:58,634 - INFO - MR6VpMs4AMV8ChYkAABO: Sending packet MESSAGE data 2["queue_status",{"inQueue":true,"playersInQueue":1,"queue":["neil"]}]
2025-02-05 14:47:58,635 - INFO - Authentication successful for neil
2025-02-05 14:47:58,920 - INFO - MR6VpMs4AMV8ChYkAABO: Received request to upgrade to websocket
2025-02-05 14:47:58,929 - INFO - MR6VpMs4AMV8ChYkAABO: Upgrade to websocket successful
2025-02-05 14:48:00,047 - INFO - MR6VpMs4AMV8ChYkAABO: Received packet MESSAGE data 2["leave-queue",{"username":"neil"}]
2025-02-05 14:48:00,047 - INFO - received event "leave-queue" from 9LB5cDjXoq3i2afiAABP [/]
2025-02-05 14:48:38,101 - INFO - Client disconnected: Um3y9SmW4Ssm0U9BAABD (Reason: transport close)
2025-02-05 14:48:38,103 - INFO - User sam disconnected
2025-02-05 14:48:38,528 - INFO - IURg-H2j82pR9JaMAABQ: Sending packet OPEN data {'sid': 'IURg-H2j82pR9JaMAABQ', 'upgrades': ['websocket'], 'pingTimeout': 5000000, 'pingInterval': 25000000, 'maxPayload': 1000000}
2025-02-05 14:48:38,559 - INFO - IURg-H2j82pR9JaMAABQ: Received packet MESSAGE data 0
2025-02-05 14:48:38,559 - INFO - New connection attempt from SID: -7vvkxFf2bxU5ka6AABR
2025-02-05 14:48:38,559 - INFO - Auth data received: {}
2025-02-05 14:48:38,559 - INFO - Awaiting authentication...
2025-02-05 14:48:38,559 - INFO - IURg-H2j82pR9JaMAABQ: Sending packet MESSAGE data 0{"sid":"-7vvkxFf2bxU5ka6AABR"}
2025-02-05 14:48:38,778 - INFO - IURg-H2j82pR9JaMAABQ: Received packet MESSAGE data 2["get-queue-status",{"username":"sam"}]
2025-02-05 14:48:38,781 - INFO - received event "get-queue-status" from -7vvkxFf2bxU5ka6AABR [/]
2025-02-05 14:48:38,785 - INFO - IURg-H2j82pR9JaMAABQ: Received packet MESSAGE data 2["get-queue-status",{"username":"sam"}]
2025-02-05 14:48:38,785 - INFO - received event "get-queue-status" from -7vvkxFf2bxU5ka6AABR [/]
2025-02-05 14:48:38,785 - INFO - IURg-H2j82pR9JaMAABQ: Received packet MESSAGE data 2["authenticate",{"username":"sam","token":"eyJhbGciOiJIUzI1NiIsInR5cCI6IkpXVCJ9.eyJmcmVzaCI6ZmFsc2UsImlhdCI6MTczODc2NTc0MiwianRpIjoiOGI4MThmOTctYzE1OS00NjY2LWI2NTAtMTU2NTBiMGZjMmExIiwidHlwZSI6ImFjY2VzcyIsInN1YiI6InNhbSIsIm5iZiI6MTczODc2NTc0MiwiY3NyZiI6ImRmZDQ4Mzc0LThjOWQtNDM5ZC05NDU5LWQzNWEzZTE4MzE0YyIsImV4cCI6MTczODc2NjY0Mn0.M6sKmzMvoEiQ1H5nr4tdsOtS5S91Zs_TRdudiE8Og_c"}]
2025-02-05 14:48:38,790 - INFO - received event "authenticate" from -7vvkxFf2bxU5ka6AABR [/]
2025-02-05 14:48:38,791 - INFO - IURg-H2j82pR9JaMAABQ: Received packet MESSAGE data 2["get-queue-status",{"username":"sam"}]
2025-02-05 14:48:38,791 - INFO - received event "get-queue-status" from -7vvkxFf2bxU5ka6AABR [/]
2025-02-05 14:48:38,793 - INFO - Authentication attempt for sam, -7vvkxFf2bxU5ka6AABR
2025-02-05 14:48:38,795 - INFO - emitting event "queue_status" to -7vvkxFf2bxU5ka6AABR [/]
2025-02-05 14:48:38,795 - INFO - IURg-H2j82pR9JaMAABQ: Sending packet MESSAGE data 2["queue_status",{"inQueue":false,"playersInQueue":1,"queue":["neil"]}]
2025-02-05 14:48:38,795 - INFO - Authentication successful for sam
2025-02-05 14:48:38,871 - INFO - IURg-H2j82pR9JaMAABQ: Received request to upgrade to websocket
2025-02-05 14:48:38,879 - INFO - IURg-H2j82pR9JaMAABQ: Upgrade to websocket successful
2025-02-05 14:48:48,892 - INFO - Client disconnected: -7vvkxFf2bxU5ka6AABR (Reason: transport close)
2025-02-05 14:48:48,893 - INFO - User sam disconnected
2025-02-05 14:48:49,329 - INFO - 5rAguNWs6ht5RdZ8AABS: Sending packet OPEN data {'sid': '5rAguNWs6ht5RdZ8AABS', 'upgrades': ['websocket'], 'pingTimeout': 5000000, 'pingInterval': 25000000, 'maxPayload': 1000000}
2025-02-05 14:48:49,337 - INFO - 5rAguNWs6ht5RdZ8AABS: Received packet MESSAGE data 0
2025-02-05 14:48:49,337 - INFO - New connection attempt from SID: ZjeC_XPoQ6NNq2EMAABT
2025-02-05 14:48:49,337 - INFO - Auth data received: {}
2025-02-05 14:48:49,337 - INFO - Awaiting authentication...
2025-02-05 14:48:49,337 - INFO - 5rAguNWs6ht5RdZ8AABS: Sending packet MESSAGE data 0{"sid":"ZjeC_XPoQ6NNq2EMAABT"}
2025-02-05 14:48:49,582 - INFO - 5rAguNWs6ht5RdZ8AABS: Received packet MESSAGE data 2["get-queue-status",{"username":"sam"}]
2025-02-05 14:48:49,584 - INFO - received event "get-queue-status" from ZjeC_XPoQ6NNq2EMAABT [/]
2025-02-05 14:48:49,619 - INFO - 5rAguNWs6ht5RdZ8AABS: Received packet MESSAGE data 2["get-queue-status",{"username":"sam"}]
2025-02-05 14:48:49,621 - INFO - received event "get-queue-status" from ZjeC_XPoQ6NNq2EMAABT [/]
2025-02-05 14:48:49,621 - INFO - 5rAguNWs6ht5RdZ8AABS: Received packet MESSAGE data 2["authenticate",{"username":"sam","token":"eyJhbGciOiJIUzI1NiIsInR5cCI6IkpXVCJ9.eyJmcmVzaCI6ZmFsc2UsImlhdCI6MTczODc2NTc0MiwianRpIjoiOGI4MThmOTctYzE1OS00NjY2LWI2NTAtMTU2NTBiMGZjMmExIiwidHlwZSI6ImFjY2VzcyIsInN1YiI6InNhbSIsIm5iZiI6MTczODc2NTc0MiwiY3NyZiI6ImRmZDQ4Mzc0LThjOWQtNDM5ZC05NDU5LWQzNWEzZTE4MzE0YyIsImV4cCI6MTczODc2NjY0Mn0.M6sKmzMvoEiQ1H5nr4tdsOtS5S91Zs_TRdudiE8Og_c"}]
2025-02-05 14:48:49,621 - INFO - received event "authenticate" from ZjeC_XPoQ6NNq2EMAABT [/]
2025-02-05 14:48:49,621 - INFO - 5rAguNWs6ht5RdZ8AABS: Received packet MESSAGE data 2["get-queue-status",{"username":"sam"}]
2025-02-05 14:48:49,621 - INFO - received event "get-queue-status" from ZjeC_XPoQ6NNq2EMAABT [/]
2025-02-05 14:48:49,627 - INFO - Authentication attempt for sam, ZjeC_XPoQ6NNq2EMAABT
2025-02-05 14:48:49,628 - INFO - emitting event "queue_status" to ZjeC_XPoQ6NNq2EMAABT [/]
2025-02-05 14:48:49,629 - INFO - 5rAguNWs6ht5RdZ8AABS: Sending packet MESSAGE data 2["queue_status",{"inQueue":false,"playersInQueue":1,"queue":["neil"]}]
2025-02-05 14:48:49,629 - INFO - Authentication successful for sam
2025-02-05 14:48:49,643 - INFO - 5rAguNWs6ht5RdZ8AABS: Received request to upgrade to websocket
2025-02-05 14:48:49,650 - INFO - 5rAguNWs6ht5RdZ8AABS: Upgrade to websocket successful
2025-02-05 15:01:08,317 - INFO - Client disconnected: 9LB5cDjXoq3i2afiAABP (Reason: transport close)
2025-02-05 15:01:08,327 - INFO - User neil disconnected
2025-02-05 15:01:08,763 - INFO - 1G4REGUcRsy3JVA2AABU: Sending packet OPEN data {'sid': '1G4REGUcRsy3JVA2AABU', 'upgrades': ['websocket'], 'pingTimeout': 5000000, 'pingInterval': 25000000, 'maxPayload': 1000000}
2025-02-05 15:01:08,775 - INFO - 1G4REGUcRsy3JVA2AABU: Received packet MESSAGE data 0
2025-02-05 15:01:08,781 - INFO - New connection attempt from SID: uGRUSQyKtNzwveBVAABV
2025-02-05 15:01:08,781 - INFO - Auth data received: {}
2025-02-05 15:01:08,783 - INFO - Awaiting authentication...
2025-02-05 15:01:08,783 - INFO - 1G4REGUcRsy3JVA2AABU: Sending packet MESSAGE data 0{"sid":"uGRUSQyKtNzwveBVAABV"}
2025-02-05 15:01:09,003 - INFO - 1G4REGUcRsy3JVA2AABU: Received packet MESSAGE data 2["get-queue-status",{"username":"neil"}]
2025-02-05 15:01:09,005 - INFO - received event "get-queue-status" from uGRUSQyKtNzwveBVAABV [/]
2025-02-05 15:01:09,014 - INFO - 1G4REGUcRsy3JVA2AABU: Received packet MESSAGE data 2["get-queue-status",{"username":"neil"}]
2025-02-05 15:01:09,014 - INFO - received event "get-queue-status" from uGRUSQyKtNzwveBVAABV [/]
2025-02-05 15:01:09,016 - INFO - 1G4REGUcRsy3JVA2AABU: Received packet MESSAGE data 2["authenticate",{"username":"neil","token":"eyJhbGciOiJIUzI1NiIsInR5cCI6IkpXVCJ9.eyJmcmVzaCI6ZmFsc2UsImlhdCI6MTczODc2NTc0NiwianRpIjoiOGQ4ZGZiZmYtNWY0MS00ZjZkLWIxNmQtZTgwNWQwNDg5ZGJlIiwidHlwZSI6ImFjY2VzcyIsInN1YiI6Im5laWwiLCJuYmYiOjE3Mzg3NjU3NDYsImNzcmYiOiI2Zjg5YTUxMi0yNDNhLTQ2ZTYtYmZhZS03YmM3OWYxOTQwN2UiLCJleHAiOjE3Mzg3NjY2NDZ9.rZKbHNhUTO28JMd1DhjCQFTv1zXjIKwx0TIhld9xo5Y"}]
2025-02-05 15:01:09,019 - INFO - received event "authenticate" from uGRUSQyKtNzwveBVAABV [/]
2025-02-05 15:01:09,019 - INFO - 1G4REGUcRsy3JVA2AABU: Received packet MESSAGE data 2["get-queue-status",{"username":"neil"}]
2025-02-05 15:01:09,019 - INFO - received event "get-queue-status" from uGRUSQyKtNzwveBVAABV [/]
2025-02-05 15:01:09,022 - INFO - Authentication attempt for neil, uGRUSQyKtNzwveBVAABV
2025-02-05 15:01:09,022 - INFO - emitting event "queue_status" to uGRUSQyKtNzwveBVAABV [/]
2025-02-05 15:01:09,022 - INFO - 1G4REGUcRsy3JVA2AABU: Sending packet MESSAGE data 2["queue_status",{"inQueue":true,"playersInQueue":1,"queue":["neil"]}]
2025-02-05 15:01:09,022 - INFO - Authentication successful for neil
2025-02-05 15:01:09,082 - INFO - 1G4REGUcRsy3JVA2AABU: Received request to upgrade to websocket
2025-02-05 15:01:09,096 - INFO - 1G4REGUcRsy3JVA2AABU: Upgrade to websocket successful
2025-02-05 15:01:10,339 - INFO - 1G4REGUcRsy3JVA2AABU: Received packet MESSAGE data 1
2025-02-05 15:01:10,341 - INFO - Client disconnected: uGRUSQyKtNzwveBVAABV (Reason: client disconnect)
2025-02-05 15:01:10,341 - INFO - User neil disconnected
2025-02-05 15:01:10,364 - INFO - NzUryFkyKkQAdO2jAABW: Sending packet OPEN data {'sid': 'NzUryFkyKkQAdO2jAABW', 'upgrades': ['websocket'], 'pingTimeout': 5000000, 'pingInterval': 25000000, 'maxPayload': 1000000}
2025-02-05 15:01:10,376 - INFO - NzUryFkyKkQAdO2jAABW: Received packet MESSAGE data 0
2025-02-05 15:01:10,380 - INFO - New connection attempt from SID: 54nQar62ZOO_cy_eAABX
2025-02-05 15:01:10,382 - INFO - Auth data received: {}
2025-02-05 15:01:10,382 - INFO - Awaiting authentication...
2025-02-05 15:01:10,384 - INFO - NzUryFkyKkQAdO2jAABW: Sending packet MESSAGE data 0{"sid":"54nQar62ZOO_cy_eAABX"}
2025-02-05 15:01:10,718 - INFO - NzUryFkyKkQAdO2jAABW: Received request to upgrade to websocket
2025-02-05 15:01:10,728 - INFO - NzUryFkyKkQAdO2jAABW: Upgrade to websocket successful
2025-02-05 15:01:16,022 - INFO - NzUryFkyKkQAdO2jAABW: Received packet MESSAGE data 2["login",{"username":"neil","password":"123"}]
2025-02-05 15:01:16,033 - INFO - received event "login" from 54nQar62ZOO_cy_eAABX [/]
2025-02-05 15:01:16,098 - INFO - emitting event "login_success" to 54nQar62ZOO_cy_eAABX [/]
2025-02-05 15:01:16,102 - INFO - NzUryFkyKkQAdO2jAABW: Sending packet MESSAGE data 2["login_success",{"access_token":"eyJhbGciOiJIUzI1NiIsInR5cCI6IkpXVCJ9.eyJmcmVzaCI6ZmFsc2UsImlhdCI6MTczODc2NzY3NiwianRpIjoiNTVlYTBhODctY2NlMi00NjRkLTg0ZmQtNjI4NjE2ZDJlZjkwIiwidHlwZSI6ImFjY2VzcyIsInN1YiI6Im5laWwiLCJuYmYiOjE3Mzg3Njc2NzYsImNzcmYiOiJkN2YwM2M3Mi00YWZhLTQ1YmUtYTVmOS0yYTkxZmJiNzBjZWMiLCJleHAiOjE3Mzg3Njg1NzZ9.arBQRbZt9DPEfMpVEOGSdgW_8hSDvLLArynbIzOODH4"}]
2025-02-05 15:01:16,117 - INFO - NzUryFkyKkQAdO2jAABW: Received packet MESSAGE data 2["get-queue-status",{"username":"neil"}]
2025-02-05 15:01:16,117 - INFO - received event "get-queue-status" from 54nQar62ZOO_cy_eAABX [/]
2025-02-05 15:01:35,012 - INFO - Client disconnected: ZjeC_XPoQ6NNq2EMAABT (Reason: transport close)
2025-02-05 15:01:35,012 - INFO - User sam disconnected
2025-02-05 15:01:35,601 - INFO - bbnSj03lKLa5j-nGAABY: Sending packet OPEN data {'sid': 'bbnSj03lKLa5j-nGAABY', 'upgrades': ['websocket'], 'pingTimeout': 5000000, 'pingInterval': 25000000, 'maxPayload': 1000000}
2025-02-05 15:01:35,615 - INFO - bbnSj03lKLa5j-nGAABY: Received packet MESSAGE data 0
2025-02-05 15:01:35,615 - INFO - New connection attempt from SID: s6J_ZlOrLBNrwVQTAABZ
2025-02-05 15:01:35,617 - INFO - Auth data received: {}
2025-02-05 15:01:35,617 - INFO - Awaiting authentication...
2025-02-05 15:01:35,619 - INFO - bbnSj03lKLa5j-nGAABY: Sending packet MESSAGE data 0{"sid":"s6J_ZlOrLBNrwVQTAABZ"}
2025-02-05 15:01:35,886 - INFO - bbnSj03lKLa5j-nGAABY: Received packet MESSAGE data 2["get-queue-status",{"username":"sam"}]
2025-02-05 15:01:35,886 - INFO - received event "get-queue-status" from s6J_ZlOrLBNrwVQTAABZ [/]
2025-02-05 15:01:35,916 - INFO - bbnSj03lKLa5j-nGAABY: Received packet MESSAGE data 2["get-queue-status",{"username":"sam"}]
2025-02-05 15:01:35,916 - INFO - received event "get-queue-status" from s6J_ZlOrLBNrwVQTAABZ [/]
2025-02-05 15:01:35,919 - INFO - bbnSj03lKLa5j-nGAABY: Received packet MESSAGE data 2["authenticate",{"username":"sam","token":"eyJhbGciOiJIUzI1NiIsInR5cCI6IkpXVCJ9.eyJmcmVzaCI6ZmFsc2UsImlhdCI6MTczODc2NTc0MiwianRpIjoiOGI4MThmOTctYzE1OS00NjY2LWI2NTAtMTU2NTBiMGZjMmExIiwidHlwZSI6ImFjY2VzcyIsInN1YiI6InNhbSIsIm5iZiI6MTczODc2NTc0MiwiY3NyZiI6ImRmZDQ4Mzc0LThjOWQtNDM5ZC05NDU5LWQzNWEzZTE4MzE0YyIsImV4cCI6MTczODc2NjY0Mn0.M6sKmzMvoEiQ1H5nr4tdsOtS5S91Zs_TRdudiE8Og_c"}]
2025-02-05 15:01:35,919 - INFO - received event "authenticate" from s6J_ZlOrLBNrwVQTAABZ [/]
2025-02-05 15:01:35,919 - INFO - bbnSj03lKLa5j-nGAABY: Received packet MESSAGE data 2["get-queue-status",{"username":"sam"}]
2025-02-05 15:01:35,919 - INFO - received event "get-queue-status" from s6J_ZlOrLBNrwVQTAABZ [/]
2025-02-05 15:01:35,919 - INFO - Authentication attempt for sam, s6J_ZlOrLBNrwVQTAABZ
2025-02-05 15:01:35,919 - INFO - emitting event "queue_status" to s6J_ZlOrLBNrwVQTAABZ [/]
2025-02-05 15:01:35,919 - INFO - bbnSj03lKLa5j-nGAABY: Sending packet MESSAGE data 2["queue_status",{"inQueue":false,"playersInQueue":1,"queue":["neil"]}]
2025-02-05 15:01:35,919 - INFO - Authentication successful for sam
2025-02-05 15:01:35,919 - INFO - bbnSj03lKLa5j-nGAABY: Received request to upgrade to websocket
2025-02-05 15:01:35,939 - INFO - bbnSj03lKLa5j-nGAABY: Upgrade to websocket successful
2025-02-05 15:01:36,422 - INFO - bbnSj03lKLa5j-nGAABY: Received packet MESSAGE data 1
2025-02-05 15:01:36,423 - INFO - Client disconnected: s6J_ZlOrLBNrwVQTAABZ (Reason: client disconnect)
2025-02-05 15:01:36,424 - INFO - User sam disconnected
2025-02-05 15:01:36,473 - INFO - _hMF10ULzHk8s5OSAABa: Sending packet OPEN data {'sid': '_hMF10ULzHk8s5OSAABa', 'upgrades': ['websocket'], 'pingTimeout': 5000000, 'pingInterval': 25000000, 'maxPayload': 1000000}
2025-02-05 15:01:36,495 - INFO - _hMF10ULzHk8s5OSAABa: Received packet MESSAGE data 0
2025-02-05 15:01:36,498 - INFO - New connection attempt from SID: 4ihQrUw9LU0rUUAHAABb
2025-02-05 15:01:36,498 - INFO - Auth data received: {}
2025-02-05 15:01:36,498 - INFO - Awaiting authentication...
2025-02-05 15:01:36,498 - INFO - _hMF10ULzHk8s5OSAABa: Sending packet MESSAGE data 0{"sid":"4ihQrUw9LU0rUUAHAABb"}
2025-02-05 15:01:36,807 - INFO - _hMF10ULzHk8s5OSAABa: Received request to upgrade to websocket
2025-02-05 15:01:36,813 - INFO - _hMF10ULzHk8s5OSAABa: Upgrade to websocket successful
2025-02-05 15:01:40,662 - INFO - _hMF10ULzHk8s5OSAABa: Received packet MESSAGE data 2["login",{"username":"sam","password":"123"}]
2025-02-05 15:01:40,664 - INFO - received event "login" from 4ihQrUw9LU0rUUAHAABb [/]
2025-02-05 15:01:40,669 - INFO - emitting event "login_success" to 4ihQrUw9LU0rUUAHAABb [/]
2025-02-05 15:01:40,671 - INFO - _hMF10ULzHk8s5OSAABa: Sending packet MESSAGE data 2["login_success",{"access_token":"eyJhbGciOiJIUzI1NiIsInR5cCI6IkpXVCJ9.eyJmcmVzaCI6ZmFsc2UsImlhdCI6MTczODc2NzcwMCwianRpIjoiY2ZiMTIxOGUtNmU1NC00MjFjLTg4N2EtYTYyYzY0MGQzNzk1IiwidHlwZSI6ImFjY2VzcyIsInN1YiI6InNhbSIsIm5iZiI6MTczODc2NzcwMCwiY3NyZiI6ImEyZmE0NjI3LWQyNjUtNDdjYS05NjkyLTcyNmQ4YmVkOTFhYiIsImV4cCI6MTczODc2ODYwMH0.-6xnKExwjPT4jO4NbXuNa-xZOtHL7VvblnDXLVujjIg"}]
2025-02-05 15:01:40,684 - INFO - _hMF10ULzHk8s5OSAABa: Received packet MESSAGE data 2["get-queue-status",{"username":"sam"}]
2025-02-05 15:01:40,688 - INFO - received event "get-queue-status" from 4ihQrUw9LU0rUUAHAABb [/]
2025-02-05 15:16:17,666 - INFO - Client disconnected: 54nQar62ZOO_cy_eAABX (Reason: transport close)
2025-02-05 15:16:17,671 - INFO - User neil disconnected
2025-02-05 15:16:18,149 - INFO - tk57zEmJxn9z9QcpAABc: Sending packet OPEN data {'sid': 'tk57zEmJxn9z9QcpAABc', 'upgrades': ['websocket'], 'pingTimeout': 5000000, 'pingInterval': 25000000, 'maxPayload': 1000000}
2025-02-05 15:16:18,160 - INFO - tk57zEmJxn9z9QcpAABc: Received packet MESSAGE data 0
2025-02-05 15:16:18,169 - INFO - New connection attempt from SID: LUauA64Hsb3bZscDAABd
2025-02-05 15:16:18,169 - INFO - Auth data received: {}
2025-02-05 15:16:18,169 - INFO - Awaiting authentication...
2025-02-05 15:16:18,169 - INFO - tk57zEmJxn9z9QcpAABc: Sending packet MESSAGE data 0{"sid":"LUauA64Hsb3bZscDAABd"}
2025-02-05 15:16:18,400 - INFO - tk57zEmJxn9z9QcpAABc: Received packet MESSAGE data 2["get-queue-status",{"username":"neil"}]
2025-02-05 15:16:18,402 - INFO - received event "get-queue-status" from LUauA64Hsb3bZscDAABd [/]
2025-02-05 15:16:18,412 - INFO - tk57zEmJxn9z9QcpAABc: Received packet MESSAGE data 2["get-queue-status",{"username":"neil"}]
2025-02-05 15:16:18,412 - INFO - received event "get-queue-status" from LUauA64Hsb3bZscDAABd [/]
2025-02-05 15:16:18,414 - INFO - tk57zEmJxn9z9QcpAABc: Received packet MESSAGE data 2["authenticate",{"username":"neil","token":"eyJhbGciOiJIUzI1NiIsInR5cCI6IkpXVCJ9.eyJmcmVzaCI6ZmFsc2UsImlhdCI6MTczODc2NzY3NiwianRpIjoiNTVlYTBhODctY2NlMi00NjRkLTg0ZmQtNjI4NjE2ZDJlZjkwIiwidHlwZSI6ImFjY2VzcyIsInN1YiI6Im5laWwiLCJuYmYiOjE3Mzg3Njc2NzYsImNzcmYiOiJkN2YwM2M3Mi00YWZhLTQ1YmUtYTVmOS0yYTkxZmJiNzBjZWMiLCJleHAiOjE3Mzg3Njg1NzZ9.arBQRbZt9DPEfMpVEOGSdgW_8hSDvLLArynbIzOODH4"}]
2025-02-05 15:16:18,414 - INFO - received event "authenticate" from LUauA64Hsb3bZscDAABd [/]
2025-02-05 15:16:18,414 - INFO - tk57zEmJxn9z9QcpAABc: Received packet MESSAGE data 2["get-queue-status",{"username":"neil"}]
2025-02-05 15:16:18,416 - INFO - received event "get-queue-status" from LUauA64Hsb3bZscDAABd [/]
2025-02-05 15:16:18,420 - INFO - Authentication attempt for neil, LUauA64Hsb3bZscDAABd
2025-02-05 15:16:18,420 - INFO - emitting event "queue_status" to LUauA64Hsb3bZscDAABd [/]
2025-02-05 15:16:18,420 - INFO - tk57zEmJxn9z9QcpAABc: Sending packet MESSAGE data 2["queue_status",{"inQueue":true,"playersInQueue":1,"queue":["neil"]}]
2025-02-05 15:16:18,420 - INFO - Authentication successful for neil
2025-02-05 15:16:18,479 - INFO - tk57zEmJxn9z9QcpAABc: Received request to upgrade to websocket
2025-02-05 15:16:18,489 - INFO - tk57zEmJxn9z9QcpAABc: Upgrade to websocket successful
2025-02-05 15:16:25,402 - INFO - Client disconnected: LUauA64Hsb3bZscDAABd (Reason: transport close)
2025-02-05 15:16:25,404 - INFO - User neil disconnected
2025-02-05 15:16:25,592 - INFO - cb8iun3oRIUGXdp2AABe: Sending packet OPEN data {'sid': 'cb8iun3oRIUGXdp2AABe', 'upgrades': ['websocket'], 'pingTimeout': 5000000, 'pingInterval': 25000000, 'maxPayload': 1000000}
2025-02-05 15:16:25,642 - INFO - cb8iun3oRIUGXdp2AABe: Received packet MESSAGE data 0
2025-02-05 15:16:25,646 - INFO - New connection attempt from SID: wBt6vsI3xHrgX1CMAABf
2025-02-05 15:16:25,646 - INFO - Auth data received: {}
2025-02-05 15:16:25,646 - INFO - Awaiting authentication...
2025-02-05 15:16:25,648 - INFO - cb8iun3oRIUGXdp2AABe: Sending packet MESSAGE data 0{"sid":"wBt6vsI3xHrgX1CMAABf"}
2025-02-05 15:16:25,677 - INFO - cb8iun3oRIUGXdp2AABe: Received packet MESSAGE data 2["get-queue-status",{"username":"neil"}]
2025-02-05 15:16:25,677 - INFO - received event "get-queue-status" from wBt6vsI3xHrgX1CMAABf [/]
2025-02-05 15:16:25,689 - INFO - cb8iun3oRIUGXdp2AABe: Received packet MESSAGE data 2["get-queue-status",{"username":"neil"}]
2025-02-05 15:16:25,691 - INFO - received event "get-queue-status" from wBt6vsI3xHrgX1CMAABf [/]
2025-02-05 15:16:25,691 - INFO - cb8iun3oRIUGXdp2AABe: Received packet MESSAGE data 2["authenticate",{"username":"neil","token":"eyJhbGciOiJIUzI1NiIsInR5cCI6IkpXVCJ9.eyJmcmVzaCI6ZmFsc2UsImlhdCI6MTczODc2NzY3NiwianRpIjoiNTVlYTBhODctY2NlMi00NjRkLTg0ZmQtNjI4NjE2ZDJlZjkwIiwidHlwZSI6ImFjY2VzcyIsInN1YiI6Im5laWwiLCJuYmYiOjE3Mzg3Njc2NzYsImNzcmYiOiJkN2YwM2M3Mi00YWZhLTQ1YmUtYTVmOS0yYTkxZmJiNzBjZWMiLCJleHAiOjE3Mzg3Njg1NzZ9.arBQRbZt9DPEfMpVEOGSdgW_8hSDvLLArynbIzOODH4"}]
2025-02-05 15:16:25,693 - INFO - received event "authenticate" from wBt6vsI3xHrgX1CMAABf [/]
2025-02-05 15:16:25,693 - INFO - cb8iun3oRIUGXdp2AABe: Received packet MESSAGE data 2["get-queue-status",{"username":"neil"}]
2025-02-05 15:16:25,695 - INFO - received event "get-queue-status" from wBt6vsI3xHrgX1CMAABf [/]
2025-02-05 15:16:25,707 - INFO - Authentication attempt for neil, wBt6vsI3xHrgX1CMAABf
2025-02-05 15:16:25,707 - INFO - emitting event "queue_status" to wBt6vsI3xHrgX1CMAABf [/]
2025-02-05 15:16:25,709 - INFO - cb8iun3oRIUGXdp2AABe: Sending packet MESSAGE data 2["queue_status",{"inQueue":true,"playersInQueue":1,"queue":["neil"]}]
2025-02-05 15:16:25,709 - INFO - Authentication successful for neil
2025-02-05 15:16:25,991 - INFO - cb8iun3oRIUGXdp2AABe: Received request to upgrade to websocket
2025-02-05 15:16:26,000 - INFO - cb8iun3oRIUGXdp2AABe: Upgrade to websocket successful
2025-02-05 15:16:33,852 - INFO - Client disconnected: wBt6vsI3xHrgX1CMAABf (Reason: transport close)
2025-02-05 15:16:33,860 - INFO - User neil disconnected
2025-02-05 15:16:34,026 - INFO - Gh_YKNFaErZW7ZrpAABg: Sending packet OPEN data {'sid': 'Gh_YKNFaErZW7ZrpAABg', 'upgrades': ['websocket'], 'pingTimeout': 5000000, 'pingInterval': 25000000, 'maxPayload': 1000000}
2025-02-05 15:16:34,051 - INFO - Gh_YKNFaErZW7ZrpAABg: Received packet MESSAGE data 0
2025-02-05 15:16:34,051 - INFO - New connection attempt from SID: Uk515NB3LS0Z-c1CAABh
2025-02-05 15:16:34,054 - INFO - Auth data received: {}
2025-02-05 15:16:34,054 - INFO - Awaiting authentication...
2025-02-05 15:16:34,054 - INFO - Gh_YKNFaErZW7ZrpAABg: Sending packet MESSAGE data 0{"sid":"Uk515NB3LS0Z-c1CAABh"}
2025-02-05 15:16:34,063 - INFO - Gh_YKNFaErZW7ZrpAABg: Received packet MESSAGE data 2["get-queue-status",{"username":"neil"}]
2025-02-05 15:16:34,063 - INFO - received event "get-queue-status" from Uk515NB3LS0Z-c1CAABh [/]
2025-02-05 15:16:34,070 - INFO - Gh_YKNFaErZW7ZrpAABg: Received packet MESSAGE data 2["get-queue-status",{"username":"neil"}]
2025-02-05 15:16:34,076 - INFO - received event "get-queue-status" from Uk515NB3LS0Z-c1CAABh [/]
2025-02-05 15:16:34,076 - INFO - Gh_YKNFaErZW7ZrpAABg: Received packet MESSAGE data 2["authenticate",{"username":"neil","token":"eyJhbGciOiJIUzI1NiIsInR5cCI6IkpXVCJ9.eyJmcmVzaCI6ZmFsc2UsImlhdCI6MTczODc2NzY3NiwianRpIjoiNTVlYTBhODctY2NlMi00NjRkLTg0ZmQtNjI4NjE2ZDJlZjkwIiwidHlwZSI6ImFjY2VzcyIsInN1YiI6Im5laWwiLCJuYmYiOjE3Mzg3Njc2NzYsImNzcmYiOiJkN2YwM2M3Mi00YWZhLTQ1YmUtYTVmOS0yYTkxZmJiNzBjZWMiLCJleHAiOjE3Mzg3Njg1NzZ9.arBQRbZt9DPEfMpVEOGSdgW_8hSDvLLArynbIzOODH4"}]
2025-02-05 15:16:34,076 - INFO - received event "authenticate" from Uk515NB3LS0Z-c1CAABh [/]
2025-02-05 15:16:34,076 - INFO - Gh_YKNFaErZW7ZrpAABg: Received packet MESSAGE data 2["get-queue-status",{"username":"neil"}]
2025-02-05 15:16:34,076 - INFO - received event "get-queue-status" from Uk515NB3LS0Z-c1CAABh [/]
2025-02-05 15:16:34,080 - INFO - Authentication attempt for neil, Uk515NB3LS0Z-c1CAABh
2025-02-05 15:16:34,080 - INFO - emitting event "queue_status" to Uk515NB3LS0Z-c1CAABh [/]
2025-02-05 15:16:34,082 - INFO - Gh_YKNFaErZW7ZrpAABg: Sending packet MESSAGE data 2["queue_status",{"inQueue":true,"playersInQueue":1,"queue":["neil"]}]
2025-02-05 15:16:34,082 - INFO - Authentication successful for neil
2025-02-05 15:16:34,357 - INFO - Gh_YKNFaErZW7ZrpAABg: Received request to upgrade to websocket
2025-02-05 15:16:34,391 - INFO - Gh_YKNFaErZW7ZrpAABg: Upgrade to websocket successful
2025-02-05 15:17:01,151 - INFO - Client disconnected: Uk515NB3LS0Z-c1CAABh (Reason: transport close)
2025-02-05 15:17:01,155 - INFO - User neil disconnected
2025-02-05 15:17:01,284 - INFO - NPgu37Zs7JJ8dEirAABi: Sending packet OPEN data {'sid': 'NPgu37Zs7JJ8dEirAABi', 'upgrades': ['websocket'], 'pingTimeout': 5000000, 'pingInterval': 25000000, 'maxPayload': 1000000}
2025-02-05 15:17:01,351 - INFO - NPgu37Zs7JJ8dEirAABi: Received packet MESSAGE data 0
2025-02-05 15:17:01,355 - INFO - New connection attempt from SID: d3NmZ5neYEVufYR8AABj
2025-02-05 15:17:01,355 - INFO - Auth data received: {}
2025-02-05 15:17:01,355 - INFO - Awaiting authentication...
2025-02-05 15:17:01,355 - INFO - NPgu37Zs7JJ8dEirAABi: Sending packet MESSAGE data 0{"sid":"d3NmZ5neYEVufYR8AABj"}
2025-02-05 15:17:01,368 - INFO - NPgu37Zs7JJ8dEirAABi: Received packet MESSAGE data 2["get-queue-status",{"username":"neil"}]
2025-02-05 15:17:01,369 - INFO - received event "get-queue-status" from d3NmZ5neYEVufYR8AABj [/]
2025-02-05 15:17:01,387 - INFO - NPgu37Zs7JJ8dEirAABi: Received packet MESSAGE data 2["get-queue-status",{"username":"neil"}]
2025-02-05 15:17:01,387 - INFO - received event "get-queue-status" from d3NmZ5neYEVufYR8AABj [/]
2025-02-05 15:17:01,387 - INFO - NPgu37Zs7JJ8dEirAABi: Received packet MESSAGE data 2["authenticate",{"username":"neil","token":"eyJhbGciOiJIUzI1NiIsInR5cCI6IkpXVCJ9.eyJmcmVzaCI6ZmFsc2UsImlhdCI6MTczODc2NzY3NiwianRpIjoiNTVlYTBhODctY2NlMi00NjRkLTg0ZmQtNjI4NjE2ZDJlZjkwIiwidHlwZSI6ImFjY2VzcyIsInN1YiI6Im5laWwiLCJuYmYiOjE3Mzg3Njc2NzYsImNzcmYiOiJkN2YwM2M3Mi00YWZhLTQ1YmUtYTVmOS0yYTkxZmJiNzBjZWMiLCJleHAiOjE3Mzg3Njg1NzZ9.arBQRbZt9DPEfMpVEOGSdgW_8hSDvLLArynbIzOODH4"}]
2025-02-05 15:17:01,387 - INFO - received event "authenticate" from d3NmZ5neYEVufYR8AABj [/]
2025-02-05 15:17:01,390 - INFO - NPgu37Zs7JJ8dEirAABi: Received packet MESSAGE data 2["get-queue-status",{"username":"neil"}]
2025-02-05 15:17:01,390 - INFO - received event "get-queue-status" from d3NmZ5neYEVufYR8AABj [/]
2025-02-05 15:17:01,395 - INFO - Authentication attempt for neil, d3NmZ5neYEVufYR8AABj
2025-02-05 15:17:01,395 - INFO - emitting event "queue_status" to d3NmZ5neYEVufYR8AABj [/]
2025-02-05 15:17:01,395 - INFO - NPgu37Zs7JJ8dEirAABi: Sending packet MESSAGE data 2["queue_status",{"inQueue":true,"playersInQueue":1,"queue":["neil"]}]
2025-02-05 15:17:01,398 - INFO - Authentication successful for neil
2025-02-05 15:17:01,655 - INFO - NPgu37Zs7JJ8dEirAABi: Received request to upgrade to websocket
2025-02-05 15:17:01,663 - INFO - NPgu37Zs7JJ8dEirAABi: Upgrade to websocket successful
2025-02-05 15:28:42,382 - INFO - Client disconnected: 4ihQrUw9LU0rUUAHAABb (Reason: transport close)
2025-02-05 15:28:42,384 - INFO - User sam disconnected
2025-02-05 15:28:42,396 - INFO - Client disconnected: d3NmZ5neYEVufYR8AABj (Reason: transport close)
2025-02-05 15:28:42,396 - INFO - User neil disconnected
2025-02-05 15:28:42,989 - INFO - t-gFh5jCIlwrGhvqAABk: Sending packet OPEN data {'sid': 't-gFh5jCIlwrGhvqAABk', 'upgrades': ['websocket'], 'pingTimeout': 5000000, 'pingInterval': 25000000, 'maxPayload': 1000000}
2025-02-05 15:28:42,993 - INFO - t-gFh5jCIlwrGhvqAABk: Received packet MESSAGE data 0
2025-02-05 15:28:43,001 - INFO - New connection attempt from SID: ISEuMOAPxGmdUXxsAABl
2025-02-05 15:28:43,001 - INFO - Auth data received: {}
2025-02-05 15:28:43,003 - INFO - Awaiting authentication...
2025-02-05 15:28:43,003 - INFO - t-gFh5jCIlwrGhvqAABk: Sending packet MESSAGE data 0{"sid":"ISEuMOAPxGmdUXxsAABl"}
2025-02-05 15:28:43,036 - INFO - 2h0yQ9XJzFii93_cAABm: Sending packet OPEN data {'sid': '2h0yQ9XJzFii93_cAABm', 'upgrades': ['websocket'], 'pingTimeout': 5000000, 'pingInterval': 25000000, 'maxPayload': 1000000}
2025-02-05 15:28:43,044 - INFO - 2h0yQ9XJzFii93_cAABm: Received packet MESSAGE data 0
2025-02-05 15:28:43,044 - INFO - New connection attempt from SID: 3cMoC0ja05IH5hklAABn
2025-02-05 15:28:43,049 - INFO - Auth data received: {}
2025-02-05 15:28:43,049 - INFO - Awaiting authentication...
2025-02-05 15:28:43,049 - INFO - 2h0yQ9XJzFii93_cAABm: Sending packet MESSAGE data 0{"sid":"3cMoC0ja05IH5hklAABn"}
2025-02-05 15:28:43,252 - INFO - t-gFh5jCIlwrGhvqAABk: Received packet MESSAGE data 2["get-queue-status",{"username":"sam"}]
2025-02-05 15:28:43,254 - INFO - received event "get-queue-status" from ISEuMOAPxGmdUXxsAABl [/]
2025-02-05 15:28:43,254 - INFO - t-gFh5jCIlwrGhvqAABk: Received packet MESSAGE data 2["get-queue-status",{"username":"sam"}]
2025-02-05 15:28:43,254 - INFO - received event "get-queue-status" from ISEuMOAPxGmdUXxsAABl [/]
2025-02-05 15:28:43,254 - INFO - t-gFh5jCIlwrGhvqAABk: Received packet MESSAGE data 2["authenticate",{"username":"sam","token":"eyJhbGciOiJIUzI1NiIsInR5cCI6IkpXVCJ9.eyJmcmVzaCI6ZmFsc2UsImlhdCI6MTczODc2NzcwMCwianRpIjoiY2ZiMTIxOGUtNmU1NC00MjFjLTg4N2EtYTYyYzY0MGQzNzk1IiwidHlwZSI6ImFjY2VzcyIsInN1YiI6InNhbSIsIm5iZiI6MTczODc2NzcwMCwiY3NyZiI6ImEyZmE0NjI3LWQyNjUtNDdjYS05NjkyLTcyNmQ4YmVkOTFhYiIsImV4cCI6MTczODc2ODYwMH0.-6xnKExwjPT4jO4NbXuNa-xZOtHL7VvblnDXLVujjIg"}]
2025-02-05 15:28:43,254 - INFO - received event "authenticate" from ISEuMOAPxGmdUXxsAABl [/]
2025-02-05 15:28:43,254 - INFO - t-gFh5jCIlwrGhvqAABk: Received packet MESSAGE data 2["get-queue-status",{"username":"sam"}]
2025-02-05 15:28:43,263 - INFO - received event "get-queue-status" from ISEuMOAPxGmdUXxsAABl [/]
2025-02-05 15:28:43,265 - INFO - Authentication attempt for sam, ISEuMOAPxGmdUXxsAABl
2025-02-05 15:28:43,265 - INFO - emitting event "queue_status" to ISEuMOAPxGmdUXxsAABl [/]
2025-02-05 15:28:43,265 - INFO - t-gFh5jCIlwrGhvqAABk: Sending packet MESSAGE data 2["queue_status",{"inQueue":false,"playersInQueue":1,"queue":["neil"]}]
2025-02-05 15:28:43,267 - INFO - Authentication successful for sam
2025-02-05 15:28:43,284 - INFO - 2h0yQ9XJzFii93_cAABm: Received packet MESSAGE data 2["get-queue-status",{"username":"neil"}]
2025-02-05 15:28:43,284 - INFO - received event "get-queue-status" from 3cMoC0ja05IH5hklAABn [/]
2025-02-05 15:28:43,289 - INFO - 2h0yQ9XJzFii93_cAABm: Received packet MESSAGE data 2["get-queue-status",{"username":"neil"}]
2025-02-05 15:28:43,289 - INFO - received event "get-queue-status" from 3cMoC0ja05IH5hklAABn [/]
2025-02-05 15:28:43,289 - INFO - 2h0yQ9XJzFii93_cAABm: Received packet MESSAGE data 2["authenticate",{"username":"neil","token":"eyJhbGciOiJIUzI1NiIsInR5cCI6IkpXVCJ9.eyJmcmVzaCI6ZmFsc2UsImlhdCI6MTczODc2NzY3NiwianRpIjoiNTVlYTBhODctY2NlMi00NjRkLTg0ZmQtNjI4NjE2ZDJlZjkwIiwidHlwZSI6ImFjY2VzcyIsInN1YiI6Im5laWwiLCJuYmYiOjE3Mzg3Njc2NzYsImNzcmYiOiJkN2YwM2M3Mi00YWZhLTQ1YmUtYTVmOS0yYTkxZmJiNzBjZWMiLCJleHAiOjE3Mzg3Njg1NzZ9.arBQRbZt9DPEfMpVEOGSdgW_8hSDvLLArynbIzOODH4"}]
2025-02-05 15:28:43,293 - INFO - received event "authenticate" from 3cMoC0ja05IH5hklAABn [/]
2025-02-05 15:28:43,293 - INFO - 2h0yQ9XJzFii93_cAABm: Received packet MESSAGE data 2["get-queue-status",{"username":"neil"}]
2025-02-05 15:28:43,293 - INFO - received event "get-queue-status" from 3cMoC0ja05IH5hklAABn [/]
2025-02-05 15:28:43,297 - INFO - Authentication attempt for neil, 3cMoC0ja05IH5hklAABn
2025-02-05 15:28:43,297 - INFO - emitting event "queue_status" to 3cMoC0ja05IH5hklAABn [/]
2025-02-05 15:28:43,297 - INFO - 2h0yQ9XJzFii93_cAABm: Sending packet MESSAGE data 2["queue_status",{"inQueue":true,"playersInQueue":1,"queue":["neil"]}]
2025-02-05 15:28:43,299 - INFO - Authentication successful for neil
2025-02-05 15:28:43,316 - INFO - t-gFh5jCIlwrGhvqAABk: Received request to upgrade to websocket
2025-02-05 15:28:43,323 - INFO - t-gFh5jCIlwrGhvqAABk: Upgrade to websocket successful
2025-02-05 15:28:43,365 - INFO - 2h0yQ9XJzFii93_cAABm: Received request to upgrade to websocket
2025-02-05 15:28:43,372 - INFO - 2h0yQ9XJzFii93_cAABm: Upgrade to websocket successful
2025-02-05 15:29:56,319 - INFO - Client disconnected: ISEuMOAPxGmdUXxsAABl (Reason: transport close)
2025-02-05 15:29:56,321 - INFO - User sam disconnected
2025-02-05 15:29:56,342 - INFO - Client disconnected: 3cMoC0ja05IH5hklAABn (Reason: transport close)
2025-02-05 15:29:56,342 - INFO - User neil disconnected
2025-02-05 15:29:56,808 - INFO - fT__-cOPNfHbAY4dAABo: Sending packet OPEN data {'sid': 'fT__-cOPNfHbAY4dAABo', 'upgrades': ['websocket'], 'pingTimeout': 5000000, 'pingInterval': 25000000, 'maxPayload': 1000000}
2025-02-05 15:29:56,821 - INFO - fT__-cOPNfHbAY4dAABo: Received packet MESSAGE data 0
2025-02-05 15:29:56,823 - INFO - New connection attempt from SID: 2JsCNQKkq7BW5mDAAABp
2025-02-05 15:29:56,823 - INFO - Auth data received: {}
2025-02-05 15:29:56,824 - INFO - Awaiting authentication...
2025-02-05 15:29:56,825 - INFO - fT__-cOPNfHbAY4dAABo: Sending packet MESSAGE data 0{"sid":"2JsCNQKkq7BW5mDAAABp"}
2025-02-05 15:29:56,874 - INFO - jocZPWRa6u2PvZrYAABq: Sending packet OPEN data {'sid': 'jocZPWRa6u2PvZrYAABq', 'upgrades': ['websocket'], 'pingTimeout': 5000000, 'pingInterval': 25000000, 'maxPayload': 1000000}
2025-02-05 15:29:56,883 - INFO - jocZPWRa6u2PvZrYAABq: Received packet MESSAGE data 0
2025-02-05 15:29:56,885 - INFO - New connection attempt from SID: aarECla8UoAS-Q9yAABr
2025-02-05 15:29:56,885 - INFO - Auth data received: {}
2025-02-05 15:29:56,885 - INFO - Awaiting authentication...
2025-02-05 15:29:56,885 - INFO - jocZPWRa6u2PvZrYAABq: Sending packet MESSAGE data 0{"sid":"aarECla8UoAS-Q9yAABr"}
2025-02-05 15:29:57,077 - INFO - fT__-cOPNfHbAY4dAABo: Received packet MESSAGE data 2["get-queue-status",{"username":"sam"}]
2025-02-05 15:29:57,080 - INFO - received event "get-queue-status" from 2JsCNQKkq7BW5mDAAABp [/]
2025-02-05 15:29:57,085 - INFO - fT__-cOPNfHbAY4dAABo: Received packet MESSAGE data 2["get-queue-status",{"username":"sam"}]
2025-02-05 15:29:57,085 - INFO - received event "get-queue-status" from 2JsCNQKkq7BW5mDAAABp [/]
2025-02-05 15:29:57,085 - INFO - fT__-cOPNfHbAY4dAABo: Received packet MESSAGE data 2["authenticate",{"username":"sam","token":"eyJhbGciOiJIUzI1NiIsInR5cCI6IkpXVCJ9.eyJmcmVzaCI6ZmFsc2UsImlhdCI6MTczODc2NzcwMCwianRpIjoiY2ZiMTIxOGUtNmU1NC00MjFjLTg4N2EtYTYyYzY0MGQzNzk1IiwidHlwZSI6ImFjY2VzcyIsInN1YiI6InNhbSIsIm5iZiI6MTczODc2NzcwMCwiY3NyZiI6ImEyZmE0NjI3LWQyNjUtNDdjYS05NjkyLTcyNmQ4YmVkOTFhYiIsImV4cCI6MTczODc2ODYwMH0.-6xnKExwjPT4jO4NbXuNa-xZOtHL7VvblnDXLVujjIg"}]
2025-02-05 15:29:57,085 - INFO - received event "authenticate" from 2JsCNQKkq7BW5mDAAABp [/]
2025-02-05 15:29:57,093 - INFO - fT__-cOPNfHbAY4dAABo: Received packet MESSAGE data 2["get-queue-status",{"username":"sam"}]
2025-02-05 15:29:57,093 - INFO - received event "get-queue-status" from 2JsCNQKkq7BW5mDAAABp [/]
2025-02-05 15:29:57,097 - INFO - Authentication attempt for sam, 2JsCNQKkq7BW5mDAAABp
2025-02-05 15:29:57,097 - INFO - emitting event "queue_status" to 2JsCNQKkq7BW5mDAAABp [/]
2025-02-05 15:29:57,097 - INFO - fT__-cOPNfHbAY4dAABo: Sending packet MESSAGE data 2["queue_status",{"inQueue":false,"playersInQueue":1,"queue":["neil"]}]
2025-02-05 15:29:57,099 - INFO - Authentication successful for sam
2025-02-05 15:29:57,129 - INFO - jocZPWRa6u2PvZrYAABq: Received packet MESSAGE data 2["get-queue-status",{"username":"neil"}]
2025-02-05 15:29:57,129 - INFO - received event "get-queue-status" from aarECla8UoAS-Q9yAABr [/]
2025-02-05 15:29:57,133 - INFO - fT__-cOPNfHbAY4dAABo: Received request to upgrade to websocket
2025-02-05 15:29:57,137 - INFO - jocZPWRa6u2PvZrYAABq: Received packet MESSAGE data 2["get-queue-status",{"username":"neil"}]
2025-02-05 15:29:57,137 - INFO - received event "get-queue-status" from aarECla8UoAS-Q9yAABr [/]
2025-02-05 15:29:57,140 - INFO - jocZPWRa6u2PvZrYAABq: Received packet MESSAGE data 2["authenticate",{"username":"neil","token":"eyJhbGciOiJIUzI1NiIsInR5cCI6IkpXVCJ9.eyJmcmVzaCI6ZmFsc2UsImlhdCI6MTczODc2NzY3NiwianRpIjoiNTVlYTBhODctY2NlMi00NjRkLTg0ZmQtNjI4NjE2ZDJlZjkwIiwidHlwZSI6ImFjY2VzcyIsInN1YiI6Im5laWwiLCJuYmYiOjE3Mzg3Njc2NzYsImNzcmYiOiJkN2YwM2M3Mi00YWZhLTQ1YmUtYTVmOS0yYTkxZmJiNzBjZWMiLCJleHAiOjE3Mzg3Njg1NzZ9.arBQRbZt9DPEfMpVEOGSdgW_8hSDvLLArynbIzOODH4"}]
2025-02-05 15:29:57,141 - INFO - received event "authenticate" from aarECla8UoAS-Q9yAABr [/]
2025-02-05 15:29:57,141 - INFO - jocZPWRa6u2PvZrYAABq: Received packet MESSAGE data 2["get-queue-status",{"username":"neil"}]
2025-02-05 15:29:57,142 - INFO - received event "get-queue-status" from aarECla8UoAS-Q9yAABr [/]
2025-02-05 15:29:57,144 - INFO - Authentication attempt for neil, aarECla8UoAS-Q9yAABr
2025-02-05 15:29:57,144 - INFO - emitting event "queue_status" to aarECla8UoAS-Q9yAABr [/]
2025-02-05 15:29:57,144 - INFO - jocZPWRa6u2PvZrYAABq: Sending packet MESSAGE data 2["queue_status",{"inQueue":true,"playersInQueue":1,"queue":["neil"]}]
2025-02-05 15:29:57,144 - INFO - Authentication successful for neil
2025-02-05 15:29:57,152 - INFO - fT__-cOPNfHbAY4dAABo: Upgrade to websocket successful
2025-02-05 15:29:57,195 - INFO - jocZPWRa6u2PvZrYAABq: Received request to upgrade to websocket
2025-02-05 15:29:57,206 - INFO - jocZPWRa6u2PvZrYAABq: Upgrade to websocket successful
2025-02-05 15:33:33,311 - INFO - Client disconnected: 2JsCNQKkq7BW5mDAAABp (Reason: transport close)
2025-02-05 15:33:33,311 - INFO - User sam disconnected
2025-02-05 15:33:33,345 - INFO - Client disconnected: aarECla8UoAS-Q9yAABr (Reason: transport close)
2025-02-05 15:33:33,345 - INFO - User neil disconnected
2025-02-05 15:33:33,815 - INFO - TnVYOSV9IuWHmwTxAABs: Sending packet OPEN data {'sid': 'TnVYOSV9IuWHmwTxAABs', 'upgrades': ['websocket'], 'pingTimeout': 5000000, 'pingInterval': 25000000, 'maxPayload': 1000000}
2025-02-05 15:33:33,825 - INFO - TnVYOSV9IuWHmwTxAABs: Received packet MESSAGE data 0
2025-02-05 15:33:33,827 - INFO - New connection attempt from SID: eyjLhVYHYqKwQfmLAABt
2025-02-05 15:33:33,827 - INFO - Auth data received: {}
2025-02-05 15:33:33,827 - INFO - Awaiting authentication...
2025-02-05 15:33:33,830 - INFO - TnVYOSV9IuWHmwTxAABs: Sending packet MESSAGE data 0{"sid":"eyjLhVYHYqKwQfmLAABt"}
2025-02-05 15:33:33,880 - INFO - ZhgqrUtEIvmaWKO-AABu: Sending packet OPEN data {'sid': 'ZhgqrUtEIvmaWKO-AABu', 'upgrades': ['websocket'], 'pingTimeout': 5000000, 'pingInterval': 25000000, 'maxPayload': 1000000}
2025-02-05 15:33:33,887 - INFO - ZhgqrUtEIvmaWKO-AABu: Received packet MESSAGE data 0
2025-02-05 15:33:33,891 - INFO - New connection attempt from SID: 2POq17_XP6dmPSAZAABv
2025-02-05 15:33:33,891 - INFO - Auth data received: {}
2025-02-05 15:33:33,893 - INFO - Awaiting authentication...
2025-02-05 15:33:33,893 - INFO - ZhgqrUtEIvmaWKO-AABu: Sending packet MESSAGE data 0{"sid":"2POq17_XP6dmPSAZAABv"}
2025-02-05 15:33:34,078 - INFO - TnVYOSV9IuWHmwTxAABs: Received packet MESSAGE data 2["get-queue-status",{"username":"sam"}]
2025-02-05 15:33:34,078 - INFO - received event "get-queue-status" from eyjLhVYHYqKwQfmLAABt [/]
2025-02-05 15:33:34,089 - INFO - TnVYOSV9IuWHmwTxAABs: Received packet MESSAGE data 2["get-queue-status",{"username":"sam"}]
2025-02-05 15:33:34,089 - INFO - received event "get-queue-status" from eyjLhVYHYqKwQfmLAABt [/]
2025-02-05 15:33:34,090 - INFO - TnVYOSV9IuWHmwTxAABs: Received packet MESSAGE data 2["authenticate",{"username":"sam","token":"eyJhbGciOiJIUzI1NiIsInR5cCI6IkpXVCJ9.eyJmcmVzaCI6ZmFsc2UsImlhdCI6MTczODc2NzcwMCwianRpIjoiY2ZiMTIxOGUtNmU1NC00MjFjLTg4N2EtYTYyYzY0MGQzNzk1IiwidHlwZSI6ImFjY2VzcyIsInN1YiI6InNhbSIsIm5iZiI6MTczODc2NzcwMCwiY3NyZiI6ImEyZmE0NjI3LWQyNjUtNDdjYS05NjkyLTcyNmQ4YmVkOTFhYiIsImV4cCI6MTczODc2ODYwMH0.-6xnKExwjPT4jO4NbXuNa-xZOtHL7VvblnDXLVujjIg"}]
2025-02-05 15:33:34,090 - INFO - received event "authenticate" from eyjLhVYHYqKwQfmLAABt [/]
2025-02-05 15:33:34,090 - INFO - TnVYOSV9IuWHmwTxAABs: Received packet MESSAGE data 2["get-queue-status",{"username":"sam"}]
2025-02-05 15:33:34,092 - INFO - received event "get-queue-status" from eyjLhVYHYqKwQfmLAABt [/]
2025-02-05 15:33:34,093 - INFO - Authentication attempt for sam, eyjLhVYHYqKwQfmLAABt
2025-02-05 15:33:34,093 - INFO - emitting event "queue_status" to eyjLhVYHYqKwQfmLAABt [/]
2025-02-05 15:33:34,095 - INFO - TnVYOSV9IuWHmwTxAABs: Sending packet MESSAGE data 2["queue_status",{"inQueue":false,"playersInQueue":1,"queue":["neil"]}]
2025-02-05 15:33:34,095 - INFO - Authentication successful for sam
2025-02-05 15:33:34,142 - INFO - ZhgqrUtEIvmaWKO-AABu: Received packet MESSAGE data 2["get-queue-status",{"username":"neil"}]
2025-02-05 15:33:34,144 - INFO - received event "get-queue-status" from 2POq17_XP6dmPSAZAABv [/]
2025-02-05 15:33:34,146 - INFO - TnVYOSV9IuWHmwTxAABs: Received request to upgrade to websocket
2025-02-05 15:33:34,152 - INFO - ZhgqrUtEIvmaWKO-AABu: Received packet MESSAGE data 2["get-queue-status",{"username":"neil"}]
2025-02-05 15:33:34,152 - INFO - received event "get-queue-status" from 2POq17_XP6dmPSAZAABv [/]
2025-02-05 15:33:34,152 - INFO - ZhgqrUtEIvmaWKO-AABu: Received packet MESSAGE data 2["authenticate",{"username":"neil","token":"eyJhbGciOiJIUzI1NiIsInR5cCI6IkpXVCJ9.eyJmcmVzaCI6ZmFsc2UsImlhdCI6MTczODc2NzY3NiwianRpIjoiNTVlYTBhODctY2NlMi00NjRkLTg0ZmQtNjI4NjE2ZDJlZjkwIiwidHlwZSI6ImFjY2VzcyIsInN1YiI6Im5laWwiLCJuYmYiOjE3Mzg3Njc2NzYsImNzcmYiOiJkN2YwM2M3Mi00YWZhLTQ1YmUtYTVmOS0yYTkxZmJiNzBjZWMiLCJleHAiOjE3Mzg3Njg1NzZ9.arBQRbZt9DPEfMpVEOGSdgW_8hSDvLLArynbIzOODH4"}]
2025-02-05 15:33:34,154 - INFO - received event "authenticate" from 2POq17_XP6dmPSAZAABv [/]
2025-02-05 15:33:34,154 - INFO - ZhgqrUtEIvmaWKO-AABu: Received packet MESSAGE data 2["get-queue-status",{"username":"neil"}]
2025-02-05 15:33:34,155 - INFO - received event "get-queue-status" from 2POq17_XP6dmPSAZAABv [/]
2025-02-05 15:33:34,158 - INFO - Authentication attempt for neil, 2POq17_XP6dmPSAZAABv
2025-02-05 15:33:34,158 - INFO - emitting event "queue_status" to 2POq17_XP6dmPSAZAABv [/]
2025-02-05 15:33:34,158 - INFO - ZhgqrUtEIvmaWKO-AABu: Sending packet MESSAGE data 2["queue_status",{"inQueue":true,"playersInQueue":1,"queue":["neil"]}]
2025-02-05 15:33:34,158 - INFO - Authentication successful for neil
2025-02-05 15:33:34,162 - INFO - TnVYOSV9IuWHmwTxAABs: Upgrade to websocket successful
2025-02-05 15:33:34,203 - INFO - ZhgqrUtEIvmaWKO-AABu: Received request to upgrade to websocket
2025-02-05 15:33:34,210 - INFO - ZhgqrUtEIvmaWKO-AABu: Upgrade to websocket successful
2025-02-05 15:33:36,343 - INFO - Client disconnected: 2POq17_XP6dmPSAZAABv (Reason: transport close)
2025-02-05 15:33:36,343 - INFO - User neil disconnected
2025-02-05 15:33:36,353 - INFO - Client disconnected: eyjLhVYHYqKwQfmLAABt (Reason: transport close)
2025-02-05 15:33:36,353 - INFO - User sam disconnected
2025-02-05 15:33:36,602 - INFO - M_NDnUnPdHPBLVSCAABw: Sending packet OPEN data {'sid': 'M_NDnUnPdHPBLVSCAABw', 'upgrades': ['websocket'], 'pingTimeout': 5000000, 'pingInterval': 25000000, 'maxPayload': 1000000}
2025-02-05 15:33:36,637 - INFO - NMSqbaqeoYd4_4mWAABx: Sending packet OPEN data {'sid': 'NMSqbaqeoYd4_4mWAABx', 'upgrades': ['websocket'], 'pingTimeout': 5000000, 'pingInterval': 25000000, 'maxPayload': 1000000}
2025-02-05 15:33:36,644 - INFO - M_NDnUnPdHPBLVSCAABw: Received packet MESSAGE data 0
2025-02-05 15:33:36,647 - INFO - New connection attempt from SID: hoEpW-X1rYFfCDnBAABy
2025-02-05 15:33:36,647 - INFO - Auth data received: {}
2025-02-05 15:33:36,649 - INFO - Awaiting authentication...
2025-02-05 15:33:36,649 - INFO - M_NDnUnPdHPBLVSCAABw: Sending packet MESSAGE data 0{"sid":"hoEpW-X1rYFfCDnBAABy"}
2025-02-05 15:33:36,672 - INFO - M_NDnUnPdHPBLVSCAABw: Received packet MESSAGE data 2["get-queue-status",{"username":"sam"}]
2025-02-05 15:33:36,672 - INFO - received event "get-queue-status" from hoEpW-X1rYFfCDnBAABy [/]
2025-02-05 15:33:36,683 - INFO - M_NDnUnPdHPBLVSCAABw: Received packet MESSAGE data 2["get-queue-status",{"username":"sam"}]
2025-02-05 15:33:36,685 - INFO - received event "get-queue-status" from hoEpW-X1rYFfCDnBAABy [/]
2025-02-05 15:33:36,685 - INFO - M_NDnUnPdHPBLVSCAABw: Received packet MESSAGE data 2["authenticate",{"username":"sam","token":"eyJhbGciOiJIUzI1NiIsInR5cCI6IkpXVCJ9.eyJmcmVzaCI6ZmFsc2UsImlhdCI6MTczODc2NzcwMCwianRpIjoiY2ZiMTIxOGUtNmU1NC00MjFjLTg4N2EtYTYyYzY0MGQzNzk1IiwidHlwZSI6ImFjY2VzcyIsInN1YiI6InNhbSIsIm5iZiI6MTczODc2NzcwMCwiY3NyZiI6ImEyZmE0NjI3LWQyNjUtNDdjYS05NjkyLTcyNmQ4YmVkOTFhYiIsImV4cCI6MTczODc2ODYwMH0.-6xnKExwjPT4jO4NbXuNa-xZOtHL7VvblnDXLVujjIg"}]
2025-02-05 15:33:36,686 - INFO - received event "authenticate" from hoEpW-X1rYFfCDnBAABy [/]
2025-02-05 15:33:36,686 - INFO - M_NDnUnPdHPBLVSCAABw: Received packet MESSAGE data 2["get-queue-status",{"username":"sam"}]
2025-02-05 15:33:36,686 - INFO - received event "get-queue-status" from hoEpW-X1rYFfCDnBAABy [/]
2025-02-05 15:33:36,689 - INFO - Authentication attempt for sam, hoEpW-X1rYFfCDnBAABy
2025-02-05 15:33:36,692 - INFO - emitting event "queue_status" to hoEpW-X1rYFfCDnBAABy [/]
2025-02-05 15:33:36,692 - INFO - M_NDnUnPdHPBLVSCAABw: Sending packet MESSAGE data 2["queue_status",{"inQueue":false,"playersInQueue":1,"queue":["neil"]}]
2025-02-05 15:33:36,692 - INFO - Authentication successful for sam
2025-02-05 15:33:36,697 - INFO - NMSqbaqeoYd4_4mWAABx: Received packet MESSAGE data 0
2025-02-05 15:33:36,698 - INFO - New connection attempt from SID: IAhOo6b6vEMfyDHEAABz
2025-02-05 15:33:36,698 - INFO - Auth data received: {}
2025-02-05 15:33:36,698 - INFO - Awaiting authentication...
2025-02-05 15:33:36,698 - INFO - NMSqbaqeoYd4_4mWAABx: Sending packet MESSAGE data 0{"sid":"IAhOo6b6vEMfyDHEAABz"}
2025-02-05 15:33:36,722 - INFO - NMSqbaqeoYd4_4mWAABx: Received packet MESSAGE data 2["get-queue-status",{"username":"neil"}]
2025-02-05 15:33:36,725 - INFO - received event "get-queue-status" from IAhOo6b6vEMfyDHEAABz [/]
2025-02-05 15:33:36,732 - INFO - NMSqbaqeoYd4_4mWAABx: Received packet MESSAGE data 2["get-queue-status",{"username":"neil"}]
2025-02-05 15:33:36,732 - INFO - received event "get-queue-status" from IAhOo6b6vEMfyDHEAABz [/]
2025-02-05 15:33:36,732 - INFO - NMSqbaqeoYd4_4mWAABx: Received packet MESSAGE data 2["authenticate",{"username":"neil","token":"eyJhbGciOiJIUzI1NiIsInR5cCI6IkpXVCJ9.eyJmcmVzaCI6ZmFsc2UsImlhdCI6MTczODc2NzY3NiwianRpIjoiNTVlYTBhODctY2NlMi00NjRkLTg0ZmQtNjI4NjE2ZDJlZjkwIiwidHlwZSI6ImFjY2VzcyIsInN1YiI6Im5laWwiLCJuYmYiOjE3Mzg3Njc2NzYsImNzcmYiOiJkN2YwM2M3Mi00YWZhLTQ1YmUtYTVmOS0yYTkxZmJiNzBjZWMiLCJleHAiOjE3Mzg3Njg1NzZ9.arBQRbZt9DPEfMpVEOGSdgW_8hSDvLLArynbIzOODH4"}]
2025-02-05 15:33:36,732 - INFO - received event "authenticate" from IAhOo6b6vEMfyDHEAABz [/]
2025-02-05 15:33:36,738 - INFO - NMSqbaqeoYd4_4mWAABx: Received packet MESSAGE data 2["get-queue-status",{"username":"neil"}]
2025-02-05 15:33:36,738 - INFO - received event "get-queue-status" from IAhOo6b6vEMfyDHEAABz [/]
2025-02-05 15:33:36,738 - INFO - Authentication attempt for neil, IAhOo6b6vEMfyDHEAABz
2025-02-05 15:33:36,738 - INFO - emitting event "queue_status" to IAhOo6b6vEMfyDHEAABz [/]
2025-02-05 15:33:36,742 - INFO - NMSqbaqeoYd4_4mWAABx: Sending packet MESSAGE data 2["queue_status",{"inQueue":true,"playersInQueue":1,"queue":["neil"]}]
2025-02-05 15:33:36,742 - INFO - Authentication successful for neil
2025-02-05 15:33:36,945 - INFO - M_NDnUnPdHPBLVSCAABw: Received request to upgrade to websocket
2025-02-05 15:33:36,957 - INFO - M_NDnUnPdHPBLVSCAABw: Upgrade to websocket successful
2025-02-05 15:33:37,031 - INFO - NMSqbaqeoYd4_4mWAABx: Received request to upgrade to websocket
2025-02-05 15:33:37,043 - INFO - NMSqbaqeoYd4_4mWAABx: Upgrade to websocket successful
2025-02-05 15:34:13,351 - INFO - Client disconnected: hoEpW-X1rYFfCDnBAABy (Reason: transport close)
2025-02-05 15:34:13,351 - INFO - User sam disconnected
2025-02-05 15:34:13,364 - INFO - Client disconnected: IAhOo6b6vEMfyDHEAABz (Reason: transport close)
2025-02-05 15:34:13,364 - INFO - User neil disconnected
2025-02-05 15:34:13,566 - INFO - RZ90kdxNaG7ohqR0AAB0: Sending packet OPEN data {'sid': 'RZ90kdxNaG7ohqR0AAB0', 'upgrades': ['websocket'], 'pingTimeout': 5000000, 'pingInterval': 25000000, 'maxPayload': 1000000}
2025-02-05 15:34:13,591 - INFO - RZ90kdxNaG7ohqR0AAB0: Received packet MESSAGE data 0
2025-02-05 15:34:13,591 - INFO - New connection attempt from SID: KdpZFZKMqN3Wk6rVAAB1
2025-02-05 15:34:13,591 - INFO - Auth data received: {}
2025-02-05 15:34:13,596 - INFO - Awaiting authentication...
2025-02-05 15:34:13,597 - INFO - RZ90kdxNaG7ohqR0AAB0: Sending packet MESSAGE data 0{"sid":"KdpZFZKMqN3Wk6rVAAB1"}
2025-02-05 15:34:13,601 - INFO - 3Sb2073i6KcLR6ziAAB2: Sending packet OPEN data {'sid': '3Sb2073i6KcLR6ziAAB2', 'upgrades': ['websocket'], 'pingTimeout': 5000000, 'pingInterval': 25000000, 'maxPayload': 1000000}
2025-02-05 15:34:13,612 - INFO - RZ90kdxNaG7ohqR0AAB0: Received packet MESSAGE data 2["get-queue-status",{"username":"neil"}]
2025-02-05 15:34:13,613 - INFO - received event "get-queue-status" from KdpZFZKMqN3Wk6rVAAB1 [/]
2025-02-05 15:34:13,631 - INFO - 3Sb2073i6KcLR6ziAAB2: Received packet MESSAGE data 0
2025-02-05 15:34:13,634 - INFO - New connection attempt from SID: RsQd8XB3CpUV9YtQAAB3
2025-02-05 15:34:13,634 - INFO - Auth data received: {}
2025-02-05 15:34:13,634 - INFO - Awaiting authentication...
2025-02-05 15:34:13,634 - INFO - 3Sb2073i6KcLR6ziAAB2: Sending packet MESSAGE data 0{"sid":"RsQd8XB3CpUV9YtQAAB3"}
2025-02-05 15:34:13,637 - INFO - RZ90kdxNaG7ohqR0AAB0: Received packet MESSAGE data 2["get-queue-status",{"username":"neil"}]
2025-02-05 15:34:13,637 - INFO - received event "get-queue-status" from KdpZFZKMqN3Wk6rVAAB1 [/]
2025-02-05 15:34:13,637 - INFO - RZ90kdxNaG7ohqR0AAB0: Received packet MESSAGE data 2["authenticate",{"username":"neil","token":"eyJhbGciOiJIUzI1NiIsInR5cCI6IkpXVCJ9.eyJmcmVzaCI6ZmFsc2UsImlhdCI6MTczODc2NzY3NiwianRpIjoiNTVlYTBhODctY2NlMi00NjRkLTg0ZmQtNjI4NjE2ZDJlZjkwIiwidHlwZSI6ImFjY2VzcyIsInN1YiI6Im5laWwiLCJuYmYiOjE3Mzg3Njc2NzYsImNzcmYiOiJkN2YwM2M3Mi00YWZhLTQ1YmUtYTVmOS0yYTkxZmJiNzBjZWMiLCJleHAiOjE3Mzg3Njg1NzZ9.arBQRbZt9DPEfMpVEOGSdgW_8hSDvLLArynbIzOODH4"}]
2025-02-05 15:34:13,637 - INFO - received event "authenticate" from KdpZFZKMqN3Wk6rVAAB1 [/]
2025-02-05 15:34:13,637 - INFO - RZ90kdxNaG7ohqR0AAB0: Received packet MESSAGE data 2["get-queue-status",{"username":"neil"}]
2025-02-05 15:34:13,637 - INFO - received event "get-queue-status" from KdpZFZKMqN3Wk6rVAAB1 [/]
2025-02-05 15:34:13,637 - INFO - Authentication attempt for neil, KdpZFZKMqN3Wk6rVAAB1
2025-02-05 15:34:13,637 - INFO - emitting event "queue_status" to KdpZFZKMqN3Wk6rVAAB1 [/]
2025-02-05 15:34:13,648 - INFO - RZ90kdxNaG7ohqR0AAB0: Sending packet MESSAGE data 2["queue_status",{"inQueue":true,"playersInQueue":1,"queue":["neil"]}]
2025-02-05 15:34:13,648 - INFO - Authentication successful for neil
2025-02-05 15:34:13,650 - INFO - 3Sb2073i6KcLR6ziAAB2: Received packet MESSAGE data 2["get-queue-status",{"username":"sam"}]
2025-02-05 15:34:13,650 - INFO - received event "get-queue-status" from RsQd8XB3CpUV9YtQAAB3 [/]
2025-02-05 15:34:13,658 - INFO - 3Sb2073i6KcLR6ziAAB2: Received packet MESSAGE data 2["get-queue-status",{"username":"sam"}]
2025-02-05 15:34:13,663 - INFO - received event "get-queue-status" from RsQd8XB3CpUV9YtQAAB3 [/]
2025-02-05 15:34:13,663 - INFO - 3Sb2073i6KcLR6ziAAB2: Received packet MESSAGE data 2["authenticate",{"username":"sam","token":"eyJhbGciOiJIUzI1NiIsInR5cCI6IkpXVCJ9.eyJmcmVzaCI6ZmFsc2UsImlhdCI6MTczODc2NzcwMCwianRpIjoiY2ZiMTIxOGUtNmU1NC00MjFjLTg4N2EtYTYyYzY0MGQzNzk1IiwidHlwZSI6ImFjY2VzcyIsInN1YiI6InNhbSIsIm5iZiI6MTczODc2NzcwMCwiY3NyZiI6ImEyZmE0NjI3LWQyNjUtNDdjYS05NjkyLTcyNmQ4YmVkOTFhYiIsImV4cCI6MTczODc2ODYwMH0.-6xnKExwjPT4jO4NbXuNa-xZOtHL7VvblnDXLVujjIg"}]
2025-02-05 15:34:13,663 - INFO - received event "authenticate" from RsQd8XB3CpUV9YtQAAB3 [/]
2025-02-05 15:34:13,663 - INFO - 3Sb2073i6KcLR6ziAAB2: Received packet MESSAGE data 2["get-queue-status",{"username":"sam"}]
2025-02-05 15:34:13,663 - INFO - received event "get-queue-status" from RsQd8XB3CpUV9YtQAAB3 [/]
2025-02-05 15:34:13,669 - INFO - Authentication attempt for sam, RsQd8XB3CpUV9YtQAAB3
2025-02-05 15:34:13,669 - INFO - emitting event "queue_status" to RsQd8XB3CpUV9YtQAAB3 [/]
2025-02-05 15:34:13,669 - INFO - 3Sb2073i6KcLR6ziAAB2: Sending packet MESSAGE data 2["queue_status",{"inQueue":false,"playersInQueue":1,"queue":["neil"]}]
2025-02-05 15:34:13,670 - INFO - Authentication successful for sam
2025-02-05 15:34:13,905 - INFO - RZ90kdxNaG7ohqR0AAB0: Received request to upgrade to websocket
2025-02-05 15:34:13,905 - INFO - RZ90kdxNaG7ohqR0AAB0: Upgrade to websocket successful
2025-02-05 15:34:13,936 - INFO - 3Sb2073i6KcLR6ziAAB2: Received request to upgrade to websocket
2025-02-05 15:34:13,944 - INFO - 3Sb2073i6KcLR6ziAAB2: Upgrade to websocket successful
2025-02-05 15:35:41,323 - INFO - Client disconnected: RsQd8XB3CpUV9YtQAAB3 (Reason: transport close)
2025-02-05 15:35:41,323 - INFO - User sam disconnected
2025-02-05 15:35:41,353 - INFO - Client disconnected: KdpZFZKMqN3Wk6rVAAB1 (Reason: transport close)
2025-02-05 15:35:41,356 - INFO - User neil disconnected
2025-02-05 15:35:46,554 - INFO - z6O8MGtcPSzBnyXeAAB4: Sending packet OPEN data {'sid': 'z6O8MGtcPSzBnyXeAAB4', 'upgrades': ['websocket'], 'pingTimeout': 5000000, 'pingInterval': 25000000, 'maxPayload': 1000000}
2025-02-05 15:35:46,580 - INFO - bufbnto185hC42CRAAB5: Sending packet OPEN data {'sid': 'bufbnto185hC42CRAAB5', 'upgrades': ['websocket'], 'pingTimeout': 5000000, 'pingInterval': 25000000, 'maxPayload': 1000000}
2025-02-05 15:35:46,595 - INFO - z6O8MGtcPSzBnyXeAAB4: Received packet MESSAGE data 0
2025-02-05 15:35:46,597 - INFO - New connection attempt from SID: 6wtOI716zAwlMB6QAAB6
2025-02-05 15:35:46,597 - INFO - Auth data received: {}
2025-02-05 15:35:46,599 - INFO - Awaiting authentication...
2025-02-05 15:35:46,599 - INFO - z6O8MGtcPSzBnyXeAAB4: Sending packet MESSAGE data 0{"sid":"6wtOI716zAwlMB6QAAB6"}
2025-02-05 15:35:46,626 - INFO - bufbnto185hC42CRAAB5: Received packet MESSAGE data 0
2025-02-05 15:35:46,628 - INFO - New connection attempt from SID: wrliMGNYcDGmS9CKAAB7
2025-02-05 15:35:46,628 - INFO - Auth data received: {}
2025-02-05 15:35:46,628 - INFO - Awaiting authentication...
2025-02-05 15:35:46,631 - INFO - bufbnto185hC42CRAAB5: Sending packet MESSAGE data 0{"sid":"wrliMGNYcDGmS9CKAAB7"}
2025-02-05 15:35:46,636 - INFO - z6O8MGtcPSzBnyXeAAB4: Received packet MESSAGE data 2["get-queue-status",{"username":"neil"}]
2025-02-05 15:35:46,636 - INFO - received event "get-queue-status" from 6wtOI716zAwlMB6QAAB6 [/]
2025-02-05 15:35:46,665 - INFO - z6O8MGtcPSzBnyXeAAB4: Received packet MESSAGE data 2["get-queue-status",{"username":"neil"}]
2025-02-05 15:35:46,665 - INFO - received event "get-queue-status" from 6wtOI716zAwlMB6QAAB6 [/]
2025-02-05 15:35:46,671 - INFO - z6O8MGtcPSzBnyXeAAB4: Received packet MESSAGE data 2["authenticate",{"username":"neil","token":"eyJhbGciOiJIUzI1NiIsInR5cCI6IkpXVCJ9.eyJmcmVzaCI6ZmFsc2UsImlhdCI6MTczODc2NzY3NiwianRpIjoiNTVlYTBhODctY2NlMi00NjRkLTg0ZmQtNjI4NjE2ZDJlZjkwIiwidHlwZSI6ImFjY2VzcyIsInN1YiI6Im5laWwiLCJuYmYiOjE3Mzg3Njc2NzYsImNzcmYiOiJkN2YwM2M3Mi00YWZhLTQ1YmUtYTVmOS0yYTkxZmJiNzBjZWMiLCJleHAiOjE3Mzg3Njg1NzZ9.arBQRbZt9DPEfMpVEOGSdgW_8hSDvLLArynbIzOODH4"}]
2025-02-05 15:35:46,671 - INFO - received event "authenticate" from 6wtOI716zAwlMB6QAAB6 [/]
2025-02-05 15:35:46,671 - INFO - z6O8MGtcPSzBnyXeAAB4: Received packet MESSAGE data 2["get-queue-status",{"username":"neil"}]
2025-02-05 15:35:46,671 - INFO - received event "get-queue-status" from 6wtOI716zAwlMB6QAAB6 [/]
2025-02-05 15:35:46,671 - INFO - Authentication attempt for neil, 6wtOI716zAwlMB6QAAB6
2025-02-05 15:35:46,671 - INFO - emitting event "queue_status" to 6wtOI716zAwlMB6QAAB6 [/]
2025-02-05 15:35:46,671 - INFO - z6O8MGtcPSzBnyXeAAB4: Sending packet MESSAGE data 2["queue_status",{"inQueue":true,"playersInQueue":1,"queue":["neil"]}]
2025-02-05 15:35:46,671 - INFO - Authentication successful for neil
2025-02-05 15:35:46,681 - INFO - bufbnto185hC42CRAAB5: Received packet MESSAGE data 2["get-queue-status",{"username":"sam"}]
2025-02-05 15:35:46,681 - INFO - received event "get-queue-status" from wrliMGNYcDGmS9CKAAB7 [/]
2025-02-05 15:35:46,689 - INFO - bufbnto185hC42CRAAB5: Received packet MESSAGE data 2["get-queue-status",{"username":"sam"}]
2025-02-05 15:35:46,695 - INFO - received event "get-queue-status" from wrliMGNYcDGmS9CKAAB7 [/]
2025-02-05 15:35:46,695 - INFO - bufbnto185hC42CRAAB5: Received packet MESSAGE data 2["authenticate",{"username":"sam","token":"eyJhbGciOiJIUzI1NiIsInR5cCI6IkpXVCJ9.eyJmcmVzaCI6ZmFsc2UsImlhdCI6MTczODc2NzcwMCwianRpIjoiY2ZiMTIxOGUtNmU1NC00MjFjLTg4N2EtYTYyYzY0MGQzNzk1IiwidHlwZSI6ImFjY2VzcyIsInN1YiI6InNhbSIsIm5iZiI6MTczODc2NzcwMCwiY3NyZiI6ImEyZmE0NjI3LWQyNjUtNDdjYS05NjkyLTcyNmQ4YmVkOTFhYiIsImV4cCI6MTczODc2ODYwMH0.-6xnKExwjPT4jO4NbXuNa-xZOtHL7VvblnDXLVujjIg"}]
2025-02-05 15:35:46,697 - INFO - received event "authenticate" from wrliMGNYcDGmS9CKAAB7 [/]
2025-02-05 15:35:46,697 - INFO - bufbnto185hC42CRAAB5: Received packet MESSAGE data 2["get-queue-status",{"username":"sam"}]
2025-02-05 15:35:46,697 - INFO - received event "get-queue-status" from wrliMGNYcDGmS9CKAAB7 [/]
2025-02-05 15:35:46,699 - INFO - Authentication attempt for sam, wrliMGNYcDGmS9CKAAB7
2025-02-05 15:35:46,701 - INFO - emitting event "queue_status" to wrliMGNYcDGmS9CKAAB7 [/]
2025-02-05 15:35:46,701 - INFO - bufbnto185hC42CRAAB5: Sending packet MESSAGE data 2["queue_status",{"inQueue":false,"playersInQueue":1,"queue":["neil"]}]
2025-02-05 15:35:46,702 - INFO - Authentication successful for sam
2025-02-05 15:35:46,934 - INFO - bufbnto185hC42CRAAB5: Received request to upgrade to websocket
2025-02-05 15:35:46,936 - INFO - z6O8MGtcPSzBnyXeAAB4: Received request to upgrade to websocket
2025-02-05 15:35:46,965 - INFO - bufbnto185hC42CRAAB5: Upgrade to websocket successful
2025-02-05 15:35:46,969 - INFO - z6O8MGtcPSzBnyXeAAB4: Upgrade to websocket successful
2025-02-05 15:37:04,352 - INFO - Client disconnected: wrliMGNYcDGmS9CKAAB7 (Reason: transport close)
2025-02-05 15:37:04,352 - INFO - User sam disconnected
2025-02-05 15:37:04,406 - INFO - Client disconnected: 6wtOI716zAwlMB6QAAB6 (Reason: transport close)
2025-02-05 15:37:04,406 - INFO - User neil disconnected
2025-02-05 15:41:03,860 - INFO - ajHW6VzRGdN8pV7dAAB8: Sending packet OPEN data {'sid': 'ajHW6VzRGdN8pV7dAAB8', 'upgrades': ['websocket'], 'pingTimeout': 5000000, 'pingInterval': 25000000, 'maxPayload': 1000000}
2025-02-05 15:41:03,863 - INFO - MQollbnUHDK0bPRPAAB9: Sending packet OPEN data {'sid': 'MQollbnUHDK0bPRPAAB9', 'upgrades': ['websocket'], 'pingTimeout': 5000000, 'pingInterval': 25000000, 'maxPayload': 1000000}
2025-02-05 15:41:03,879 - INFO - ajHW6VzRGdN8pV7dAAB8: Received packet MESSAGE data 0
2025-02-05 15:41:03,884 - INFO - New connection attempt from SID: BYubBIlzP1fMO2-OAAB-
2025-02-05 15:41:03,884 - INFO - Auth data received: {}
2025-02-05 15:41:03,888 - INFO - Awaiting authentication...
2025-02-05 15:41:03,888 - INFO - ajHW6VzRGdN8pV7dAAB8: Sending packet MESSAGE data 0{"sid":"BYubBIlzP1fMO2-OAAB-"}
2025-02-05 15:41:03,889 - INFO - MQollbnUHDK0bPRPAAB9: Received packet MESSAGE data 0
2025-02-05 15:41:03,889 - INFO - New connection attempt from SID: HnRTbVZAUVqUav4GAAB_
2025-02-05 15:41:03,893 - INFO - Auth data received: {}
2025-02-05 15:41:03,894 - INFO - Awaiting authentication...
2025-02-05 15:41:03,894 - INFO - MQollbnUHDK0bPRPAAB9: Sending packet MESSAGE data 0{"sid":"HnRTbVZAUVqUav4GAAB_"}
2025-02-05 15:41:04,121 - INFO - MQollbnUHDK0bPRPAAB9: Received packet MESSAGE data 2["authenticate",{"username":"sam","token":"eyJhbGciOiJIUzI1NiIsInR5cCI6IkpXVCJ9.eyJmcmVzaCI6ZmFsc2UsImlhdCI6MTczODc2NzcwMCwianRpIjoiY2ZiMTIxOGUtNmU1NC00MjFjLTg4N2EtYTYyYzY0MGQzNzk1IiwidHlwZSI6ImFjY2VzcyIsInN1YiI6InNhbSIsIm5iZiI6MTczODc2NzcwMCwiY3NyZiI6ImEyZmE0NjI3LWQyNjUtNDdjYS05NjkyLTcyNmQ4YmVkOTFhYiIsImV4cCI6MTczODc2ODYwMH0.-6xnKExwjPT4jO4NbXuNa-xZOtHL7VvblnDXLVujjIg"}]
2025-02-05 15:41:04,124 - INFO - received event "authenticate" from HnRTbVZAUVqUav4GAAB_ [/]
2025-02-05 15:41:04,126 - INFO - ajHW6VzRGdN8pV7dAAB8: Received packet MESSAGE data 2["authenticate",{"username":"neil","token":"eyJhbGciOiJIUzI1NiIsInR5cCI6IkpXVCJ9.eyJmcmVzaCI6ZmFsc2UsImlhdCI6MTczODc2NzY3NiwianRpIjoiNTVlYTBhODctY2NlMi00NjRkLTg0ZmQtNjI4NjE2ZDJlZjkwIiwidHlwZSI6ImFjY2VzcyIsInN1YiI6Im5laWwiLCJuYmYiOjE3Mzg3Njc2NzYsImNzcmYiOiJkN2YwM2M3Mi00YWZhLTQ1YmUtYTVmOS0yYTkxZmJiNzBjZWMiLCJleHAiOjE3Mzg3Njg1NzZ9.arBQRbZt9DPEfMpVEOGSdgW_8hSDvLLArynbIzOODH4"}]
2025-02-05 15:41:04,128 - INFO - received event "authenticate" from BYubBIlzP1fMO2-OAAB- [/]
2025-02-05 15:41:04,128 - INFO - Authentication attempt for neil, BYubBIlzP1fMO2-OAAB-
2025-02-05 15:41:04,130 - INFO - emitting event "queue_status" to BYubBIlzP1fMO2-OAAB- [/]
2025-02-05 15:41:04,130 - INFO - ajHW6VzRGdN8pV7dAAB8: Sending packet MESSAGE data 2["queue_status",{"inQueue":true,"playersInQueue":1,"queue":["neil"]}]
2025-02-05 15:41:04,130 - INFO - Authentication successful for neil
2025-02-05 15:41:04,130 - INFO - Authentication attempt for sam, HnRTbVZAUVqUav4GAAB_
2025-02-05 15:41:04,130 - INFO - emitting event "queue_status" to HnRTbVZAUVqUav4GAAB_ [/]
2025-02-05 15:41:04,130 - INFO - MQollbnUHDK0bPRPAAB9: Sending packet MESSAGE data 2["queue_status",{"inQueue":false,"playersInQueue":1,"queue":["neil"]}]
2025-02-05 15:41:04,130 - INFO - Authentication successful for sam
2025-02-05 15:41:04,136 - INFO - MQollbnUHDK0bPRPAAB9: Received packet MESSAGE data 2["get-queue-status",{"username":"sam"}]
2025-02-05 15:41:04,136 - INFO - received event "get-queue-status" from HnRTbVZAUVqUav4GAAB_ [/]
2025-02-05 15:41:04,138 - INFO - ajHW6VzRGdN8pV7dAAB8: Received packet MESSAGE data 2["get-queue-status",{"username":"neil"}]
2025-02-05 15:41:04,138 - INFO - received event "get-queue-status" from BYubBIlzP1fMO2-OAAB- [/]
2025-02-05 15:41:04,187 - INFO - MQollbnUHDK0bPRPAAB9: Received request to upgrade to websocket
2025-02-05 15:41:04,189 - INFO - ajHW6VzRGdN8pV7dAAB8: Received request to upgrade to websocket
2025-02-05 15:41:04,528 - INFO - ajHW6VzRGdN8pV7dAAB8: Upgrade to websocket successful
2025-02-05 15:41:04,528 - INFO - MQollbnUHDK0bPRPAAB9: Upgrade to websocket successful
2025-02-05 15:43:09,346 - INFO - Client disconnected: HnRTbVZAUVqUav4GAAB_ (Reason: transport close)
2025-02-05 15:43:09,347 - INFO - User sam disconnected
2025-02-05 15:43:09,371 - INFO - Client disconnected: BYubBIlzP1fMO2-OAAB- (Reason: transport close)
2025-02-05 15:43:09,373 - INFO - User neil disconnected
2025-02-05 15:43:09,544 - INFO - _4bqoscRFDClW83XAACA: Sending packet OPEN data {'sid': '_4bqoscRFDClW83XAACA', 'upgrades': ['websocket'], 'pingTimeout': 5000000, 'pingInterval': 25000000, 'maxPayload': 1000000}
2025-02-05 15:43:09,562 - INFO - dc3dRjmUqecSa1prAACB: Sending packet OPEN data {'sid': 'dc3dRjmUqecSa1prAACB', 'upgrades': ['websocket'], 'pingTimeout': 5000000, 'pingInterval': 25000000, 'maxPayload': 1000000}
2025-02-05 15:43:09,579 - INFO - _4bqoscRFDClW83XAACA: Received packet MESSAGE data 0
2025-02-05 15:43:09,582 - INFO - New connection attempt from SID: 9N7v35eh0L6zMy99AACC
2025-02-05 15:43:09,582 - INFO - Auth data received: {}
2025-02-05 15:43:09,582 - INFO - Awaiting authentication...
2025-02-05 15:43:09,585 - INFO - _4bqoscRFDClW83XAACA: Sending packet MESSAGE data 0{"sid":"9N7v35eh0L6zMy99AACC"}
2025-02-05 15:43:09,591 - INFO - dc3dRjmUqecSa1prAACB: Received packet MESSAGE data 0
2025-02-05 15:43:09,593 - INFO - New connection attempt from SID: Drie6OsiJb4HnsJqAACD
2025-02-05 15:43:09,594 - INFO - Auth data received: {}
2025-02-05 15:43:09,594 - INFO - Awaiting authentication...
2025-02-05 15:43:09,594 - INFO - dc3dRjmUqecSa1prAACB: Sending packet MESSAGE data 0{"sid":"Drie6OsiJb4HnsJqAACD"}
2025-02-05 15:43:09,601 - INFO - _4bqoscRFDClW83XAACA: Received packet MESSAGE data 2["authenticate",{"username":"sam","token":"eyJhbGciOiJIUzI1NiIsInR5cCI6IkpXVCJ9.eyJmcmVzaCI6ZmFsc2UsImlhdCI6MTczODc2NzcwMCwianRpIjoiY2ZiMTIxOGUtNmU1NC00MjFjLTg4N2EtYTYyYzY0MGQzNzk1IiwidHlwZSI6ImFjY2VzcyIsInN1YiI6InNhbSIsIm5iZiI6MTczODc2NzcwMCwiY3NyZiI6ImEyZmE0NjI3LWQyNjUtNDdjYS05NjkyLTcyNmQ4YmVkOTFhYiIsImV4cCI6MTczODc2ODYwMH0.-6xnKExwjPT4jO4NbXuNa-xZOtHL7VvblnDXLVujjIg"}]
2025-02-05 15:43:09,603 - INFO - received event "authenticate" from 9N7v35eh0L6zMy99AACC [/]
2025-02-05 15:43:09,605 - INFO - Authentication attempt for sam, 9N7v35eh0L6zMy99AACC
2025-02-05 15:43:09,605 - INFO - emitting event "queue_status" to 9N7v35eh0L6zMy99AACC [/]
2025-02-05 15:43:09,605 - INFO - _4bqoscRFDClW83XAACA: Sending packet MESSAGE data 2["queue_status",{"inQueue":false,"playersInQueue":1,"queue":["neil"]}]
2025-02-05 15:43:09,605 - INFO - Authentication successful for sam
2025-02-05 15:43:09,609 - INFO - dc3dRjmUqecSa1prAACB: Received packet MESSAGE data 2["authenticate",{"username":"neil","token":"eyJhbGciOiJIUzI1NiIsInR5cCI6IkpXVCJ9.eyJmcmVzaCI6ZmFsc2UsImlhdCI6MTczODc2NzY3NiwianRpIjoiNTVlYTBhODctY2NlMi00NjRkLTg0ZmQtNjI4NjE2ZDJlZjkwIiwidHlwZSI6ImFjY2VzcyIsInN1YiI6Im5laWwiLCJuYmYiOjE3Mzg3Njc2NzYsImNzcmYiOiJkN2YwM2M3Mi00YWZhLTQ1YmUtYTVmOS0yYTkxZmJiNzBjZWMiLCJleHAiOjE3Mzg3Njg1NzZ9.arBQRbZt9DPEfMpVEOGSdgW_8hSDvLLArynbIzOODH4"}]
2025-02-05 15:43:09,612 - INFO - received event "authenticate" from Drie6OsiJb4HnsJqAACD [/]
2025-02-05 15:43:09,615 - INFO - Authentication attempt for neil, Drie6OsiJb4HnsJqAACD
2025-02-05 15:43:09,615 - INFO - emitting event "queue_status" to Drie6OsiJb4HnsJqAACD [/]
2025-02-05 15:43:09,616 - INFO - dc3dRjmUqecSa1prAACB: Sending packet MESSAGE data 2["queue_status",{"inQueue":true,"playersInQueue":1,"queue":["neil"]}]
2025-02-05 15:43:09,616 - INFO - Authentication successful for neil
2025-02-05 15:43:09,620 - INFO - _4bqoscRFDClW83XAACA: Received packet MESSAGE data 2["get-queue-status",{"username":"sam"}]
2025-02-05 15:43:09,620 - INFO - received event "get-queue-status" from 9N7v35eh0L6zMy99AACC [/]
2025-02-05 15:43:09,625 - INFO - dc3dRjmUqecSa1prAACB: Received packet MESSAGE data 2["get-queue-status",{"username":"neil"}]
2025-02-05 15:43:09,625 - INFO - received event "get-queue-status" from Drie6OsiJb4HnsJqAACD [/]
2025-02-05 15:43:09,885 - INFO - _4bqoscRFDClW83XAACA: Received request to upgrade to websocket
2025-02-05 15:43:09,893 - INFO - _4bqoscRFDClW83XAACA: Upgrade to websocket successful
2025-02-05 15:43:09,905 - INFO - dc3dRjmUqecSa1prAACB: Received request to upgrade to websocket
2025-02-05 15:43:09,911 - INFO - dc3dRjmUqecSa1prAACB: Upgrade to websocket successful
2025-02-05 15:44:12,321 - INFO - Client disconnected: 9N7v35eh0L6zMy99AACC (Reason: transport close)
2025-02-05 15:44:12,322 - INFO - User sam disconnected
2025-02-05 15:44:12,362 - INFO - Client disconnected: Drie6OsiJb4HnsJqAACD (Reason: transport close)
2025-02-05 15:44:12,364 - INFO - User neil disconnected
2025-02-05 15:44:12,813 - INFO - oDBKqCSmKo4up1JJAACE: Sending packet OPEN data {'sid': 'oDBKqCSmKo4up1JJAACE', 'upgrades': ['websocket'], 'pingTimeout': 5000000, 'pingInterval': 25000000, 'maxPayload': 1000000}
2025-02-05 15:44:12,824 - INFO - oDBKqCSmKo4up1JJAACE: Received packet MESSAGE data 0
2025-02-05 15:44:12,827 - INFO - New connection attempt from SID: _apEfqd1Q_WldgjFAACF
2025-02-05 15:44:12,827 - INFO - Auth data received: {}
2025-02-05 15:44:12,829 - INFO - Awaiting authentication...
2025-02-05 15:44:12,830 - INFO - oDBKqCSmKo4up1JJAACE: Sending packet MESSAGE data 0{"sid":"_apEfqd1Q_WldgjFAACF"}
2025-02-05 15:44:12,874 - INFO - oIh_DsWrOupI4jesAACG: Sending packet OPEN data {'sid': 'oIh_DsWrOupI4jesAACG', 'upgrades': ['websocket'], 'pingTimeout': 5000000, 'pingInterval': 25000000, 'maxPayload': 1000000}
2025-02-05 15:44:12,882 - INFO - oIh_DsWrOupI4jesAACG: Received packet MESSAGE data 0
2025-02-05 15:44:12,885 - INFO - New connection attempt from SID: 1blznwaqRIlyLXDOAACH
2025-02-05 15:44:12,885 - INFO - Auth data received: {}
2025-02-05 15:44:12,885 - INFO - Awaiting authentication...
2025-02-05 15:44:12,888 - INFO - oIh_DsWrOupI4jesAACG: Sending packet MESSAGE data 0{"sid":"1blznwaqRIlyLXDOAACH"}
2025-02-05 15:44:13,075 - INFO - oDBKqCSmKo4up1JJAACE: Received packet MESSAGE data 2["authenticate",{"username":"sam","token":"eyJhbGciOiJIUzI1NiIsInR5cCI6IkpXVCJ9.eyJmcmVzaCI6ZmFsc2UsImlhdCI6MTczODc2NzcwMCwianRpIjoiY2ZiMTIxOGUtNmU1NC00MjFjLTg4N2EtYTYyYzY0MGQzNzk1IiwidHlwZSI6ImFjY2VzcyIsInN1YiI6InNhbSIsIm5iZiI6MTczODc2NzcwMCwiY3NyZiI6ImEyZmE0NjI3LWQyNjUtNDdjYS05NjkyLTcyNmQ4YmVkOTFhYiIsImV4cCI6MTczODc2ODYwMH0.-6xnKExwjPT4jO4NbXuNa-xZOtHL7VvblnDXLVujjIg"}]
2025-02-05 15:44:13,075 - INFO - received event "authenticate" from _apEfqd1Q_WldgjFAACF [/]
2025-02-05 15:44:13,075 - INFO - Authentication attempt for sam, _apEfqd1Q_WldgjFAACF
2025-02-05 15:44:13,075 - INFO - emitting event "queue_status" to _apEfqd1Q_WldgjFAACF [/]
2025-02-05 15:44:13,075 - INFO - oDBKqCSmKo4up1JJAACE: Sending packet MESSAGE data 2["queue_status",{"inQueue":false,"playersInQueue":1,"queue":["neil"]}]
2025-02-05 15:44:13,075 - INFO - Authentication successful for sam
2025-02-05 15:44:13,087 - INFO - oDBKqCSmKo4up1JJAACE: Received packet MESSAGE data 2["get-queue-status",{"username":"sam"}]
2025-02-05 15:44:13,087 - INFO - received event "get-queue-status" from _apEfqd1Q_WldgjFAACF [/]
2025-02-05 15:44:13,124 - INFO - oIh_DsWrOupI4jesAACG: Received packet MESSAGE data 2["authenticate",{"username":"neil","token":"eyJhbGciOiJIUzI1NiIsInR5cCI6IkpXVCJ9.eyJmcmVzaCI6ZmFsc2UsImlhdCI6MTczODc2NzY3NiwianRpIjoiNTVlYTBhODctY2NlMi00NjRkLTg0ZmQtNjI4NjE2ZDJlZjkwIiwidHlwZSI6ImFjY2VzcyIsInN1YiI6Im5laWwiLCJuYmYiOjE3Mzg3Njc2NzYsImNzcmYiOiJkN2YwM2M3Mi00YWZhLTQ1YmUtYTVmOS0yYTkxZmJiNzBjZWMiLCJleHAiOjE3Mzg3Njg1NzZ9.arBQRbZt9DPEfMpVEOGSdgW_8hSDvLLArynbIzOODH4"}]
2025-02-05 15:44:13,124 - INFO - received event "authenticate" from 1blznwaqRIlyLXDOAACH [/]
2025-02-05 15:44:13,124 - INFO - Authentication attempt for neil, 1blznwaqRIlyLXDOAACH
2025-02-05 15:44:13,124 - INFO - emitting event "queue_status" to 1blznwaqRIlyLXDOAACH [/]
2025-02-05 15:44:13,124 - INFO - oIh_DsWrOupI4jesAACG: Sending packet MESSAGE data 2["queue_status",{"inQueue":true,"playersInQueue":1,"queue":["neil"]}]
2025-02-05 15:44:13,124 - INFO - Authentication successful for neil
2025-02-05 15:44:13,131 - INFO - oIh_DsWrOupI4jesAACG: Received packet MESSAGE data 2["get-queue-status",{"username":"neil"}]
2025-02-05 15:44:13,131 - INFO - received event "get-queue-status" from 1blznwaqRIlyLXDOAACH [/]
2025-02-05 15:44:13,138 - INFO - oDBKqCSmKo4up1JJAACE: Received request to upgrade to websocket
2025-02-05 15:44:13,148 - INFO - oDBKqCSmKo4up1JJAACE: Upgrade to websocket successful
2025-02-05 15:44:13,207 - INFO - oIh_DsWrOupI4jesAACG: Received request to upgrade to websocket
2025-02-05 15:44:13,239 - INFO - oIh_DsWrOupI4jesAACG: Upgrade to websocket successful
2025-02-05 15:44:53,352 - INFO - Client disconnected: _apEfqd1Q_WldgjFAACF (Reason: transport close)
2025-02-05 15:44:53,354 - INFO - User sam disconnected
2025-02-05 15:44:53,370 - INFO - Client disconnected: 1blznwaqRIlyLXDOAACH (Reason: transport close)
2025-02-05 15:44:53,371 - INFO - User neil disconnected
2025-02-05 15:44:53,572 - INFO - 8ZNzO-ahKKqIqbQ_AACI: Sending packet OPEN data {'sid': '8ZNzO-ahKKqIqbQ_AACI', 'upgrades': ['websocket'], 'pingTimeout': 5000000, 'pingInterval': 25000000, 'maxPayload': 1000000}
2025-02-05 15:44:53,616 - INFO - 8ZNzO-ahKKqIqbQ_AACI: Received packet MESSAGE data 0
2025-02-05 15:44:53,621 - INFO - New connection attempt from SID: cJbu9b5flrdtDBCqAACJ
2025-02-05 15:44:53,621 - INFO - Auth data received: {}
2025-02-05 15:44:53,621 - INFO - Awaiting authentication...
2025-02-05 15:44:53,623 - INFO - 8ZNzO-ahKKqIqbQ_AACI: Sending packet MESSAGE data 0{"sid":"cJbu9b5flrdtDBCqAACJ"}
2025-02-05 15:44:53,637 - INFO - KFo7ID6ccunhZi1eAACK: Sending packet OPEN data {'sid': 'KFo7ID6ccunhZi1eAACK', 'upgrades': ['websocket'], 'pingTimeout': 5000000, 'pingInterval': 25000000, 'maxPayload': 1000000}
2025-02-05 15:44:53,645 - INFO - 8ZNzO-ahKKqIqbQ_AACI: Received packet MESSAGE data 2["authenticate",{"username":"sam","token":"eyJhbGciOiJIUzI1NiIsInR5cCI6IkpXVCJ9.eyJmcmVzaCI6ZmFsc2UsImlhdCI6MTczODc2NzcwMCwianRpIjoiY2ZiMTIxOGUtNmU1NC00MjFjLTg4N2EtYTYyYzY0MGQzNzk1IiwidHlwZSI6ImFjY2VzcyIsInN1YiI6InNhbSIsIm5iZiI6MTczODc2NzcwMCwiY3NyZiI6ImEyZmE0NjI3LWQyNjUtNDdjYS05NjkyLTcyNmQ4YmVkOTFhYiIsImV4cCI6MTczODc2ODYwMH0.-6xnKExwjPT4jO4NbXuNa-xZOtHL7VvblnDXLVujjIg"}]
2025-02-05 15:44:53,649 - INFO - received event "authenticate" from cJbu9b5flrdtDBCqAACJ [/]
2025-02-05 15:44:53,652 - INFO - Authentication attempt for sam, cJbu9b5flrdtDBCqAACJ
2025-02-05 15:44:53,652 - INFO - emitting event "queue_status" to cJbu9b5flrdtDBCqAACJ [/]
2025-02-05 15:44:53,652 - INFO - 8ZNzO-ahKKqIqbQ_AACI: Sending packet MESSAGE data 2["queue_status",{"inQueue":false,"playersInQueue":1,"queue":["neil"]}]
2025-02-05 15:44:53,652 - INFO - Authentication successful for sam
2025-02-05 15:44:53,662 - INFO - 8ZNzO-ahKKqIqbQ_AACI: Received packet MESSAGE data 2["get-queue-status",{"username":"sam"}]
2025-02-05 15:44:53,662 - INFO - received event "get-queue-status" from cJbu9b5flrdtDBCqAACJ [/]
2025-02-05 15:44:53,670 - INFO - KFo7ID6ccunhZi1eAACK: Received packet MESSAGE data 0
2025-02-05 15:44:53,672 - INFO - New connection attempt from SID: hRvNGur8CkQk7MvoAACL
2025-02-05 15:44:53,674 - INFO - Auth data received: {}
2025-02-05 15:44:53,674 - INFO - Awaiting authentication...
2025-02-05 15:44:53,674 - INFO - KFo7ID6ccunhZi1eAACK: Sending packet MESSAGE data 0{"sid":"hRvNGur8CkQk7MvoAACL"}
2025-02-05 15:44:53,690 - INFO - KFo7ID6ccunhZi1eAACK: Received packet MESSAGE data 2["authenticate",{"username":"neil","token":"eyJhbGciOiJIUzI1NiIsInR5cCI6IkpXVCJ9.eyJmcmVzaCI6ZmFsc2UsImlhdCI6MTczODc2NzY3NiwianRpIjoiNTVlYTBhODctY2NlMi00NjRkLTg0ZmQtNjI4NjE2ZDJlZjkwIiwidHlwZSI6ImFjY2VzcyIsInN1YiI6Im5laWwiLCJuYmYiOjE3Mzg3Njc2NzYsImNzcmYiOiJkN2YwM2M3Mi00YWZhLTQ1YmUtYTVmOS0yYTkxZmJiNzBjZWMiLCJleHAiOjE3Mzg3Njg1NzZ9.arBQRbZt9DPEfMpVEOGSdgW_8hSDvLLArynbIzOODH4"}]
2025-02-05 15:44:53,690 - INFO - received event "authenticate" from hRvNGur8CkQk7MvoAACL [/]
2025-02-05 15:44:53,692 - INFO - Authentication attempt for neil, hRvNGur8CkQk7MvoAACL
2025-02-05 15:44:53,694 - INFO - emitting event "queue_status" to hRvNGur8CkQk7MvoAACL [/]
2025-02-05 15:44:53,694 - INFO - KFo7ID6ccunhZi1eAACK: Sending packet MESSAGE data 2["queue_status",{"inQueue":true,"playersInQueue":1,"queue":["neil"]}]
2025-02-05 15:44:53,694 - INFO - Authentication successful for neil
2025-02-05 15:44:53,719 - INFO - KFo7ID6ccunhZi1eAACK: Received packet MESSAGE data 2["get-queue-status",{"username":"neil"}]
2025-02-05 15:44:53,719 - INFO - received event "get-queue-status" from hRvNGur8CkQk7MvoAACL [/]
2025-02-05 15:44:53,930 - INFO - 8ZNzO-ahKKqIqbQ_AACI: Received request to upgrade to websocket
2025-02-05 15:44:53,940 - INFO - 8ZNzO-ahKKqIqbQ_AACI: Upgrade to websocket successful
2025-02-05 15:44:53,996 - INFO - KFo7ID6ccunhZi1eAACK: Received request to upgrade to websocket
2025-02-05 15:44:54,006 - INFO - KFo7ID6ccunhZi1eAACK: Upgrade to websocket successful
2025-02-05 15:45:58,319 - INFO - Client disconnected: cJbu9b5flrdtDBCqAACJ (Reason: transport close)
2025-02-05 15:45:58,321 - INFO - User sam disconnected
2025-02-05 15:45:58,372 - INFO - Client disconnected: hRvNGur8CkQk7MvoAACL (Reason: transport close)
2025-02-05 15:45:58,373 - INFO - User neil disconnected
2025-02-05 15:45:58,522 - INFO - EbxcSJOKsSB-dSHnAACM: Sending packet OPEN data {'sid': 'EbxcSJOKsSB-dSHnAACM', 'upgrades': ['websocket'], 'pingTimeout': 5000000, 'pingInterval': 25000000, 'maxPayload': 1000000}
2025-02-05 15:45:58,564 - INFO - EbxcSJOKsSB-dSHnAACM: Received packet MESSAGE data 0
2025-02-05 15:45:58,567 - INFO - New connection attempt from SID: YdPWelvHfyPq8AjiAACN
2025-02-05 15:45:58,568 - INFO - Auth data received: {}
2025-02-05 15:45:58,568 - INFO - Awaiting authentication...
2025-02-05 15:45:58,569 - INFO - EbxcSJOKsSB-dSHnAACM: Sending packet MESSAGE data 0{"sid":"YdPWelvHfyPq8AjiAACN"}
2025-02-05 15:45:58,586 - INFO - EbxcSJOKsSB-dSHnAACM: Received packet MESSAGE data 2["authenticate",{"username":"sam","token":"eyJhbGciOiJIUzI1NiIsInR5cCI6IkpXVCJ9.eyJmcmVzaCI6ZmFsc2UsImlhdCI6MTczODc2NzcwMCwianRpIjoiY2ZiMTIxOGUtNmU1NC00MjFjLTg4N2EtYTYyYzY0MGQzNzk1IiwidHlwZSI6ImFjY2VzcyIsInN1YiI6InNhbSIsIm5iZiI6MTczODc2NzcwMCwiY3NyZiI6ImEyZmE0NjI3LWQyNjUtNDdjYS05NjkyLTcyNmQ4YmVkOTFhYiIsImV4cCI6MTczODc2ODYwMH0.-6xnKExwjPT4jO4NbXuNa-xZOtHL7VvblnDXLVujjIg"}]
2025-02-05 15:45:58,586 - INFO - received event "authenticate" from YdPWelvHfyPq8AjiAACN [/]
2025-02-05 15:45:58,591 - INFO - Authentication attempt for sam, YdPWelvHfyPq8AjiAACN
2025-02-05 15:45:58,591 - INFO - emitting event "queue_status" to YdPWelvHfyPq8AjiAACN [/]
2025-02-05 15:45:58,592 - INFO - EbxcSJOKsSB-dSHnAACM: Sending packet MESSAGE data 2["queue_status",{"inQueue":false,"playersInQueue":1,"queue":["neil"]}]
2025-02-05 15:45:58,592 - INFO - Authentication successful for sam
2025-02-05 15:45:58,597 - INFO - EbxcSJOKsSB-dSHnAACM: Received packet MESSAGE data 2["get-queue-status",{"username":"sam"}]
2025-02-05 15:45:58,597 - INFO - received event "get-queue-status" from YdPWelvHfyPq8AjiAACN [/]
2025-02-05 15:45:58,600 - INFO - I3WwAIcUllOft4_WAACO: Sending packet OPEN data {'sid': 'I3WwAIcUllOft4_WAACO', 'upgrades': ['websocket'], 'pingTimeout': 5000000, 'pingInterval': 25000000, 'maxPayload': 1000000}
2025-02-05 15:45:58,623 - INFO - I3WwAIcUllOft4_WAACO: Received packet MESSAGE data 0
2025-02-05 15:45:58,628 - INFO - New connection attempt from SID: 3LUy-T6Mr1Qv4ShzAACP
2025-02-05 15:45:58,628 - INFO - Auth data received: {}
2025-02-05 15:45:58,628 - INFO - Awaiting authentication...
2025-02-05 15:45:58,628 - INFO - I3WwAIcUllOft4_WAACO: Sending packet MESSAGE data 0{"sid":"3LUy-T6Mr1Qv4ShzAACP"}
2025-02-05 15:45:58,641 - INFO - I3WwAIcUllOft4_WAACO: Received packet MESSAGE data 2["authenticate",{"username":"neil","token":"eyJhbGciOiJIUzI1NiIsInR5cCI6IkpXVCJ9.eyJmcmVzaCI6ZmFsc2UsImlhdCI6MTczODc2NzY3NiwianRpIjoiNTVlYTBhODctY2NlMi00NjRkLTg0ZmQtNjI4NjE2ZDJlZjkwIiwidHlwZSI6ImFjY2VzcyIsInN1YiI6Im5laWwiLCJuYmYiOjE3Mzg3Njc2NzYsImNzcmYiOiJkN2YwM2M3Mi00YWZhLTQ1YmUtYTVmOS0yYTkxZmJiNzBjZWMiLCJleHAiOjE3Mzg3Njg1NzZ9.arBQRbZt9DPEfMpVEOGSdgW_8hSDvLLArynbIzOODH4"}]
2025-02-05 15:45:58,643 - INFO - received event "authenticate" from 3LUy-T6Mr1Qv4ShzAACP [/]
2025-02-05 15:45:58,645 - INFO - Authentication attempt for neil, 3LUy-T6Mr1Qv4ShzAACP
2025-02-05 15:45:58,645 - INFO - emitting event "queue_status" to 3LUy-T6Mr1Qv4ShzAACP [/]
2025-02-05 15:45:58,645 - INFO - I3WwAIcUllOft4_WAACO: Sending packet MESSAGE data 2["queue_status",{"inQueue":true,"playersInQueue":1,"queue":["neil"]}]
2025-02-05 15:45:58,645 - INFO - Authentication successful for neil
2025-02-05 15:45:58,650 - INFO - I3WwAIcUllOft4_WAACO: Received packet MESSAGE data 2["get-queue-status",{"username":"neil"}]
2025-02-05 15:45:58,650 - INFO - received event "get-queue-status" from 3LUy-T6Mr1Qv4ShzAACP [/]
2025-02-05 15:45:58,880 - INFO - EbxcSJOKsSB-dSHnAACM: Received request to upgrade to websocket
2025-02-05 15:45:58,889 - INFO - EbxcSJOKsSB-dSHnAACM: Upgrade to websocket successful
2025-02-05 15:45:58,932 - INFO - I3WwAIcUllOft4_WAACO: Received request to upgrade to websocket
2025-02-05 15:45:58,962 - INFO - I3WwAIcUllOft4_WAACO: Upgrade to websocket successful
2025-02-05 15:46:13,337 - INFO - Client disconnected: YdPWelvHfyPq8AjiAACN (Reason: transport close)
2025-02-05 15:46:13,339 - INFO - User sam disconnected
2025-02-05 15:46:13,351 - INFO - Client disconnected: 3LUy-T6Mr1Qv4ShzAACP (Reason: transport close)
2025-02-05 15:46:13,351 - INFO - User neil disconnected
2025-02-05 15:46:13,598 - INFO - qAAyqfd8YKxpmXCdAACQ: Sending packet OPEN data {'sid': 'qAAyqfd8YKxpmXCdAACQ', 'upgrades': ['websocket'], 'pingTimeout': 5000000, 'pingInterval': 25000000, 'maxPayload': 1000000}
2025-02-05 15:46:13,602 - INFO - b_IY9QRlNnyZcWD8AACR: Sending packet OPEN data {'sid': 'b_IY9QRlNnyZcWD8AACR', 'upgrades': ['websocket'], 'pingTimeout': 5000000, 'pingInterval': 25000000, 'maxPayload': 1000000}
2025-02-05 15:46:13,647 - INFO - qAAyqfd8YKxpmXCdAACQ: Received packet MESSAGE data 0
2025-02-05 15:46:13,649 - INFO - New connection attempt from SID: sgfOrM1YWWQ0_gPKAACS
2025-02-05 15:46:13,651 - INFO - Auth data received: {}
2025-02-05 15:46:13,653 - INFO - Awaiting authentication...
2025-02-05 15:46:13,653 - INFO - qAAyqfd8YKxpmXCdAACQ: Sending packet MESSAGE data 0{"sid":"sgfOrM1YWWQ0_gPKAACS"}
2025-02-05 15:46:13,659 - INFO - b_IY9QRlNnyZcWD8AACR: Received packet MESSAGE data 0
2025-02-05 15:46:13,661 - INFO - New connection attempt from SID: f6-CG2wV6_Zl5qT4AACT
2025-02-05 15:46:13,661 - INFO - Auth data received: {}
2025-02-05 15:46:13,662 - INFO - Awaiting authentication...
2025-02-05 15:46:13,662 - INFO - b_IY9QRlNnyZcWD8AACR: Sending packet MESSAGE data 0{"sid":"f6-CG2wV6_Zl5qT4AACT"}
2025-02-05 15:46:13,683 - INFO - b_IY9QRlNnyZcWD8AACR: Received packet MESSAGE data 2["authenticate",{"username":"sam","token":"eyJhbGciOiJIUzI1NiIsInR5cCI6IkpXVCJ9.eyJmcmVzaCI6ZmFsc2UsImlhdCI6MTczODc2NzcwMCwianRpIjoiY2ZiMTIxOGUtNmU1NC00MjFjLTg4N2EtYTYyYzY0MGQzNzk1IiwidHlwZSI6ImFjY2VzcyIsInN1YiI6InNhbSIsIm5iZiI6MTczODc2NzcwMCwiY3NyZiI6ImEyZmE0NjI3LWQyNjUtNDdjYS05NjkyLTcyNmQ4YmVkOTFhYiIsImV4cCI6MTczODc2ODYwMH0.-6xnKExwjPT4jO4NbXuNa-xZOtHL7VvblnDXLVujjIg"}]
2025-02-05 15:46:13,686 - INFO - received event "authenticate" from f6-CG2wV6_Zl5qT4AACT [/]
2025-02-05 15:46:13,688 - INFO - Authentication attempt for sam, f6-CG2wV6_Zl5qT4AACT
2025-02-05 15:46:13,690 - INFO - emitting event "queue_status" to f6-CG2wV6_Zl5qT4AACT [/]
2025-02-05 15:46:13,690 - INFO - b_IY9QRlNnyZcWD8AACR: Sending packet MESSAGE data 2["queue_status",{"inQueue":false,"playersInQueue":1,"queue":["neil"]}]
2025-02-05 15:46:13,690 - INFO - Authentication successful for sam
2025-02-05 15:46:13,696 - INFO - b_IY9QRlNnyZcWD8AACR: Received packet MESSAGE data 2["get-queue-status",{"username":"sam"}]
2025-02-05 15:46:13,696 - INFO - received event "get-queue-status" from f6-CG2wV6_Zl5qT4AACT [/]
2025-02-05 15:46:13,715 - INFO - qAAyqfd8YKxpmXCdAACQ: Received packet MESSAGE data 2["authenticate",{"username":"neil","token":"eyJhbGciOiJIUzI1NiIsInR5cCI6IkpXVCJ9.eyJmcmVzaCI6ZmFsc2UsImlhdCI6MTczODc2NzY3NiwianRpIjoiNTVlYTBhODctY2NlMi00NjRkLTg0ZmQtNjI4NjE2ZDJlZjkwIiwidHlwZSI6ImFjY2VzcyIsInN1YiI6Im5laWwiLCJuYmYiOjE3Mzg3Njc2NzYsImNzcmYiOiJkN2YwM2M3Mi00YWZhLTQ1YmUtYTVmOS0yYTkxZmJiNzBjZWMiLCJleHAiOjE3Mzg3Njg1NzZ9.arBQRbZt9DPEfMpVEOGSdgW_8hSDvLLArynbIzOODH4"}]
2025-02-05 15:46:13,717 - INFO - received event "authenticate" from sgfOrM1YWWQ0_gPKAACS [/]
2025-02-05 15:46:13,719 - INFO - Authentication attempt for neil, sgfOrM1YWWQ0_gPKAACS
2025-02-05 15:46:13,721 - INFO - emitting event "queue_status" to sgfOrM1YWWQ0_gPKAACS [/]
2025-02-05 15:46:13,721 - INFO - qAAyqfd8YKxpmXCdAACQ: Sending packet MESSAGE data 2["queue_status",{"inQueue":true,"playersInQueue":1,"queue":["neil"]}]
2025-02-05 15:46:13,721 - INFO - Authentication successful for neil
2025-02-05 15:46:13,742 - INFO - qAAyqfd8YKxpmXCdAACQ: Received packet MESSAGE data 2["get-queue-status",{"username":"neil"}]
2025-02-05 15:46:13,744 - INFO - received event "get-queue-status" from sgfOrM1YWWQ0_gPKAACS [/]
2025-02-05 15:46:13,957 - INFO - b_IY9QRlNnyZcWD8AACR: Received request to upgrade to websocket
2025-02-05 15:46:13,972 - INFO - b_IY9QRlNnyZcWD8AACR: Upgrade to websocket successful
2025-02-05 15:46:14,023 - INFO - qAAyqfd8YKxpmXCdAACQ: Received request to upgrade to websocket
2025-02-05 15:46:14,033 - INFO - qAAyqfd8YKxpmXCdAACQ: Upgrade to websocket successful
2025-02-05 15:58:08,352 - INFO - Client disconnected: f6-CG2wV6_Zl5qT4AACT (Reason: transport close)
2025-02-05 15:58:08,352 - INFO - User sam disconnected
2025-02-05 15:58:08,392 - INFO - Client disconnected: sgfOrM1YWWQ0_gPKAACS (Reason: transport close)
2025-02-05 15:58:08,392 - INFO - User neil disconnected
2025-02-05 15:58:08,852 - INFO - g0BXGb08QzrzcQiAAACU: Sending packet OPEN data {'sid': 'g0BXGb08QzrzcQiAAACU', 'upgrades': ['websocket'], 'pingTimeout': 5000000, 'pingInterval': 25000000, 'maxPayload': 1000000}
2025-02-05 15:58:08,865 - INFO - g0BXGb08QzrzcQiAAACU: Received packet MESSAGE data 0
2025-02-05 15:58:08,867 - INFO - New connection attempt from SID: ETmwU3KkptX3OfnmAACV
2025-02-05 15:58:08,869 - INFO - Auth data received: {}
2025-02-05 15:58:08,869 - INFO - Awaiting authentication...
2025-02-05 15:58:08,870 - INFO - g0BXGb08QzrzcQiAAACU: Sending packet MESSAGE data 0{"sid":"ETmwU3KkptX3OfnmAACV"}
2025-02-05 15:58:08,877 - INFO - j7QGu3tjiFrWxUL5AACW: Sending packet OPEN data {'sid': 'j7QGu3tjiFrWxUL5AACW', 'upgrades': ['websocket'], 'pingTimeout': 5000000, 'pingInterval': 25000000, 'maxPayload': 1000000}
2025-02-05 15:58:08,888 - INFO - j7QGu3tjiFrWxUL5AACW: Received packet MESSAGE data 0
2025-02-05 15:58:08,889 - INFO - New connection attempt from SID: ukdR7OmoJVv0zQ8NAACX
2025-02-05 15:58:08,889 - INFO - Auth data received: {}
2025-02-05 15:58:08,889 - INFO - Awaiting authentication...
2025-02-05 15:58:08,889 - INFO - j7QGu3tjiFrWxUL5AACW: Sending packet MESSAGE data 0{"sid":"ukdR7OmoJVv0zQ8NAACX"}
2025-02-05 15:58:09,110 - INFO - g0BXGb08QzrzcQiAAACU: Received packet MESSAGE data 2["authenticate",{"username":"sam","token":"eyJhbGciOiJIUzI1NiIsInR5cCI6IkpXVCJ9.eyJmcmVzaCI6ZmFsc2UsImlhdCI6MTczODc2NzcwMCwianRpIjoiY2ZiMTIxOGUtNmU1NC00MjFjLTg4N2EtYTYyYzY0MGQzNzk1IiwidHlwZSI6ImFjY2VzcyIsInN1YiI6InNhbSIsIm5iZiI6MTczODc2NzcwMCwiY3NyZiI6ImEyZmE0NjI3LWQyNjUtNDdjYS05NjkyLTcyNmQ4YmVkOTFhYiIsImV4cCI6MTczODc2ODYwMH0.-6xnKExwjPT4jO4NbXuNa-xZOtHL7VvblnDXLVujjIg"}]
2025-02-05 15:58:09,110 - INFO - received event "authenticate" from ETmwU3KkptX3OfnmAACV [/]
2025-02-05 15:58:09,115 - INFO - Authentication attempt for sam, ETmwU3KkptX3OfnmAACV
2025-02-05 15:58:09,115 - INFO - emitting event "queue_status" to ETmwU3KkptX3OfnmAACV [/]
2025-02-05 15:58:09,115 - INFO - g0BXGb08QzrzcQiAAACU: Sending packet MESSAGE data 2["queue_status",{"inQueue":false,"playersInQueue":1,"queue":["neil"]}]
2025-02-05 15:58:09,118 - INFO - Authentication successful for sam
2025-02-05 15:58:09,120 - INFO - g0BXGb08QzrzcQiAAACU: Received packet MESSAGE data 2["get-queue-status",{"username":"sam"}]
2025-02-05 15:58:09,120 - INFO - received event "get-queue-status" from ETmwU3KkptX3OfnmAACV [/]
2025-02-05 15:58:09,134 - INFO - j7QGu3tjiFrWxUL5AACW: Received packet MESSAGE data 2["authenticate",{"username":"neil","token":"eyJhbGciOiJIUzI1NiIsInR5cCI6IkpXVCJ9.eyJmcmVzaCI6ZmFsc2UsImlhdCI6MTczODc2NzY3NiwianRpIjoiNTVlYTBhODctY2NlMi00NjRkLTg0ZmQtNjI4NjE2ZDJlZjkwIiwidHlwZSI6ImFjY2VzcyIsInN1YiI6Im5laWwiLCJuYmYiOjE3Mzg3Njc2NzYsImNzcmYiOiJkN2YwM2M3Mi00YWZhLTQ1YmUtYTVmOS0yYTkxZmJiNzBjZWMiLCJleHAiOjE3Mzg3Njg1NzZ9.arBQRbZt9DPEfMpVEOGSdgW_8hSDvLLArynbIzOODH4"}]
2025-02-05 15:58:09,136 - INFO - received event "authenticate" from ukdR7OmoJVv0zQ8NAACX [/]
2025-02-05 15:58:09,136 - INFO - Authentication attempt for neil, ukdR7OmoJVv0zQ8NAACX
2025-02-05 15:58:09,139 - INFO - emitting event "queue_status" to ukdR7OmoJVv0zQ8NAACX [/]
2025-02-05 15:58:09,139 - INFO - j7QGu3tjiFrWxUL5AACW: Sending packet MESSAGE data 2["queue_status",{"inQueue":true,"playersInQueue":1,"queue":["neil"]}]
2025-02-05 15:58:09,140 - INFO - Authentication successful for neil
2025-02-05 15:58:09,140 - INFO - j7QGu3tjiFrWxUL5AACW: Received packet MESSAGE data 2["get-queue-status",{"username":"neil"}]
2025-02-05 15:58:09,140 - INFO - received event "get-queue-status" from ukdR7OmoJVv0zQ8NAACX [/]
2025-02-05 15:58:09,175 - INFO - g0BXGb08QzrzcQiAAACU: Received request to upgrade to websocket
2025-02-05 15:58:09,180 - INFO - g0BXGb08QzrzcQiAAACU: Upgrade to websocket successful
2025-02-05 15:58:09,194 - INFO - j7QGu3tjiFrWxUL5AACW: Received request to upgrade to websocket
2025-02-05 15:58:09,204 - INFO - j7QGu3tjiFrWxUL5AACW: Upgrade to websocket successful
2025-02-05 16:03:56,096 - INFO - Starting Flask application
2025-02-05 16:03:56,096 - INFO - Configuring CORS
2025-02-05 16:03:56,096 - INFO - CORS configured
2025-02-05 16:03:56,096 - INFO - Initializing SocketIO
2025-02-05 16:03:56,124 - INFO - Server initialized for eventlet.
2025-02-05 16:03:56,124 - INFO - SocketIO initialized
2025-02-05 16:03:56,124 - INFO - Cleaning up stale state...
2025-02-05 16:03:56,124 - INFO - Cleanup complete
2025-02-05 16:03:56,124 - INFO - Starting server...
2025-02-05 16:04:10,313 - INFO - QvXiIs2u1e9YuqMZAAAA: Sending packet OPEN data {'sid': 'QvXiIs2u1e9YuqMZAAAA', 'upgrades': ['websocket'], 'pingTimeout': 5000000, 'pingInterval': 25000000, 'maxPayload': 1000000}
2025-02-05 16:04:10,325 - INFO - QvXiIs2u1e9YuqMZAAAA: Received packet MESSAGE data 0
2025-02-05 16:04:10,327 - INFO - New connection attempt from SID: pa4q7FZnVY4QgHyFAAAB
2025-02-05 16:04:10,330 - INFO - Auth data received: {}
2025-02-05 16:04:10,330 - INFO - Awaiting authentication...
2025-02-05 16:04:10,330 - INFO - QvXiIs2u1e9YuqMZAAAA: Sending packet MESSAGE data 0{"sid":"pa4q7FZnVY4QgHyFAAAB"}
2025-02-05 16:04:10,577 - INFO - QvXiIs2u1e9YuqMZAAAA: Received packet MESSAGE data 2["authenticate",{"username":"neil","token":"eyJhbGciOiJIUzI1NiIsInR5cCI6IkpXVCJ9.eyJmcmVzaCI6ZmFsc2UsImlhdCI6MTczODc2NzY3NiwianRpIjoiNTVlYTBhODctY2NlMi00NjRkLTg0ZmQtNjI4NjE2ZDJlZjkwIiwidHlwZSI6ImFjY2VzcyIsInN1YiI6Im5laWwiLCJuYmYiOjE3Mzg3Njc2NzYsImNzcmYiOiJkN2YwM2M3Mi00YWZhLTQ1YmUtYTVmOS0yYTkxZmJiNzBjZWMiLCJleHAiOjE3Mzg3Njg1NzZ9.arBQRbZt9DPEfMpVEOGSdgW_8hSDvLLArynbIzOODH4"}]
2025-02-05 16:04:10,582 - INFO - received event "authenticate" from pa4q7FZnVY4QgHyFAAAB [/]
2025-02-05 16:04:10,582 - INFO - Authentication attempt for neil, pa4q7FZnVY4QgHyFAAAB
2025-02-05 16:04:10,582 - INFO - emitting event "queue_status" to pa4q7FZnVY4QgHyFAAAB [/]
2025-02-05 16:04:10,582 - INFO - QvXiIs2u1e9YuqMZAAAA: Sending packet MESSAGE data 2["queue_status",{"inQueue":false,"playersInQueue":0,"queue":[]}]
2025-02-05 16:04:10,582 - INFO - Authentication successful for neil
2025-02-05 16:04:10,588 - INFO - QvXiIs2u1e9YuqMZAAAA: Received packet MESSAGE data 2["get-queue-status",{"username":"neil"}]
2025-02-05 16:04:10,588 - INFO - received event "get-queue-status" from pa4q7FZnVY4QgHyFAAAB [/]
2025-02-05 16:04:10,590 - INFO - emitting event "queue_status" to pa4q7FZnVY4QgHyFAAAB [/]
2025-02-05 16:04:10,592 - INFO - QvXiIs2u1e9YuqMZAAAA: Sending packet MESSAGE data 2["queue_status",{"inQueue":false,"playersInQueue":0,"queue":[]}]
2025-02-05 16:04:10,641 - INFO - QvXiIs2u1e9YuqMZAAAA: Received request to upgrade to websocket
2025-02-05 16:04:10,641 - INFO - QvXiIs2u1e9YuqMZAAAA: Upgrade to websocket successful
2025-02-05 16:04:14,529 - INFO - nHklzHVfDeYAGpfTAAAC: Sending packet OPEN data {'sid': 'nHklzHVfDeYAGpfTAAAC', 'upgrades': ['websocket'], 'pingTimeout': 5000000, 'pingInterval': 25000000, 'maxPayload': 1000000}
2025-02-05 16:04:14,541 - INFO - nHklzHVfDeYAGpfTAAAC: Received packet MESSAGE data 0
2025-02-05 16:04:14,545 - INFO - New connection attempt from SID: c027lj2BN7PyB1PdAAAD
2025-02-05 16:04:14,545 - INFO - Auth data received: {}
2025-02-05 16:04:14,545 - INFO - Awaiting authentication...
2025-02-05 16:04:14,545 - INFO - nHklzHVfDeYAGpfTAAAC: Sending packet MESSAGE data 0{"sid":"c027lj2BN7PyB1PdAAAD"}
2025-02-05 16:04:14,775 - INFO - nHklzHVfDeYAGpfTAAAC: Received packet MESSAGE data 2["authenticate",{"username":"sam","token":"eyJhbGciOiJIUzI1NiIsInR5cCI6IkpXVCJ9.eyJmcmVzaCI6ZmFsc2UsImlhdCI6MTczODc2NzcwMCwianRpIjoiY2ZiMTIxOGUtNmU1NC00MjFjLTg4N2EtYTYyYzY0MGQzNzk1IiwidHlwZSI6ImFjY2VzcyIsInN1YiI6InNhbSIsIm5iZiI6MTczODc2NzcwMCwiY3NyZiI6ImEyZmE0NjI3LWQyNjUtNDdjYS05NjkyLTcyNmQ4YmVkOTFhYiIsImV4cCI6MTczODc2ODYwMH0.-6xnKExwjPT4jO4NbXuNa-xZOtHL7VvblnDXLVujjIg"}]
2025-02-05 16:04:14,775 - INFO - received event "authenticate" from c027lj2BN7PyB1PdAAAD [/]
2025-02-05 16:04:14,777 - INFO - Authentication attempt for sam, c027lj2BN7PyB1PdAAAD
2025-02-05 16:04:14,777 - INFO - emitting event "queue_status" to c027lj2BN7PyB1PdAAAD [/]
2025-02-05 16:04:14,777 - INFO - nHklzHVfDeYAGpfTAAAC: Sending packet MESSAGE data 2["queue_status",{"inQueue":false,"playersInQueue":0,"queue":[]}]
2025-02-05 16:04:14,777 - INFO - Authentication successful for sam
2025-02-05 16:04:14,783 - INFO - nHklzHVfDeYAGpfTAAAC: Received packet MESSAGE data 2["get-queue-status",{"username":"sam"}]
2025-02-05 16:04:14,783 - INFO - received event "get-queue-status" from c027lj2BN7PyB1PdAAAD [/]
2025-02-05 16:04:14,783 - INFO - emitting event "queue_status" to c027lj2BN7PyB1PdAAAD [/]
2025-02-05 16:04:14,783 - INFO - nHklzHVfDeYAGpfTAAAC: Sending packet MESSAGE data 2["queue_status",{"inQueue":false,"playersInQueue":0,"queue":[]}]
2025-02-05 16:04:14,849 - INFO - nHklzHVfDeYAGpfTAAAC: Received request to upgrade to websocket
2025-02-05 16:04:14,855 - INFO - nHklzHVfDeYAGpfTAAAC: Upgrade to websocket successful
2025-02-05 16:07:02,636 - INFO - Client disconnected: c027lj2BN7PyB1PdAAAD (Reason: transport close)
2025-02-05 16:07:02,636 - INFO - User sam disconnected
2025-02-05 16:07:02,708 - INFO - Client disconnected: pa4q7FZnVY4QgHyFAAAB (Reason: transport close)
2025-02-05 16:07:02,708 - INFO - User neil disconnected
2025-02-05 16:07:03,140 - INFO - R85n8Sa1lQd_4WqiAAAE: Sending packet OPEN data {'sid': 'R85n8Sa1lQd_4WqiAAAE', 'upgrades': ['websocket'], 'pingTimeout': 5000000, 'pingInterval': 25000000, 'maxPayload': 1000000}
2025-02-05 16:07:03,151 - INFO - R85n8Sa1lQd_4WqiAAAE: Received packet MESSAGE data 0
2025-02-05 16:07:03,154 - INFO - New connection attempt from SID: gTjuGcBwYl3PE8_TAAAF
2025-02-05 16:07:03,154 - INFO - Auth data received: {}
2025-02-05 16:07:03,154 - INFO - Awaiting authentication...
2025-02-05 16:07:03,154 - INFO - R85n8Sa1lQd_4WqiAAAE: Sending packet MESSAGE data 0{"sid":"gTjuGcBwYl3PE8_TAAAF"}
2025-02-05 16:07:03,243 - INFO - huaZ01qvFFJ3JFiZAAAG: Sending packet OPEN data {'sid': 'huaZ01qvFFJ3JFiZAAAG', 'upgrades': ['websocket'], 'pingTimeout': 5000000, 'pingInterval': 25000000, 'maxPayload': 1000000}
2025-02-05 16:07:03,255 - INFO - huaZ01qvFFJ3JFiZAAAG: Received packet MESSAGE data 0
2025-02-05 16:07:03,261 - INFO - New connection attempt from SID: UwrJYvODBcvBFSwzAAAH
2025-02-05 16:07:03,261 - INFO - Auth data received: {}
2025-02-05 16:07:03,261 - INFO - Awaiting authentication...
2025-02-05 16:07:03,261 - INFO - huaZ01qvFFJ3JFiZAAAG: Sending packet MESSAGE data 0{"sid":"UwrJYvODBcvBFSwzAAAH"}
2025-02-05 16:07:03,409 - INFO - R85n8Sa1lQd_4WqiAAAE: Received packet MESSAGE data 2["authenticate",{"username":"sam","token":"eyJhbGciOiJIUzI1NiIsInR5cCI6IkpXVCJ9.eyJmcmVzaCI6ZmFsc2UsImlhdCI6MTczODc2NzcwMCwianRpIjoiY2ZiMTIxOGUtNmU1NC00MjFjLTg4N2EtYTYyYzY0MGQzNzk1IiwidHlwZSI6ImFjY2VzcyIsInN1YiI6InNhbSIsIm5iZiI6MTczODc2NzcwMCwiY3NyZiI6ImEyZmE0NjI3LWQyNjUtNDdjYS05NjkyLTcyNmQ4YmVkOTFhYiIsImV4cCI6MTczODc2ODYwMH0.-6xnKExwjPT4jO4NbXuNa-xZOtHL7VvblnDXLVujjIg"}]
2025-02-05 16:07:03,409 - INFO - received event "authenticate" from gTjuGcBwYl3PE8_TAAAF [/]
2025-02-05 16:07:03,412 - INFO - Authentication attempt for sam, gTjuGcBwYl3PE8_TAAAF
2025-02-05 16:07:03,412 - INFO - emitting event "queue_status" to gTjuGcBwYl3PE8_TAAAF [/]
2025-02-05 16:07:03,414 - INFO - R85n8Sa1lQd_4WqiAAAE: Sending packet MESSAGE data 2["queue_status",{"inQueue":false,"playersInQueue":0,"queue":[]}]
2025-02-05 16:07:03,414 - INFO - Authentication successful for sam
2025-02-05 16:07:03,416 - INFO - R85n8Sa1lQd_4WqiAAAE: Received packet MESSAGE data 2["get-queue-status",{"username":"sam"}]
2025-02-05 16:07:03,416 - INFO - received event "get-queue-status" from gTjuGcBwYl3PE8_TAAAF [/]
2025-02-05 16:07:03,420 - INFO - emitting event "queue_status" to gTjuGcBwYl3PE8_TAAAF [/]
2025-02-05 16:07:03,423 - INFO - R85n8Sa1lQd_4WqiAAAE: Sending packet MESSAGE data 2["queue_status",{"inQueue":false,"playersInQueue":0,"queue":[]}]
2025-02-05 16:07:03,467 - INFO - R85n8Sa1lQd_4WqiAAAE: Received request to upgrade to websocket
2025-02-05 16:07:03,474 - INFO - R85n8Sa1lQd_4WqiAAAE: Upgrade to websocket successful
2025-02-05 16:07:03,513 - INFO - huaZ01qvFFJ3JFiZAAAG: Received packet MESSAGE data 2["authenticate",{"username":"neil","token":"eyJhbGciOiJIUzI1NiIsInR5cCI6IkpXVCJ9.eyJmcmVzaCI6ZmFsc2UsImlhdCI6MTczODc2NzY3NiwianRpIjoiNTVlYTBhODctY2NlMi00NjRkLTg0ZmQtNjI4NjE2ZDJlZjkwIiwidHlwZSI6ImFjY2VzcyIsInN1YiI6Im5laWwiLCJuYmYiOjE3Mzg3Njc2NzYsImNzcmYiOiJkN2YwM2M3Mi00YWZhLTQ1YmUtYTVmOS0yYTkxZmJiNzBjZWMiLCJleHAiOjE3Mzg3Njg1NzZ9.arBQRbZt9DPEfMpVEOGSdgW_8hSDvLLArynbIzOODH4"}]
2025-02-05 16:07:03,514 - INFO - received event "authenticate" from UwrJYvODBcvBFSwzAAAH [/]
2025-02-05 16:07:03,516 - INFO - Authentication attempt for neil, UwrJYvODBcvBFSwzAAAH
2025-02-05 16:07:03,517 - INFO - emitting event "queue_status" to UwrJYvODBcvBFSwzAAAH [/]
2025-02-05 16:07:03,518 - INFO - huaZ01qvFFJ3JFiZAAAG: Sending packet MESSAGE data 2["queue_status",{"inQueue":false,"playersInQueue":0,"queue":[]}]
2025-02-05 16:07:03,518 - INFO - Authentication successful for neil
2025-02-05 16:07:03,518 - INFO - huaZ01qvFFJ3JFiZAAAG: Received packet MESSAGE data 2["get-queue-status",{"username":"neil"}]
2025-02-05 16:07:03,523 - INFO - received event "get-queue-status" from UwrJYvODBcvBFSwzAAAH [/]
2025-02-05 16:07:03,523 - INFO - emitting event "queue_status" to UwrJYvODBcvBFSwzAAAH [/]
2025-02-05 16:07:03,525 - INFO - huaZ01qvFFJ3JFiZAAAG: Sending packet MESSAGE data 2["queue_status",{"inQueue":false,"playersInQueue":0,"queue":[]}]
2025-02-05 16:07:03,574 - INFO - huaZ01qvFFJ3JFiZAAAG: Received request to upgrade to websocket
2025-02-05 16:07:03,584 - INFO - huaZ01qvFFJ3JFiZAAAG: Upgrade to websocket successful
2025-02-05 16:07:49,086 - INFO - R85n8Sa1lQd_4WqiAAAE: Received packet MESSAGE data 1
2025-02-05 16:07:49,090 - INFO - Client disconnected: gTjuGcBwYl3PE8_TAAAF (Reason: client disconnect)
2025-02-05 16:07:49,090 - INFO - User sam disconnected
2025-02-05 16:07:49,090 - INFO - huaZ01qvFFJ3JFiZAAAG: Received packet MESSAGE data 1
2025-02-05 16:07:49,090 - INFO - Client disconnected: UwrJYvODBcvBFSwzAAAH (Reason: client disconnect)
2025-02-05 16:07:49,090 - INFO - User neil disconnected
2025-02-05 16:07:49,096 - INFO - MyaeqGu1Fr6sGb9KAAAI: Sending packet OPEN data {'sid': 'MyaeqGu1Fr6sGb9KAAAI', 'upgrades': ['websocket'], 'pingTimeout': 5000000, 'pingInterval': 25000000, 'maxPayload': 1000000}
2025-02-05 16:07:49,097 - INFO - QNpPFxgGmU5W3rZrAAAJ: Sending packet OPEN data {'sid': 'QNpPFxgGmU5W3rZrAAAJ', 'upgrades': ['websocket'], 'pingTimeout': 5000000, 'pingInterval': 25000000, 'maxPayload': 1000000}
2025-02-05 16:07:49,105 - INFO - MyaeqGu1Fr6sGb9KAAAI: Received packet MESSAGE data 0
2025-02-05 16:07:49,106 - INFO - New connection attempt from SID: sDvCe9YHLnYMXjnZAAAK
2025-02-05 16:07:49,106 - INFO - Auth data received: {}
2025-02-05 16:07:49,106 - INFO - Awaiting authentication...
2025-02-05 16:07:49,108 - INFO - MyaeqGu1Fr6sGb9KAAAI: Sending packet MESSAGE data 0{"sid":"sDvCe9YHLnYMXjnZAAAK"}
2025-02-05 16:07:49,111 - INFO - QNpPFxgGmU5W3rZrAAAJ: Received packet MESSAGE data 0
2025-02-05 16:07:49,113 - INFO - New connection attempt from SID: afluJIwE9urRcxZ3AAAL
2025-02-05 16:07:49,113 - INFO - Auth data received: {}
2025-02-05 16:07:49,113 - INFO - Awaiting authentication...
2025-02-05 16:07:49,113 - INFO - QNpPFxgGmU5W3rZrAAAJ: Sending packet MESSAGE data 0{"sid":"afluJIwE9urRcxZ3AAAL"}
2025-02-05 16:07:49,116 - INFO - MyaeqGu1Fr6sGb9KAAAI: Received packet MESSAGE data 2["authenticate",{"username":"sam","token":"eyJhbGciOiJIUzI1NiIsInR5cCI6IkpXVCJ9.eyJmcmVzaCI6ZmFsc2UsImlhdCI6MTczODc2NzcwMCwianRpIjoiY2ZiMTIxOGUtNmU1NC00MjFjLTg4N2EtYTYyYzY0MGQzNzk1IiwidHlwZSI6ImFjY2VzcyIsInN1YiI6InNhbSIsIm5iZiI6MTczODc2NzcwMCwiY3NyZiI6ImEyZmE0NjI3LWQyNjUtNDdjYS05NjkyLTcyNmQ4YmVkOTFhYiIsImV4cCI6MTczODc2ODYwMH0.-6xnKExwjPT4jO4NbXuNa-xZOtHL7VvblnDXLVujjIg"}]
2025-02-05 16:07:49,116 - INFO - received event "authenticate" from sDvCe9YHLnYMXjnZAAAK [/]
2025-02-05 16:07:49,122 - INFO - Authentication attempt for sam, sDvCe9YHLnYMXjnZAAAK
2025-02-05 16:07:49,122 - INFO - emitting event "queue_status" to sDvCe9YHLnYMXjnZAAAK [/]
2025-02-05 16:07:49,124 - INFO - MyaeqGu1Fr6sGb9KAAAI: Sending packet MESSAGE data 2["queue_status",{"inQueue":false,"playersInQueue":0,"queue":[]}]
2025-02-05 16:07:49,124 - INFO - Authentication successful for sam
2025-02-05 16:07:49,124 - INFO - QNpPFxgGmU5W3rZrAAAJ: Received packet MESSAGE data 2["authenticate",{"username":"neil","token":"eyJhbGciOiJIUzI1NiIsInR5cCI6IkpXVCJ9.eyJmcmVzaCI6ZmFsc2UsImlhdCI6MTczODc2NzY3NiwianRpIjoiNTVlYTBhODctY2NlMi00NjRkLTg0ZmQtNjI4NjE2ZDJlZjkwIiwidHlwZSI6ImFjY2VzcyIsInN1YiI6Im5laWwiLCJuYmYiOjE3Mzg3Njc2NzYsImNzcmYiOiJkN2YwM2M3Mi00YWZhLTQ1YmUtYTVmOS0yYTkxZmJiNzBjZWMiLCJleHAiOjE3Mzg3Njg1NzZ9.arBQRbZt9DPEfMpVEOGSdgW_8hSDvLLArynbIzOODH4"}]
2025-02-05 16:07:49,124 - INFO - received event "authenticate" from afluJIwE9urRcxZ3AAAL [/]
2025-02-05 16:07:49,130 - INFO - MyaeqGu1Fr6sGb9KAAAI: Received packet MESSAGE data 2["get-queue-status",{"username":"sam"}]
2025-02-05 16:07:49,131 - INFO - received event "get-queue-status" from sDvCe9YHLnYMXjnZAAAK [/]
2025-02-05 16:07:49,134 - INFO - Authentication attempt for neil, afluJIwE9urRcxZ3AAAL
2025-02-05 16:07:49,134 - INFO - emitting event "queue_status" to afluJIwE9urRcxZ3AAAL [/]
2025-02-05 16:07:49,135 - INFO - QNpPFxgGmU5W3rZrAAAJ: Sending packet MESSAGE data 2["queue_status",{"inQueue":false,"playersInQueue":0,"queue":[]}]
2025-02-05 16:07:49,136 - INFO - Authentication successful for neil
2025-02-05 16:07:49,137 - INFO - emitting event "queue_status" to sDvCe9YHLnYMXjnZAAAK [/]
2025-02-05 16:07:49,138 - INFO - MyaeqGu1Fr6sGb9KAAAI: Sending packet MESSAGE data 2["queue_status",{"inQueue":false,"playersInQueue":0,"queue":[]}]
2025-02-05 16:07:49,141 - INFO - QNpPFxgGmU5W3rZrAAAJ: Received packet MESSAGE data 2["get-queue-status",{"username":"neil"}]
2025-02-05 16:07:49,141 - INFO - received event "get-queue-status" from afluJIwE9urRcxZ3AAAL [/]
2025-02-05 16:07:49,143 - INFO - emitting event "queue_status" to afluJIwE9urRcxZ3AAAL [/]
2025-02-05 16:07:49,145 - INFO - QNpPFxgGmU5W3rZrAAAJ: Sending packet MESSAGE data 2["queue_status",{"inQueue":false,"playersInQueue":0,"queue":[]}]
2025-02-05 16:07:49,413 - INFO - MyaeqGu1Fr6sGb9KAAAI: Received request to upgrade to websocket
2025-02-05 16:07:49,416 - INFO - QNpPFxgGmU5W3rZrAAAJ: Received request to upgrade to websocket
2025-02-05 16:07:49,420 - INFO - MyaeqGu1Fr6sGb9KAAAI: Upgrade to websocket successful
2025-02-05 16:07:49,420 - INFO - QNpPFxgGmU5W3rZrAAAJ: Upgrade to websocket successful
2025-02-05 16:08:08,086 - INFO - QNpPFxgGmU5W3rZrAAAJ: Received packet MESSAGE data 1
2025-02-05 16:08:08,089 - INFO - Client disconnected: afluJIwE9urRcxZ3AAAL (Reason: client disconnect)
2025-02-05 16:08:08,089 - INFO - User neil disconnected
2025-02-05 16:08:08,097 - INFO - bNjUwHMU154gduDGAAAM: Sending packet OPEN data {'sid': 'bNjUwHMU154gduDGAAAM', 'upgrades': ['websocket'], 'pingTimeout': 5000000, 'pingInterval': 25000000, 'maxPayload': 1000000}
2025-02-05 16:08:08,100 - INFO - MyaeqGu1Fr6sGb9KAAAI: Received packet MESSAGE data 1
2025-02-05 16:08:08,102 - INFO - Client disconnected: sDvCe9YHLnYMXjnZAAAK (Reason: client disconnect)
2025-02-05 16:08:08,102 - INFO - User sam disconnected
2025-02-05 16:08:08,107 - INFO - N1tLFXDSL2FuxV41AAAN: Sending packet OPEN data {'sid': 'N1tLFXDSL2FuxV41AAAN', 'upgrades': ['websocket'], 'pingTimeout': 5000000, 'pingInterval': 25000000, 'maxPayload': 1000000}
2025-02-05 16:08:08,113 - INFO - bNjUwHMU154gduDGAAAM: Received packet MESSAGE data 0
2025-02-05 16:08:08,114 - INFO - New connection attempt from SID: jxktkXQ0TWOjipPHAAAO
2025-02-05 16:08:08,116 - INFO - Auth data received: {}
2025-02-05 16:08:08,116 - INFO - Awaiting authentication...
2025-02-05 16:08:08,116 - INFO - bNjUwHMU154gduDGAAAM: Sending packet MESSAGE data 0{"sid":"jxktkXQ0TWOjipPHAAAO"}
2025-02-05 16:08:08,123 - INFO - N1tLFXDSL2FuxV41AAAN: Received packet MESSAGE data 0
2025-02-05 16:08:08,125 - INFO - New connection attempt from SID: vC15svLnRS9S6jw6AAAP
2025-02-05 16:08:08,125 - INFO - Auth data received: {}
2025-02-05 16:08:08,126 - INFO - Awaiting authentication...
2025-02-05 16:08:08,126 - INFO - N1tLFXDSL2FuxV41AAAN: Sending packet MESSAGE data 0{"sid":"vC15svLnRS9S6jw6AAAP"}
2025-02-05 16:08:08,137 - INFO - bNjUwHMU154gduDGAAAM: Received packet MESSAGE data 2["authenticate",{"username":"neil","token":"eyJhbGciOiJIUzI1NiIsInR5cCI6IkpXVCJ9.eyJmcmVzaCI6ZmFsc2UsImlhdCI6MTczODc2NzY3NiwianRpIjoiNTVlYTBhODctY2NlMi00NjRkLTg0ZmQtNjI4NjE2ZDJlZjkwIiwidHlwZSI6ImFjY2VzcyIsInN1YiI6Im5laWwiLCJuYmYiOjE3Mzg3Njc2NzYsImNzcmYiOiJkN2YwM2M3Mi00YWZhLTQ1YmUtYTVmOS0yYTkxZmJiNzBjZWMiLCJleHAiOjE3Mzg3Njg1NzZ9.arBQRbZt9DPEfMpVEOGSdgW_8hSDvLLArynbIzOODH4"}]
2025-02-05 16:08:08,137 - INFO - received event "authenticate" from jxktkXQ0TWOjipPHAAAO [/]
2025-02-05 16:08:08,141 - INFO - Authentication attempt for neil, jxktkXQ0TWOjipPHAAAO
2025-02-05 16:08:08,142 - INFO - emitting event "queue_status" to jxktkXQ0TWOjipPHAAAO [/]
2025-02-05 16:08:08,143 - INFO - bNjUwHMU154gduDGAAAM: Sending packet MESSAGE data 2["queue_status",{"inQueue":false,"playersInQueue":0,"queue":[]}]
2025-02-05 16:08:08,143 - INFO - Authentication successful for neil
2025-02-05 16:08:08,145 - INFO - N1tLFXDSL2FuxV41AAAN: Received packet MESSAGE data 2["authenticate",{"username":"sam","token":"eyJhbGciOiJIUzI1NiIsInR5cCI6IkpXVCJ9.eyJmcmVzaCI6ZmFsc2UsImlhdCI6MTczODc2NzcwMCwianRpIjoiY2ZiMTIxOGUtNmU1NC00MjFjLTg4N2EtYTYyYzY0MGQzNzk1IiwidHlwZSI6ImFjY2VzcyIsInN1YiI6InNhbSIsIm5iZiI6MTczODc2NzcwMCwiY3NyZiI6ImEyZmE0NjI3LWQyNjUtNDdjYS05NjkyLTcyNmQ4YmVkOTFhYiIsImV4cCI6MTczODc2ODYwMH0.-6xnKExwjPT4jO4NbXuNa-xZOtHL7VvblnDXLVujjIg"}]
2025-02-05 16:08:08,146 - INFO - received event "authenticate" from vC15svLnRS9S6jw6AAAP [/]
2025-02-05 16:08:08,150 - INFO - Authentication attempt for sam, vC15svLnRS9S6jw6AAAP
2025-02-05 16:08:08,152 - INFO - emitting event "queue_status" to vC15svLnRS9S6jw6AAAP [/]
2025-02-05 16:08:08,153 - INFO - N1tLFXDSL2FuxV41AAAN: Sending packet MESSAGE data 2["queue_status",{"inQueue":false,"playersInQueue":0,"queue":[]}]
2025-02-05 16:08:08,153 - INFO - Authentication successful for sam
2025-02-05 16:08:08,153 - INFO - bNjUwHMU154gduDGAAAM: Received packet MESSAGE data 2["get-queue-status",{"username":"neil"}]
2025-02-05 16:08:08,153 - INFO - received event "get-queue-status" from jxktkXQ0TWOjipPHAAAO [/]
2025-02-05 16:08:08,159 - INFO - emitting event "queue_status" to jxktkXQ0TWOjipPHAAAO [/]
2025-02-05 16:08:08,159 - INFO - bNjUwHMU154gduDGAAAM: Sending packet MESSAGE data 2["queue_status",{"inQueue":false,"playersInQueue":0,"queue":[]}]
2025-02-05 16:08:08,162 - INFO - N1tLFXDSL2FuxV41AAAN: Received packet MESSAGE data 2["get-queue-status",{"username":"sam"}]
2025-02-05 16:08:08,162 - INFO - received event "get-queue-status" from vC15svLnRS9S6jw6AAAP [/]
2025-02-05 16:08:08,164 - INFO - emitting event "queue_status" to vC15svLnRS9S6jw6AAAP [/]
2025-02-05 16:08:08,168 - INFO - N1tLFXDSL2FuxV41AAAN: Sending packet MESSAGE data 2["queue_status",{"inQueue":false,"playersInQueue":0,"queue":[]}]
2025-02-05 16:08:08,424 - INFO - bNjUwHMU154gduDGAAAM: Received request to upgrade to websocket
2025-02-05 16:08:08,424 - INFO - N1tLFXDSL2FuxV41AAAN: Received request to upgrade to websocket
2025-02-05 16:08:08,424 - INFO - bNjUwHMU154gduDGAAAM: Upgrade to websocket successful
2025-02-05 16:08:08,437 - INFO - N1tLFXDSL2FuxV41AAAN: Upgrade to websocket successful
2025-02-05 16:10:33,234 - INFO - N1tLFXDSL2FuxV41AAAN: Received packet MESSAGE data 1
2025-02-05 16:10:33,234 - INFO - Client disconnected: vC15svLnRS9S6jw6AAAP (Reason: client disconnect)
2025-02-05 16:10:33,234 - INFO - User sam disconnected
2025-02-05 16:10:33,234 - INFO - bNjUwHMU154gduDGAAAM: Received packet MESSAGE data 1
2025-02-05 16:10:33,238 - INFO - Client disconnected: jxktkXQ0TWOjipPHAAAO (Reason: client disconnect)
2025-02-05 16:10:33,238 - INFO - User neil disconnected
2025-02-05 16:10:33,551 - INFO - iayHOcdfXC5p-QKlAAAQ: Sending packet OPEN data {'sid': 'iayHOcdfXC5p-QKlAAAQ', 'upgrades': ['websocket'], 'pingTimeout': 5000000, 'pingInterval': 25000000, 'maxPayload': 1000000}
2025-02-05 16:10:33,555 - INFO - ZPI88YOYlNe1xWidAAAR: Sending packet OPEN data {'sid': 'ZPI88YOYlNe1xWidAAAR', 'upgrades': ['websocket'], 'pingTimeout': 5000000, 'pingInterval': 25000000, 'maxPayload': 1000000}
2025-02-05 16:10:33,559 - INFO - iayHOcdfXC5p-QKlAAAQ: Received packet MESSAGE data 0
2025-02-05 16:10:33,562 - INFO - New connection attempt from SID: J3rQwv-0uCxBykrdAAAS
2025-02-05 16:10:33,564 - INFO - Auth data received: {}
2025-02-05 16:10:33,564 - INFO - Awaiting authentication...
2025-02-05 16:10:33,564 - INFO - iayHOcdfXC5p-QKlAAAQ: Sending packet MESSAGE data 0{"sid":"J3rQwv-0uCxBykrdAAAS"}
2025-02-05 16:10:33,566 - INFO - ZPI88YOYlNe1xWidAAAR: Received packet MESSAGE data 0
2025-02-05 16:10:33,566 - INFO - New connection attempt from SID: kVN50sa_2f5tn8hgAAAT
2025-02-05 16:10:33,569 - INFO - Auth data received: {}
2025-02-05 16:10:33,569 - INFO - Awaiting authentication...
2025-02-05 16:10:33,570 - INFO - ZPI88YOYlNe1xWidAAAR: Sending packet MESSAGE data 0{"sid":"kVN50sa_2f5tn8hgAAAT"}
2025-02-05 16:10:33,807 - INFO - iayHOcdfXC5p-QKlAAAQ: Received packet MESSAGE data 2["authenticate",{"username":"sam","token":"eyJhbGciOiJIUzI1NiIsInR5cCI6IkpXVCJ9.eyJmcmVzaCI6ZmFsc2UsImlhdCI6MTczODc2NzcwMCwianRpIjoiY2ZiMTIxOGUtNmU1NC00MjFjLTg4N2EtYTYyYzY0MGQzNzk1IiwidHlwZSI6ImFjY2VzcyIsInN1YiI6InNhbSIsIm5iZiI6MTczODc2NzcwMCwiY3NyZiI6ImEyZmE0NjI3LWQyNjUtNDdjYS05NjkyLTcyNmQ4YmVkOTFhYiIsImV4cCI6MTczODc2ODYwMH0.-6xnKExwjPT4jO4NbXuNa-xZOtHL7VvblnDXLVujjIg"}]
2025-02-05 16:10:33,811 - INFO - received event "authenticate" from J3rQwv-0uCxBykrdAAAS [/]
2025-02-05 16:10:33,812 - INFO - ZPI88YOYlNe1xWidAAAR: Received packet MESSAGE data 2["authenticate",{"username":"neil","token":"eyJhbGciOiJIUzI1NiIsInR5cCI6IkpXVCJ9.eyJmcmVzaCI6ZmFsc2UsImlhdCI6MTczODc2NzY3NiwianRpIjoiNTVlYTBhODctY2NlMi00NjRkLTg0ZmQtNjI4NjE2ZDJlZjkwIiwidHlwZSI6ImFjY2VzcyIsInN1YiI6Im5laWwiLCJuYmYiOjE3Mzg3Njc2NzYsImNzcmYiOiJkN2YwM2M3Mi00YWZhLTQ1YmUtYTVmOS0yYTkxZmJiNzBjZWMiLCJleHAiOjE3Mzg3Njg1NzZ9.arBQRbZt9DPEfMpVEOGSdgW_8hSDvLLArynbIzOODH4"}]
2025-02-05 16:10:33,813 - INFO - received event "authenticate" from kVN50sa_2f5tn8hgAAAT [/]
2025-02-05 16:10:33,814 - INFO - Authentication attempt for sam, J3rQwv-0uCxBykrdAAAS
2025-02-05 16:10:33,814 - INFO - emitting event "queue_status" to J3rQwv-0uCxBykrdAAAS [/]
2025-02-05 16:10:33,814 - INFO - iayHOcdfXC5p-QKlAAAQ: Sending packet MESSAGE data 2["queue_status",{"inQueue":false,"playersInQueue":0,"queue":[]}]
2025-02-05 16:10:33,818 - INFO - Authentication successful for sam
2025-02-05 16:10:33,819 - INFO - Authentication attempt for neil, kVN50sa_2f5tn8hgAAAT
2025-02-05 16:10:33,819 - INFO - emitting event "queue_status" to kVN50sa_2f5tn8hgAAAT [/]
2025-02-05 16:10:33,819 - INFO - ZPI88YOYlNe1xWidAAAR: Sending packet MESSAGE data 2["queue_status",{"inQueue":false,"playersInQueue":0,"queue":[]}]
2025-02-05 16:10:33,819 - INFO - Authentication successful for neil
2025-02-05 16:10:33,823 - INFO - iayHOcdfXC5p-QKlAAAQ: Received packet MESSAGE data 2["get-queue-status",{"username":"sam"}]
2025-02-05 16:10:33,823 - INFO - received event "get-queue-status" from J3rQwv-0uCxBykrdAAAS [/]
2025-02-05 16:10:33,823 - INFO - ZPI88YOYlNe1xWidAAAR: Received packet MESSAGE data 2["get-queue-status",{"username":"neil"}]
2025-02-05 16:10:33,823 - INFO - received event "get-queue-status" from kVN50sa_2f5tn8hgAAAT [/]
2025-02-05 16:10:33,830 - INFO - emitting event "queue_status" to J3rQwv-0uCxBykrdAAAS [/]
2025-02-05 16:10:33,832 - INFO - iayHOcdfXC5p-QKlAAAQ: Sending packet MESSAGE data 2["queue_status",{"inQueue":false,"playersInQueue":0,"queue":[]}]
2025-02-05 16:10:33,833 - INFO - emitting event "queue_status" to kVN50sa_2f5tn8hgAAAT [/]
2025-02-05 16:10:33,835 - INFO - ZPI88YOYlNe1xWidAAAR: Sending packet MESSAGE data 2["queue_status",{"inQueue":false,"playersInQueue":0,"queue":[]}]
2025-02-05 16:10:33,874 - INFO - iayHOcdfXC5p-QKlAAAQ: Received request to upgrade to websocket
2025-02-05 16:10:33,875 - INFO - ZPI88YOYlNe1xWidAAAR: Received request to upgrade to websocket
2025-02-05 16:10:33,882 - INFO - iayHOcdfXC5p-QKlAAAQ: Upgrade to websocket successful
2025-02-05 16:10:33,882 - INFO - ZPI88YOYlNe1xWidAAAR: Upgrade to websocket successful
2025-02-05 16:11:24,044 - INFO - iayHOcdfXC5p-QKlAAAQ: Received packet MESSAGE data 1
2025-02-05 16:11:24,045 - INFO - Client disconnected: J3rQwv-0uCxBykrdAAAS (Reason: client disconnect)
2025-02-05 16:11:24,045 - INFO - User sam disconnected
2025-02-05 16:11:24,048 - INFO - ZPI88YOYlNe1xWidAAAR: Received packet MESSAGE data 1
2025-02-05 16:11:24,048 - INFO - Client disconnected: kVN50sa_2f5tn8hgAAAT (Reason: client disconnect)
2025-02-05 16:11:24,050 - INFO - User neil disconnected
2025-02-05 16:11:24,050 - INFO - 930uSmrPh8HQqTlfAAAU: Sending packet OPEN data {'sid': '930uSmrPh8HQqTlfAAAU', 'upgrades': ['websocket'], 'pingTimeout': 5000000, 'pingInterval': 25000000, 'maxPayload': 1000000}
2025-02-05 16:11:24,053 - INFO - rjPOnjpBZ6l1488EAAAV: Sending packet OPEN data {'sid': 'rjPOnjpBZ6l1488EAAAV', 'upgrades': ['websocket'], 'pingTimeout': 5000000, 'pingInterval': 25000000, 'maxPayload': 1000000}
2025-02-05 16:11:24,060 - INFO - 930uSmrPh8HQqTlfAAAU: Received packet MESSAGE data 0
2025-02-05 16:11:24,061 - INFO - New connection attempt from SID: zTzE_V8qOqtGf7ltAAAW
2025-02-05 16:11:24,061 - INFO - Auth data received: {}
2025-02-05 16:11:24,061 - INFO - Awaiting authentication...
2025-02-05 16:11:24,063 - INFO - 930uSmrPh8HQqTlfAAAU: Sending packet MESSAGE data 0{"sid":"zTzE_V8qOqtGf7ltAAAW"}
2025-02-05 16:11:24,068 - INFO - rjPOnjpBZ6l1488EAAAV: Received packet MESSAGE data 0
2025-02-05 16:11:24,070 - INFO - New connection attempt from SID: K-uWjrV5RdoIBwXKAAAX
2025-02-05 16:11:24,070 - INFO - Auth data received: {}
2025-02-05 16:11:24,070 - INFO - Awaiting authentication...
2025-02-05 16:11:24,070 - INFO - rjPOnjpBZ6l1488EAAAV: Sending packet MESSAGE data 0{"sid":"K-uWjrV5RdoIBwXKAAAX"}
2025-02-05 16:11:24,076 - INFO - 930uSmrPh8HQqTlfAAAU: Received packet MESSAGE data 2["authenticate",{"username":"sam","token":"eyJhbGciOiJIUzI1NiIsInR5cCI6IkpXVCJ9.eyJmcmVzaCI6ZmFsc2UsImlhdCI6MTczODc2NzcwMCwianRpIjoiY2ZiMTIxOGUtNmU1NC00MjFjLTg4N2EtYTYyYzY0MGQzNzk1IiwidHlwZSI6ImFjY2VzcyIsInN1YiI6InNhbSIsIm5iZiI6MTczODc2NzcwMCwiY3NyZiI6ImEyZmE0NjI3LWQyNjUtNDdjYS05NjkyLTcyNmQ4YmVkOTFhYiIsImV4cCI6MTczODc2ODYwMH0.-6xnKExwjPT4jO4NbXuNa-xZOtHL7VvblnDXLVujjIg"}]
2025-02-05 16:11:24,076 - INFO - received event "authenticate" from zTzE_V8qOqtGf7ltAAAW [/]
2025-02-05 16:11:24,080 - INFO - Authentication attempt for sam, zTzE_V8qOqtGf7ltAAAW
2025-02-05 16:11:24,080 - INFO - emitting event "queue_status" to zTzE_V8qOqtGf7ltAAAW [/]
2025-02-05 16:11:24,080 - INFO - 930uSmrPh8HQqTlfAAAU: Sending packet MESSAGE data 2["queue_status",{"inQueue":false,"playersInQueue":0,"queue":[]}]
2025-02-05 16:11:24,083 - INFO - Authentication successful for sam
2025-02-05 16:11:24,083 - INFO - rjPOnjpBZ6l1488EAAAV: Received packet MESSAGE data 2["authenticate",{"username":"neil","token":"eyJhbGciOiJIUzI1NiIsInR5cCI6IkpXVCJ9.eyJmcmVzaCI6ZmFsc2UsImlhdCI6MTczODc2NzY3NiwianRpIjoiNTVlYTBhODctY2NlMi00NjRkLTg0ZmQtNjI4NjE2ZDJlZjkwIiwidHlwZSI6ImFjY2VzcyIsInN1YiI6Im5laWwiLCJuYmYiOjE3Mzg3Njc2NzYsImNzcmYiOiJkN2YwM2M3Mi00YWZhLTQ1YmUtYTVmOS0yYTkxZmJiNzBjZWMiLCJleHAiOjE3Mzg3Njg1NzZ9.arBQRbZt9DPEfMpVEOGSdgW_8hSDvLLArynbIzOODH4"}]
2025-02-05 16:11:24,083 - INFO - received event "authenticate" from K-uWjrV5RdoIBwXKAAAX [/]
2025-02-05 16:11:24,087 - INFO - Authentication attempt for neil, K-uWjrV5RdoIBwXKAAAX
2025-02-05 16:11:24,087 - INFO - emitting event "queue_status" to K-uWjrV5RdoIBwXKAAAX [/]
2025-02-05 16:11:24,087 - INFO - rjPOnjpBZ6l1488EAAAV: Sending packet MESSAGE data 2["queue_status",{"inQueue":false,"playersInQueue":0,"queue":[]}]
2025-02-05 16:11:24,087 - INFO - Authentication successful for neil
2025-02-05 16:11:24,087 - INFO - 930uSmrPh8HQqTlfAAAU: Received packet MESSAGE data 2["get-queue-status",{"username":"sam"}]
2025-02-05 16:11:24,087 - INFO - received event "get-queue-status" from zTzE_V8qOqtGf7ltAAAW [/]
2025-02-05 16:11:24,092 - INFO - emitting event "queue_status" to zTzE_V8qOqtGf7ltAAAW [/]
2025-02-05 16:11:24,092 - INFO - 930uSmrPh8HQqTlfAAAU: Sending packet MESSAGE data 2["queue_status",{"inQueue":false,"playersInQueue":0,"queue":[]}]
2025-02-05 16:11:24,092 - INFO - rjPOnjpBZ6l1488EAAAV: Received packet MESSAGE data 2["get-queue-status",{"username":"neil"}]
2025-02-05 16:11:24,097 - INFO - received event "get-queue-status" from K-uWjrV5RdoIBwXKAAAX [/]
2025-02-05 16:11:24,100 - INFO - emitting event "queue_status" to K-uWjrV5RdoIBwXKAAAX [/]
2025-02-05 16:11:24,100 - INFO - rjPOnjpBZ6l1488EAAAV: Sending packet MESSAGE data 2["queue_status",{"inQueue":false,"playersInQueue":0,"queue":[]}]
2025-02-05 16:11:24,364 - INFO - 930uSmrPh8HQqTlfAAAU: Received request to upgrade to websocket
2025-02-05 16:11:24,373 - INFO - 930uSmrPh8HQqTlfAAAU: Upgrade to websocket successful
2025-02-05 16:11:24,374 - INFO - rjPOnjpBZ6l1488EAAAV: Received request to upgrade to websocket
2025-02-05 16:11:24,383 - INFO - rjPOnjpBZ6l1488EAAAV: Upgrade to websocket successful
2025-02-05 16:13:04,525 - INFO - Starting Flask application
2025-02-05 16:13:04,525 - INFO - Configuring CORS
2025-02-05 16:13:04,525 - INFO - CORS configured
2025-02-05 16:13:04,527 - INFO - Initializing SocketIO
2025-02-05 16:13:04,543 - INFO - Server initialized for eventlet.
2025-02-05 16:13:04,543 - INFO - SocketIO initialized
2025-02-05 16:13:04,549 - INFO - Cleaning up stale state...
2025-02-05 16:13:04,549 - INFO - Cleanup complete
2025-02-05 16:13:04,549 - INFO - Starting server...
2025-02-05 16:13:04,601 - INFO - Nq5WpNpviiH9mPsnAAAA: Sending packet OPEN data {'sid': 'Nq5WpNpviiH9mPsnAAAA', 'upgrades': ['websocket'], 'pingTimeout': 5000000, 'pingInterval': 25000000, 'maxPayload': 1000000}
2025-02-05 16:13:04,611 - INFO - Nq5WpNpviiH9mPsnAAAA: Received packet MESSAGE data 0
2025-02-05 16:13:04,611 - INFO - New connection attempt from SID: gZ3Itr1_RV-SWZ_UAAAB
2025-02-05 16:13:04,611 - INFO - Auth data received: {}
2025-02-05 16:13:04,611 - INFO - Awaiting authentication...
2025-02-05 16:13:04,611 - INFO - Nq5WpNpviiH9mPsnAAAA: Sending packet MESSAGE data 0{"sid":"gZ3Itr1_RV-SWZ_UAAAB"}
2025-02-05 16:13:04,858 - INFO - Nq5WpNpviiH9mPsnAAAA: Received packet MESSAGE data 2["authenticate",{"username":"sam","token":"eyJhbGciOiJIUzI1NiIsInR5cCI6IkpXVCJ9.eyJmcmVzaCI6ZmFsc2UsImlhdCI6MTczODc2NzcwMCwianRpIjoiY2ZiMTIxOGUtNmU1NC00MjFjLTg4N2EtYTYyYzY0MGQzNzk1IiwidHlwZSI6ImFjY2VzcyIsInN1YiI6InNhbSIsIm5iZiI6MTczODc2NzcwMCwiY3NyZiI6ImEyZmE0NjI3LWQyNjUtNDdjYS05NjkyLTcyNmQ4YmVkOTFhYiIsImV4cCI6MTczODc2ODYwMH0.-6xnKExwjPT4jO4NbXuNa-xZOtHL7VvblnDXLVujjIg"}]
2025-02-05 16:13:04,860 - INFO - received event "authenticate" from gZ3Itr1_RV-SWZ_UAAAB [/]
2025-02-05 16:13:04,862 - INFO - Authentication attempt for sam, gZ3Itr1_RV-SWZ_UAAAB
2025-02-05 16:13:04,862 - INFO - emitting event "queue_status" to gZ3Itr1_RV-SWZ_UAAAB [/]
2025-02-05 16:13:04,862 - INFO - Nq5WpNpviiH9mPsnAAAA: Sending packet MESSAGE data 2["queue_status",{"inQueue":false,"playersInQueue":0,"queue":[]}]
2025-02-05 16:13:04,864 - INFO - Authentication successful for sam
2025-02-05 16:13:04,869 - INFO - Nq5WpNpviiH9mPsnAAAA: Received packet MESSAGE data 2["get-queue-status",{"username":"sam"}]
2025-02-05 16:13:04,869 - INFO - received event "get-queue-status" from gZ3Itr1_RV-SWZ_UAAAB [/]
2025-02-05 16:13:04,872 - INFO - emitting event "queue_status" to gZ3Itr1_RV-SWZ_UAAAB [/]
2025-02-05 16:13:04,872 - INFO - Nq5WpNpviiH9mPsnAAAA: Sending packet MESSAGE data 2["queue_status",{"inQueue":false,"playersInQueue":0,"queue":[]}]
2025-02-05 16:13:04,919 - INFO - Nq5WpNpviiH9mPsnAAAA: Received request to upgrade to websocket
2025-02-05 16:13:04,925 - INFO - Nq5WpNpviiH9mPsnAAAA: Upgrade to websocket successful
2025-02-05 16:13:06,593 - INFO - BxB4Xs5yl5v_dWXhAAAC: Sending packet OPEN data {'sid': 'BxB4Xs5yl5v_dWXhAAAC', 'upgrades': ['websocket'], 'pingTimeout': 5000000, 'pingInterval': 25000000, 'maxPayload': 1000000}
2025-02-05 16:13:06,593 - INFO - BxB4Xs5yl5v_dWXhAAAC: Received packet MESSAGE data 0
2025-02-05 16:13:06,600 - INFO - New connection attempt from SID: KjsA3rTghP_E8FSFAAAD
2025-02-05 16:13:06,600 - INFO - Auth data received: {}
2025-02-05 16:13:06,600 - INFO - Awaiting authentication...
2025-02-05 16:13:06,600 - INFO - BxB4Xs5yl5v_dWXhAAAC: Sending packet MESSAGE data 0{"sid":"KjsA3rTghP_E8FSFAAAD"}
2025-02-05 16:13:06,847 - INFO - BxB4Xs5yl5v_dWXhAAAC: Received packet MESSAGE data 2["authenticate",{"username":"neil","token":"eyJhbGciOiJIUzI1NiIsInR5cCI6IkpXVCJ9.eyJmcmVzaCI6ZmFsc2UsImlhdCI6MTczODc2NzY3NiwianRpIjoiNTVlYTBhODctY2NlMi00NjRkLTg0ZmQtNjI4NjE2ZDJlZjkwIiwidHlwZSI6ImFjY2VzcyIsInN1YiI6Im5laWwiLCJuYmYiOjE3Mzg3Njc2NzYsImNzcmYiOiJkN2YwM2M3Mi00YWZhLTQ1YmUtYTVmOS0yYTkxZmJiNzBjZWMiLCJleHAiOjE3Mzg3Njg1NzZ9.arBQRbZt9DPEfMpVEOGSdgW_8hSDvLLArynbIzOODH4"}]
2025-02-05 16:13:06,847 - INFO - received event "authenticate" from KjsA3rTghP_E8FSFAAAD [/]
2025-02-05 16:13:06,847 - INFO - Authentication attempt for neil, KjsA3rTghP_E8FSFAAAD
2025-02-05 16:13:06,847 - INFO - emitting event "queue_status" to KjsA3rTghP_E8FSFAAAD [/]
2025-02-05 16:13:06,847 - INFO - BxB4Xs5yl5v_dWXhAAAC: Sending packet MESSAGE data 2["queue_status",{"inQueue":false,"playersInQueue":0,"queue":[]}]
2025-02-05 16:13:06,847 - INFO - Authentication successful for neil
2025-02-05 16:13:06,857 - INFO - BxB4Xs5yl5v_dWXhAAAC: Received packet MESSAGE data 2["get-queue-status",{"username":"neil"}]
2025-02-05 16:13:06,857 - INFO - received event "get-queue-status" from KjsA3rTghP_E8FSFAAAD [/]
2025-02-05 16:13:06,857 - INFO - emitting event "queue_status" to KjsA3rTghP_E8FSFAAAD [/]
2025-02-05 16:13:06,857 - INFO - BxB4Xs5yl5v_dWXhAAAC: Sending packet MESSAGE data 2["queue_status",{"inQueue":false,"playersInQueue":0,"queue":[]}]
2025-02-05 16:13:06,910 - INFO - BxB4Xs5yl5v_dWXhAAAC: Received request to upgrade to websocket
2025-02-05 16:13:06,920 - INFO - BxB4Xs5yl5v_dWXhAAAC: Upgrade to websocket successful
2025-02-05 16:13:39,943 - INFO - Client disconnected: gZ3Itr1_RV-SWZ_UAAAB (Reason: transport close)
2025-02-05 16:13:39,946 - INFO - User sam disconnected
2025-02-05 16:13:40,427 - INFO - xrRJMw1SDF4RrAVXAAAE: Sending packet OPEN data {'sid': 'xrRJMw1SDF4RrAVXAAAE', 'upgrades': ['websocket'], 'pingTimeout': 5000000, 'pingInterval': 25000000, 'maxPayload': 1000000}
2025-02-05 16:13:40,436 - INFO - xrRJMw1SDF4RrAVXAAAE: Received packet MESSAGE data 0
2025-02-05 16:13:40,439 - INFO - New connection attempt from SID: 0wiVvN-hXUi-5PMEAAAF
2025-02-05 16:13:40,439 - INFO - Auth data received: {}
2025-02-05 16:13:40,439 - INFO - Awaiting authentication...
2025-02-05 16:13:40,439 - INFO - xrRJMw1SDF4RrAVXAAAE: Sending packet MESSAGE data 0{"sid":"0wiVvN-hXUi-5PMEAAAF"}
2025-02-05 16:13:40,675 - INFO - xrRJMw1SDF4RrAVXAAAE: Received packet MESSAGE data 2["get-queue-status",{"username":"sam"}]
2025-02-05 16:13:40,675 - INFO - received event "get-queue-status" from 0wiVvN-hXUi-5PMEAAAF [/]
2025-02-05 16:13:40,675 - INFO - emitting event "queue_status" to 0wiVvN-hXUi-5PMEAAAF [/]
2025-02-05 16:13:40,675 - INFO - xrRJMw1SDF4RrAVXAAAE: Sending packet MESSAGE data 2["queue_status",{"inQueue":false,"playersInQueue":0,"queue":[]}]
2025-02-05 16:13:40,679 - INFO - xrRJMw1SDF4RrAVXAAAE: Received packet MESSAGE data 2["get-queue-status",{"username":"sam"}]
2025-02-05 16:13:40,679 - INFO - received event "get-queue-status" from 0wiVvN-hXUi-5PMEAAAF [/]
2025-02-05 16:13:40,679 - INFO - xrRJMw1SDF4RrAVXAAAE: Received packet MESSAGE data 2["authenticate",{"username":"sam","token":"eyJhbGciOiJIUzI1NiIsInR5cCI6IkpXVCJ9.eyJmcmVzaCI6ZmFsc2UsImlhdCI6MTczODc2NzcwMCwianRpIjoiY2ZiMTIxOGUtNmU1NC00MjFjLTg4N2EtYTYyYzY0MGQzNzk1IiwidHlwZSI6ImFjY2VzcyIsInN1YiI6InNhbSIsIm5iZiI6MTczODc2NzcwMCwiY3NyZiI6ImEyZmE0NjI3LWQyNjUtNDdjYS05NjkyLTcyNmQ4YmVkOTFhYiIsImV4cCI6MTczODc2ODYwMH0.-6xnKExwjPT4jO4NbXuNa-xZOtHL7VvblnDXLVujjIg"}]
2025-02-05 16:13:40,679 - INFO - received event "authenticate" from 0wiVvN-hXUi-5PMEAAAF [/]
2025-02-05 16:13:40,679 - INFO - xrRJMw1SDF4RrAVXAAAE: Received packet MESSAGE data 2["get-queue-status",{"username":"sam"}]
2025-02-05 16:13:40,679 - INFO - received event "get-queue-status" from 0wiVvN-hXUi-5PMEAAAF [/]
2025-02-05 16:13:40,687 - INFO - emitting event "queue_status" to 0wiVvN-hXUi-5PMEAAAF [/]
2025-02-05 16:13:40,688 - INFO - xrRJMw1SDF4RrAVXAAAE: Sending packet MESSAGE data 2["queue_status",{"inQueue":false,"playersInQueue":0,"queue":[]}]
2025-02-05 16:13:40,689 - INFO - Authentication attempt for sam, 0wiVvN-hXUi-5PMEAAAF
2025-02-05 16:13:40,689 - INFO - emitting event "queue_status" to 0wiVvN-hXUi-5PMEAAAF [/]
2025-02-05 16:13:40,689 - INFO - xrRJMw1SDF4RrAVXAAAE: Sending packet MESSAGE data 2["queue_status",{"inQueue":false,"playersInQueue":0,"queue":[]}]
2025-02-05 16:13:40,689 - INFO - Authentication successful for sam
2025-02-05 16:13:40,689 - INFO - emitting event "queue_status" to 0wiVvN-hXUi-5PMEAAAF [/]
2025-02-05 16:13:40,689 - INFO - xrRJMw1SDF4RrAVXAAAE: Sending packet MESSAGE data 2["queue_status",{"inQueue":false,"playersInQueue":0,"queue":[]}]
2025-02-05 16:13:40,750 - INFO - xrRJMw1SDF4RrAVXAAAE: Received request to upgrade to websocket
2025-02-05 16:13:40,756 - INFO - xrRJMw1SDF4RrAVXAAAE: Upgrade to websocket successful
2025-02-05 16:14:00,748 - INFO - Client disconnected: KjsA3rTghP_E8FSFAAAD (Reason: transport close)
2025-02-05 16:14:00,750 - INFO - User neil disconnected
2025-02-05 16:14:01,279 - INFO - dL1F1pwt3Bd3IIXhAAAG: Sending packet OPEN data {'sid': 'dL1F1pwt3Bd3IIXhAAAG', 'upgrades': ['websocket'], 'pingTimeout': 5000000, 'pingInterval': 25000000, 'maxPayload': 1000000}
2025-02-05 16:14:01,291 - INFO - dL1F1pwt3Bd3IIXhAAAG: Received packet MESSAGE data 0
2025-02-05 16:14:01,296 - INFO - New connection attempt from SID: lJQZ1cwTeQfuH9q4AAAH
2025-02-05 16:14:01,296 - INFO - Auth data received: {}
2025-02-05 16:14:01,296 - INFO - Awaiting authentication...
2025-02-05 16:14:01,296 - INFO - dL1F1pwt3Bd3IIXhAAAG: Sending packet MESSAGE data 0{"sid":"lJQZ1cwTeQfuH9q4AAAH"}
2025-02-05 16:14:01,530 - INFO - dL1F1pwt3Bd3IIXhAAAG: Received packet MESSAGE data 2["get-queue-status",{"username":"neil"}]
2025-02-05 16:14:01,530 - INFO - received event "get-queue-status" from lJQZ1cwTeQfuH9q4AAAH [/]
2025-02-05 16:14:01,533 - INFO - emitting event "queue_status" to lJQZ1cwTeQfuH9q4AAAH [/]
2025-02-05 16:14:01,533 - INFO - dL1F1pwt3Bd3IIXhAAAG: Sending packet MESSAGE data 2["queue_status",{"inQueue":false,"playersInQueue":0,"queue":[]}]
2025-02-05 16:14:01,538 - INFO - dL1F1pwt3Bd3IIXhAAAG: Received packet MESSAGE data 2["get-queue-status",{"username":"neil"}]
2025-02-05 16:14:01,538 - INFO - received event "get-queue-status" from lJQZ1cwTeQfuH9q4AAAH [/]
2025-02-05 16:14:01,540 - INFO - dL1F1pwt3Bd3IIXhAAAG: Received packet MESSAGE data 2["authenticate",{"username":"neil","token":"eyJhbGciOiJIUzI1NiIsInR5cCI6IkpXVCJ9.eyJmcmVzaCI6ZmFsc2UsImlhdCI6MTczODc2NzY3NiwianRpIjoiNTVlYTBhODctY2NlMi00NjRkLTg0ZmQtNjI4NjE2ZDJlZjkwIiwidHlwZSI6ImFjY2VzcyIsInN1YiI6Im5laWwiLCJuYmYiOjE3Mzg3Njc2NzYsImNzcmYiOiJkN2YwM2M3Mi00YWZhLTQ1YmUtYTVmOS0yYTkxZmJiNzBjZWMiLCJleHAiOjE3Mzg3Njg1NzZ9.arBQRbZt9DPEfMpVEOGSdgW_8hSDvLLArynbIzOODH4"}]
2025-02-05 16:14:01,540 - INFO - received event "authenticate" from lJQZ1cwTeQfuH9q4AAAH [/]
2025-02-05 16:14:01,540 - INFO - dL1F1pwt3Bd3IIXhAAAG: Received packet MESSAGE data 2["get-queue-status",{"username":"neil"}]
2025-02-05 16:14:01,540 - INFO - received event "get-queue-status" from lJQZ1cwTeQfuH9q4AAAH [/]
2025-02-05 16:14:01,544 - INFO - emitting event "queue_status" to lJQZ1cwTeQfuH9q4AAAH [/]
2025-02-05 16:14:01,544 - INFO - dL1F1pwt3Bd3IIXhAAAG: Sending packet MESSAGE data 2["queue_status",{"inQueue":false,"playersInQueue":0,"queue":[]}]
2025-02-05 16:14:01,544 - INFO - Authentication attempt for neil, lJQZ1cwTeQfuH9q4AAAH
2025-02-05 16:14:01,547 - INFO - emitting event "queue_status" to lJQZ1cwTeQfuH9q4AAAH [/]
2025-02-05 16:14:01,547 - INFO - dL1F1pwt3Bd3IIXhAAAG: Sending packet MESSAGE data 2["queue_status",{"inQueue":false,"playersInQueue":0,"queue":[]}]
2025-02-05 16:14:01,547 - INFO - Authentication successful for neil
2025-02-05 16:14:01,547 - INFO - emitting event "queue_status" to lJQZ1cwTeQfuH9q4AAAH [/]
2025-02-05 16:14:01,547 - INFO - dL1F1pwt3Bd3IIXhAAAG: Sending packet MESSAGE data 2["queue_status",{"inQueue":false,"playersInQueue":0,"queue":[]}]
2025-02-05 16:14:01,609 - INFO - dL1F1pwt3Bd3IIXhAAAG: Received request to upgrade to websocket
2025-02-05 16:14:01,619 - INFO - dL1F1pwt3Bd3IIXhAAAG: Upgrade to websocket successful
2025-02-05 16:25:41,533 - INFO - Starting Flask application
2025-02-05 16:25:41,533 - INFO - Configuring CORS
2025-02-05 16:25:41,533 - INFO - CORS configured
2025-02-05 16:25:41,533 - INFO - Initializing SocketIO
2025-02-05 16:25:41,549 - INFO - Server initialized for eventlet.
2025-02-05 16:25:41,549 - INFO - SocketIO initialized
2025-02-05 16:25:41,565 - INFO - Cleaning up stale state...
2025-02-05 16:25:41,565 - INFO - Cleanup complete
2025-02-05 16:25:41,565 - INFO - Starting server...
2025-02-05 16:25:44,593 - INFO - oP4zArqsGctAdxjUAAAA: Sending packet OPEN data {'sid': 'oP4zArqsGctAdxjUAAAA', 'upgrades': ['websocket'], 'pingTimeout': 5000000, 'pingInterval': 25000000, 'maxPayload': 1000000}
2025-02-05 16:25:44,608 - INFO - oP4zArqsGctAdxjUAAAA: Received packet MESSAGE data 0
2025-02-05 16:25:44,608 - INFO - New connection attempt from SID: MftqHN9S9vdK3BqhAAAB
2025-02-05 16:25:44,608 - INFO - Auth data received: {}
2025-02-05 16:25:44,613 - INFO - Awaiting authentication...
2025-02-05 16:25:44,613 - INFO - oP4zArqsGctAdxjUAAAA: Sending packet MESSAGE data 0{"sid":"MftqHN9S9vdK3BqhAAAB"}
2025-02-05 16:25:44,856 - INFO - oP4zArqsGctAdxjUAAAA: Received packet MESSAGE data 2["authenticate",{"username":"sam","token":"eyJhbGciOiJIUzI1NiIsInR5cCI6IkpXVCJ9.eyJmcmVzaCI6ZmFsc2UsImlhdCI6MTczODc2NzcwMCwianRpIjoiY2ZiMTIxOGUtNmU1NC00MjFjLTg4N2EtYTYyYzY0MGQzNzk1IiwidHlwZSI6ImFjY2VzcyIsInN1YiI6InNhbSIsIm5iZiI6MTczODc2NzcwMCwiY3NyZiI6ImEyZmE0NjI3LWQyNjUtNDdjYS05NjkyLTcyNmQ4YmVkOTFhYiIsImV4cCI6MTczODc2ODYwMH0.-6xnKExwjPT4jO4NbXuNa-xZOtHL7VvblnDXLVujjIg"}]
2025-02-05 16:25:44,857 - INFO - received event "authenticate" from MftqHN9S9vdK3BqhAAAB [/]
2025-02-05 16:25:44,860 - INFO - Authentication attempt for sam, MftqHN9S9vdK3BqhAAAB
2025-02-05 16:25:44,861 - INFO - emitting event "queue_status" to MftqHN9S9vdK3BqhAAAB [/]
2025-02-05 16:25:44,863 - INFO - oP4zArqsGctAdxjUAAAA: Sending packet MESSAGE data 2["queue_status",{"inQueue":false,"playersInQueue":0,"queue":[]}]
2025-02-05 16:25:44,863 - INFO - Authentication successful for sam
2025-02-05 16:25:44,866 - INFO - oP4zArqsGctAdxjUAAAA: Received packet MESSAGE data 2["get-queue-status",{"username":"sam"}]
2025-02-05 16:25:44,868 - INFO - received event "get-queue-status" from MftqHN9S9vdK3BqhAAAB [/]
2025-02-05 16:25:44,868 - INFO - emitting event "queue_status" to MftqHN9S9vdK3BqhAAAB [/]
2025-02-05 16:25:44,871 - INFO - oP4zArqsGctAdxjUAAAA: Sending packet MESSAGE data 2["queue_status",{"inQueue":false,"playersInQueue":0,"queue":[]}]
2025-02-05 16:25:44,910 - INFO - oP4zArqsGctAdxjUAAAA: Received request to upgrade to websocket
2025-02-05 16:25:44,919 - INFO - oP4zArqsGctAdxjUAAAA: Upgrade to websocket successful
2025-02-05 16:25:45,598 - INFO - 9LYnEe9yWuKHYOsPAAAC: Sending packet OPEN data {'sid': '9LYnEe9yWuKHYOsPAAAC', 'upgrades': ['websocket'], 'pingTimeout': 5000000, 'pingInterval': 25000000, 'maxPayload': 1000000}
2025-02-05 16:25:45,598 - INFO - 9LYnEe9yWuKHYOsPAAAC: Received packet MESSAGE data 0
2025-02-05 16:25:45,598 - INFO - New connection attempt from SID: O2QwDY2ooJ88lCHcAAAD
2025-02-05 16:25:45,598 - INFO - Auth data received: {}
2025-02-05 16:25:45,598 - INFO - Awaiting authentication...
2025-02-05 16:25:45,598 - INFO - 9LYnEe9yWuKHYOsPAAAC: Sending packet MESSAGE data 0{"sid":"O2QwDY2ooJ88lCHcAAAD"}
2025-02-05 16:25:45,861 - INFO - 9LYnEe9yWuKHYOsPAAAC: Received packet MESSAGE data 2["authenticate",{"username":"neil","token":"eyJhbGciOiJIUzI1NiIsInR5cCI6IkpXVCJ9.eyJmcmVzaCI6ZmFsc2UsImlhdCI6MTczODc2NzY3NiwianRpIjoiNTVlYTBhODctY2NlMi00NjRkLTg0ZmQtNjI4NjE2ZDJlZjkwIiwidHlwZSI6ImFjY2VzcyIsInN1YiI6Im5laWwiLCJuYmYiOjE3Mzg3Njc2NzYsImNzcmYiOiJkN2YwM2M3Mi00YWZhLTQ1YmUtYTVmOS0yYTkxZmJiNzBjZWMiLCJleHAiOjE3Mzg3Njg1NzZ9.arBQRbZt9DPEfMpVEOGSdgW_8hSDvLLArynbIzOODH4"}]
2025-02-05 16:25:45,864 - INFO - received event "authenticate" from O2QwDY2ooJ88lCHcAAAD [/]
2025-02-05 16:25:45,864 - INFO - Authentication attempt for neil, O2QwDY2ooJ88lCHcAAAD
2025-02-05 16:25:45,864 - INFO - emitting event "queue_status" to O2QwDY2ooJ88lCHcAAAD [/]
2025-02-05 16:25:45,864 - INFO - 9LYnEe9yWuKHYOsPAAAC: Sending packet MESSAGE data 2["queue_status",{"inQueue":false,"playersInQueue":0,"queue":[]}]
2025-02-05 16:25:45,864 - INFO - Authentication successful for neil
2025-02-05 16:25:45,868 - INFO - 9LYnEe9yWuKHYOsPAAAC: Received packet MESSAGE data 2["get-queue-status",{"username":"neil"}]
2025-02-05 16:25:45,868 - INFO - received event "get-queue-status" from O2QwDY2ooJ88lCHcAAAD [/]
2025-02-05 16:25:45,868 - INFO - emitting event "queue_status" to O2QwDY2ooJ88lCHcAAAD [/]
2025-02-05 16:25:45,868 - INFO - 9LYnEe9yWuKHYOsPAAAC: Sending packet MESSAGE data 2["queue_status",{"inQueue":false,"playersInQueue":0,"queue":[]}]
2025-02-05 16:25:45,920 - INFO - 9LYnEe9yWuKHYOsPAAAC: Received request to upgrade to websocket
2025-02-05 16:25:45,930 - INFO - 9LYnEe9yWuKHYOsPAAAC: Upgrade to websocket successful
2025-02-05 16:26:06,741 - INFO - Client disconnected: O2QwDY2ooJ88lCHcAAAD (Reason: transport close)
2025-02-05 16:26:06,743 - INFO - User neil disconnected
2025-02-05 16:26:06,961 - INFO - suctR98EuPs8gvnYAAAE: Sending packet OPEN data {'sid': 'suctR98EuPs8gvnYAAAE', 'upgrades': ['websocket'], 'pingTimeout': 5000000, 'pingInterval': 25000000, 'maxPayload': 1000000}
2025-02-05 16:26:07,004 - INFO - suctR98EuPs8gvnYAAAE: Received packet MESSAGE data 0
2025-02-05 16:26:07,009 - INFO - New connection attempt from SID: -C92hy2kvJWoeP0vAAAF
2025-02-05 16:26:07,010 - INFO - Auth data received: {}
2025-02-05 16:26:07,010 - INFO - Awaiting authentication...
2025-02-05 16:26:07,010 - INFO - suctR98EuPs8gvnYAAAE: Sending packet MESSAGE data 0{"sid":"-C92hy2kvJWoeP0vAAAF"}
2025-02-05 16:26:07,027 - INFO - suctR98EuPs8gvnYAAAE: Received packet MESSAGE data 2["get-queue-status",{"username":"neil"}]
2025-02-05 16:26:07,027 - INFO - received event "get-queue-status" from -C92hy2kvJWoeP0vAAAF [/]
2025-02-05 16:26:07,030 - INFO - emitting event "queue_status" to -C92hy2kvJWoeP0vAAAF [/]
2025-02-05 16:26:07,030 - INFO - suctR98EuPs8gvnYAAAE: Sending packet MESSAGE data 2["queue_status",{"inQueue":false,"playersInQueue":0,"queue":[]}]
2025-02-05 16:26:07,034 - INFO - suctR98EuPs8gvnYAAAE: Received packet MESSAGE data 2["authenticate",{"username":"neil","token":"eyJhbGciOiJIUzI1NiIsInR5cCI6IkpXVCJ9.eyJmcmVzaCI6ZmFsc2UsImlhdCI6MTczODc2NzY3NiwianRpIjoiNTVlYTBhODctY2NlMi00NjRkLTg0ZmQtNjI4NjE2ZDJlZjkwIiwidHlwZSI6ImFjY2VzcyIsInN1YiI6Im5laWwiLCJuYmYiOjE3Mzg3Njc2NzYsImNzcmYiOiJkN2YwM2M3Mi00YWZhLTQ1YmUtYTVmOS0yYTkxZmJiNzBjZWMiLCJleHAiOjE3Mzg3Njg1NzZ9.arBQRbZt9DPEfMpVEOGSdgW_8hSDvLLArynbIzOODH4"}]
2025-02-05 16:26:07,034 - INFO - received event "authenticate" from -C92hy2kvJWoeP0vAAAF [/]
2025-02-05 16:26:07,034 - INFO - suctR98EuPs8gvnYAAAE: Received packet MESSAGE data 2["get-queue-status",{"username":"neil"}]
2025-02-05 16:26:07,039 - INFO - received event "get-queue-status" from -C92hy2kvJWoeP0vAAAF [/]
2025-02-05 16:26:07,041 - INFO - Authentication attempt for neil, -C92hy2kvJWoeP0vAAAF
2025-02-05 16:26:07,041 - INFO - emitting event "queue_status" to -C92hy2kvJWoeP0vAAAF [/]
2025-02-05 16:26:07,043 - INFO - suctR98EuPs8gvnYAAAE: Sending packet MESSAGE data 2["queue_status",{"inQueue":false,"playersInQueue":0,"queue":[]}]
2025-02-05 16:26:07,043 - INFO - Authentication successful for neil
2025-02-05 16:26:07,046 - INFO - emitting event "queue_status" to -C92hy2kvJWoeP0vAAAF [/]
2025-02-05 16:26:07,046 - INFO - suctR98EuPs8gvnYAAAE: Sending packet MESSAGE data 2["queue_status",{"inQueue":false,"playersInQueue":0,"queue":[]}]
2025-02-05 16:26:07,328 - INFO - suctR98EuPs8gvnYAAAE: Received request to upgrade to websocket
2025-02-05 16:26:07,337 - INFO - suctR98EuPs8gvnYAAAE: Upgrade to websocket successful
2025-02-05 16:30:11,947 - INFO - Client disconnected: -C92hy2kvJWoeP0vAAAF (Reason: transport close)
2025-02-05 16:30:11,963 - INFO - User neil disconnected
2025-02-05 16:30:12,491 - INFO - dOUBcIAQ3aVX50uRAAAG: Sending packet OPEN data {'sid': 'dOUBcIAQ3aVX50uRAAAG', 'upgrades': ['websocket'], 'pingTimeout': 5000000, 'pingInterval': 25000000, 'maxPayload': 1000000}
2025-02-05 16:30:12,503 - INFO - dOUBcIAQ3aVX50uRAAAG: Received packet MESSAGE data 0
2025-02-05 16:30:12,503 - INFO - New connection attempt from SID: CYv5ZsbdytZ9VCnJAAAH
2025-02-05 16:30:12,503 - INFO - Auth data received: {}
2025-02-05 16:30:12,503 - INFO - Awaiting authentication...
2025-02-05 16:30:12,506 - INFO - dOUBcIAQ3aVX50uRAAAG: Sending packet MESSAGE data 0{"sid":"CYv5ZsbdytZ9VCnJAAAH"}
2025-02-05 16:30:12,746 - INFO - dOUBcIAQ3aVX50uRAAAG: Received packet MESSAGE data 2["get-queue-status",{"username":"neil"}]
2025-02-05 16:30:12,746 - INFO - received event "get-queue-status" from CYv5ZsbdytZ9VCnJAAAH [/]
2025-02-05 16:30:12,753 - INFO - emitting event "queue_status" to CYv5ZsbdytZ9VCnJAAAH [/]
2025-02-05 16:30:12,755 - INFO - dOUBcIAQ3aVX50uRAAAG: Sending packet MESSAGE data 2["queue_status",{"inQueue":false,"playersInQueue":0,"queue":[]}]
2025-02-05 16:30:12,759 - INFO - dOUBcIAQ3aVX50uRAAAG: Received packet MESSAGE data 2["authenticate",{"username":"neil","token":"eyJhbGciOiJIUzI1NiIsInR5cCI6IkpXVCJ9.eyJmcmVzaCI6ZmFsc2UsImlhdCI6MTczODc2NzY3NiwianRpIjoiNTVlYTBhODctY2NlMi00NjRkLTg0ZmQtNjI4NjE2ZDJlZjkwIiwidHlwZSI6ImFjY2VzcyIsInN1YiI6Im5laWwiLCJuYmYiOjE3Mzg3Njc2NzYsImNzcmYiOiJkN2YwM2M3Mi00YWZhLTQ1YmUtYTVmOS0yYTkxZmJiNzBjZWMiLCJleHAiOjE3Mzg3Njg1NzZ9.arBQRbZt9DPEfMpVEOGSdgW_8hSDvLLArynbIzOODH4"}]
2025-02-05 16:30:12,760 - INFO - received event "authenticate" from CYv5ZsbdytZ9VCnJAAAH [/]
2025-02-05 16:30:12,761 - INFO - dOUBcIAQ3aVX50uRAAAG: Received packet MESSAGE data 2["get-queue-status",{"username":"neil"}]
2025-02-05 16:30:12,761 - INFO - received event "get-queue-status" from CYv5ZsbdytZ9VCnJAAAH [/]
2025-02-05 16:30:12,765 - INFO - Authentication attempt for neil, CYv5ZsbdytZ9VCnJAAAH
2025-02-05 16:30:12,765 - INFO - emitting event "queue_status" to CYv5ZsbdytZ9VCnJAAAH [/]
2025-02-05 16:30:12,767 - INFO - dOUBcIAQ3aVX50uRAAAG: Sending packet MESSAGE data 2["queue_status",{"inQueue":false,"playersInQueue":0,"queue":[]}]
2025-02-05 16:30:12,767 - INFO - Authentication successful for neil
2025-02-05 16:30:12,769 - INFO - emitting event "queue_status" to CYv5ZsbdytZ9VCnJAAAH [/]
2025-02-05 16:30:12,769 - INFO - dOUBcIAQ3aVX50uRAAAG: Sending packet MESSAGE data 2["queue_status",{"inQueue":false,"playersInQueue":0,"queue":[]}]
2025-02-05 16:30:12,810 - INFO - dOUBcIAQ3aVX50uRAAAG: Received request to upgrade to websocket
2025-02-05 16:30:12,820 - INFO - dOUBcIAQ3aVX50uRAAAG: Upgrade to websocket successful
2025-02-05 16:30:46,119 - INFO - Client disconnected: MftqHN9S9vdK3BqhAAAB (Reason: transport close)
2025-02-05 16:30:46,145 - INFO - User sam disconnected
2025-02-05 16:30:46,599 - INFO - c47WM9Q4fbHqH7HsAAAI: Sending packet OPEN data {'sid': 'c47WM9Q4fbHqH7HsAAAI', 'upgrades': ['websocket'], 'pingTimeout': 5000000, 'pingInterval': 25000000, 'maxPayload': 1000000}
2025-02-05 16:30:46,607 - INFO - c47WM9Q4fbHqH7HsAAAI: Received packet MESSAGE data 0
2025-02-05 16:30:46,611 - INFO - New connection attempt from SID: 0Gf6mwL8GLk08ftXAAAJ
2025-02-05 16:30:46,611 - INFO - Auth data received: {}
2025-02-05 16:30:46,611 - INFO - Awaiting authentication...
2025-02-05 16:30:46,613 - INFO - c47WM9Q4fbHqH7HsAAAI: Sending packet MESSAGE data 0{"sid":"0Gf6mwL8GLk08ftXAAAJ"}
2025-02-05 16:30:46,858 - INFO - c47WM9Q4fbHqH7HsAAAI: Received packet MESSAGE data 2["get-queue-status",{"username":"sam"}]
2025-02-05 16:30:46,861 - INFO - received event "get-queue-status" from 0Gf6mwL8GLk08ftXAAAJ [/]
2025-02-05 16:30:46,863 - INFO - emitting event "queue_status" to 0Gf6mwL8GLk08ftXAAAJ [/]
2025-02-05 16:30:46,865 - INFO - c47WM9Q4fbHqH7HsAAAI: Sending packet MESSAGE data 2["queue_status",{"inQueue":false,"playersInQueue":0,"queue":[]}]
2025-02-05 16:30:46,866 - INFO - c47WM9Q4fbHqH7HsAAAI: Received packet MESSAGE data 2["authenticate",{"username":"sam","token":"eyJhbGciOiJIUzI1NiIsInR5cCI6IkpXVCJ9.eyJmcmVzaCI6ZmFsc2UsImlhdCI6MTczODc2NzcwMCwianRpIjoiY2ZiMTIxOGUtNmU1NC00MjFjLTg4N2EtYTYyYzY0MGQzNzk1IiwidHlwZSI6ImFjY2VzcyIsInN1YiI6InNhbSIsIm5iZiI6MTczODc2NzcwMCwiY3NyZiI6ImEyZmE0NjI3LWQyNjUtNDdjYS05NjkyLTcyNmQ4YmVkOTFhYiIsImV4cCI6MTczODc2ODYwMH0.-6xnKExwjPT4jO4NbXuNa-xZOtHL7VvblnDXLVujjIg"}]
2025-02-05 16:30:46,866 - INFO - received event "authenticate" from 0Gf6mwL8GLk08ftXAAAJ [/]
2025-02-05 16:30:46,866 - INFO - c47WM9Q4fbHqH7HsAAAI: Received packet MESSAGE data 2["get-queue-status",{"username":"sam"}]
2025-02-05 16:30:46,871 - INFO - received event "get-queue-status" from 0Gf6mwL8GLk08ftXAAAJ [/]
2025-02-05 16:30:46,871 - INFO - Authentication attempt for sam, 0Gf6mwL8GLk08ftXAAAJ
2025-02-05 16:30:46,871 - INFO - emitting event "queue_status" to 0Gf6mwL8GLk08ftXAAAJ [/]
2025-02-05 16:30:46,874 - INFO - c47WM9Q4fbHqH7HsAAAI: Sending packet MESSAGE data 2["queue_status",{"inQueue":false,"playersInQueue":0,"queue":[]}]
2025-02-05 16:30:46,874 - INFO - Authentication successful for sam
2025-02-05 16:30:46,876 - INFO - emitting event "queue_status" to 0Gf6mwL8GLk08ftXAAAJ [/]
2025-02-05 16:30:46,876 - INFO - c47WM9Q4fbHqH7HsAAAI: Sending packet MESSAGE data 2["queue_status",{"inQueue":false,"playersInQueue":0,"queue":[]}]
2025-02-05 16:30:46,919 - INFO - c47WM9Q4fbHqH7HsAAAI: Received request to upgrade to websocket
2025-02-05 16:30:46,929 - INFO - c47WM9Q4fbHqH7HsAAAI: Upgrade to websocket successful
2025-02-05 16:32:10,316 - INFO - Client disconnected: 0Gf6mwL8GLk08ftXAAAJ (Reason: transport close)
2025-02-05 16:32:10,318 - INFO - User sam disconnected
2025-02-05 16:32:10,350 - INFO - Client disconnected: CYv5ZsbdytZ9VCnJAAAH (Reason: transport close)
2025-02-05 16:32:10,352 - INFO - User neil disconnected
2025-02-05 16:32:10,474 - INFO - ve3lgxCtsoGzCsGgAAAK: Sending packet OPEN data {'sid': 've3lgxCtsoGzCsGgAAAK', 'upgrades': ['websocket'], 'pingTimeout': 5000000, 'pingInterval': 25000000, 'maxPayload': 1000000}
2025-02-05 16:32:10,512 - INFO - ve3lgxCtsoGzCsGgAAAK: Received packet MESSAGE data 0
2025-02-05 16:32:10,512 - INFO - New connection attempt from SID: 80dqdwcVU-XCxIdyAAAL
2025-02-05 16:32:10,512 - INFO - Auth data received: {}
2025-02-05 16:32:10,515 - INFO - Awaiting authentication...
2025-02-05 16:32:10,515 - INFO - ve3lgxCtsoGzCsGgAAAK: Sending packet MESSAGE data 0{"sid":"80dqdwcVU-XCxIdyAAAL"}
2025-02-05 16:32:10,526 - INFO - ve3lgxCtsoGzCsGgAAAK: Received packet MESSAGE data 2["get-queue-status",{"username":"sam"}]
2025-02-05 16:32:10,528 - INFO - received event "get-queue-status" from 80dqdwcVU-XCxIdyAAAL [/]
2025-02-05 16:32:10,528 - INFO - ve3lgxCtsoGzCsGgAAAK: Received packet MESSAGE data 2["authenticate",{"username":"sam","token":"eyJhbGciOiJIUzI1NiIsInR5cCI6IkpXVCJ9.eyJmcmVzaCI6ZmFsc2UsImlhdCI6MTczODc2NzcwMCwianRpIjoiY2ZiMTIxOGUtNmU1NC00MjFjLTg4N2EtYTYyYzY0MGQzNzk1IiwidHlwZSI6ImFjY2VzcyIsInN1YiI6InNhbSIsIm5iZiI6MTczODc2NzcwMCwiY3NyZiI6ImEyZmE0NjI3LWQyNjUtNDdjYS05NjkyLTcyNmQ4YmVkOTFhYiIsImV4cCI6MTczODc2ODYwMH0.-6xnKExwjPT4jO4NbXuNa-xZOtHL7VvblnDXLVujjIg"}]
2025-02-05 16:32:10,528 - INFO - received event "authenticate" from 80dqdwcVU-XCxIdyAAAL [/]
2025-02-05 16:32:10,530 - INFO - ve3lgxCtsoGzCsGgAAAK: Received packet MESSAGE data 2["get-queue-status",{"username":"sam"}]
2025-02-05 16:32:10,530 - INFO - received event "get-queue-status" from 80dqdwcVU-XCxIdyAAAL [/]
2025-02-05 16:32:10,532 - INFO - emitting event "queue_status" to 80dqdwcVU-XCxIdyAAAL [/]
2025-02-05 16:32:10,534 - INFO - ve3lgxCtsoGzCsGgAAAK: Sending packet MESSAGE data 2["queue_status",{"inQueue":false,"playersInQueue":0,"queue":[]}]
2025-02-05 16:32:10,534 - INFO - Authentication attempt for sam, 80dqdwcVU-XCxIdyAAAL
2025-02-05 16:32:10,534 - INFO - emitting event "queue_status" to 80dqdwcVU-XCxIdyAAAL [/]
2025-02-05 16:32:10,534 - INFO - ve3lgxCtsoGzCsGgAAAK: Sending packet MESSAGE data 2["queue_status",{"inQueue":false,"playersInQueue":0,"queue":[]}]
2025-02-05 16:32:10,534 - INFO - Authentication successful for sam
2025-02-05 16:32:10,534 - INFO - emitting event "queue_status" to 80dqdwcVU-XCxIdyAAAL [/]
2025-02-05 16:32:10,538 - INFO - ve3lgxCtsoGzCsGgAAAK: Sending packet MESSAGE data 2["queue_status",{"inQueue":false,"playersInQueue":0,"queue":[]}]
2025-02-05 16:32:10,566 - INFO - k7CZZcSautUwcdTwAAAM: Sending packet OPEN data {'sid': 'k7CZZcSautUwcdTwAAAM', 'upgrades': ['websocket'], 'pingTimeout': 5000000, 'pingInterval': 25000000, 'maxPayload': 1000000}
2025-02-05 16:32:10,611 - INFO - k7CZZcSautUwcdTwAAAM: Received packet MESSAGE data 0
2025-02-05 16:32:10,613 - INFO - New connection attempt from SID: cdbdgBxQ1X1qCwjvAAAN
2025-02-05 16:32:10,613 - INFO - Auth data received: {}
2025-02-05 16:32:10,615 - INFO - Awaiting authentication...
2025-02-05 16:32:10,615 - INFO - k7CZZcSautUwcdTwAAAM: Sending packet MESSAGE data 0{"sid":"cdbdgBxQ1X1qCwjvAAAN"}
2025-02-05 16:32:10,645 - INFO - k7CZZcSautUwcdTwAAAM: Received packet MESSAGE data 2["get-queue-status",{"username":"neil"}]
2025-02-05 16:32:10,646 - INFO - received event "get-queue-status" from cdbdgBxQ1X1qCwjvAAAN [/]
2025-02-05 16:32:10,651 - INFO - emitting event "queue_status" to cdbdgBxQ1X1qCwjvAAAN [/]
2025-02-05 16:32:10,652 - INFO - k7CZZcSautUwcdTwAAAM: Sending packet MESSAGE data 2["queue_status",{"inQueue":false,"playersInQueue":0,"queue":[]}]
2025-02-05 16:32:10,658 - INFO - k7CZZcSautUwcdTwAAAM: Received packet MESSAGE data 2["authenticate",{"username":"neil","token":"eyJhbGciOiJIUzI1NiIsInR5cCI6IkpXVCJ9.eyJmcmVzaCI6ZmFsc2UsImlhdCI6MTczODc2NzY3NiwianRpIjoiNTVlYTBhODctY2NlMi00NjRkLTg0ZmQtNjI4NjE2ZDJlZjkwIiwidHlwZSI6ImFjY2VzcyIsInN1YiI6Im5laWwiLCJuYmYiOjE3Mzg3Njc2NzYsImNzcmYiOiJkN2YwM2M3Mi00YWZhLTQ1YmUtYTVmOS0yYTkxZmJiNzBjZWMiLCJleHAiOjE3Mzg3Njg1NzZ9.arBQRbZt9DPEfMpVEOGSdgW_8hSDvLLArynbIzOODH4"}]
2025-02-05 16:32:10,661 - INFO - received event "authenticate" from cdbdgBxQ1X1qCwjvAAAN [/]
2025-02-05 16:32:10,662 - INFO - k7CZZcSautUwcdTwAAAM: Received packet MESSAGE data 2["get-queue-status",{"username":"neil"}]
2025-02-05 16:32:10,662 - INFO - received event "get-queue-status" from cdbdgBxQ1X1qCwjvAAAN [/]
2025-02-05 16:32:10,666 - INFO - Authentication attempt for neil, cdbdgBxQ1X1qCwjvAAAN
2025-02-05 16:32:10,666 - INFO - emitting event "queue_status" to cdbdgBxQ1X1qCwjvAAAN [/]
2025-02-05 16:32:10,666 - INFO - k7CZZcSautUwcdTwAAAM: Sending packet MESSAGE data 2["queue_status",{"inQueue":false,"playersInQueue":0,"queue":[]}]
2025-02-05 16:32:10,666 - INFO - Authentication successful for neil
2025-02-05 16:32:10,669 - INFO - emitting event "queue_status" to cdbdgBxQ1X1qCwjvAAAN [/]
2025-02-05 16:32:10,671 - INFO - k7CZZcSautUwcdTwAAAM: Sending packet MESSAGE data 2["queue_status",{"inQueue":false,"playersInQueue":0,"queue":[]}]
2025-02-05 16:32:10,817 - INFO - ve3lgxCtsoGzCsGgAAAK: Received request to upgrade to websocket
2025-02-05 16:32:10,828 - INFO - ve3lgxCtsoGzCsGgAAAK: Upgrade to websocket successful
2025-02-05 16:32:10,945 - INFO - k7CZZcSautUwcdTwAAAM: Received request to upgrade to websocket
2025-02-05 16:32:10,952 - INFO - k7CZZcSautUwcdTwAAAM: Upgrade to websocket successful
2025-02-05 16:33:29,326 - INFO - Client disconnected: 80dqdwcVU-XCxIdyAAAL (Reason: transport close)
2025-02-05 16:33:29,329 - INFO - User sam disconnected
2025-02-05 16:33:29,357 - INFO - Client disconnected: cdbdgBxQ1X1qCwjvAAAN (Reason: transport close)
2025-02-05 16:33:29,359 - INFO - User neil disconnected
2025-02-05 16:33:29,814 - INFO - XG2z42X92GP9wFM4AAAO: Sending packet OPEN data {'sid': 'XG2z42X92GP9wFM4AAAO', 'upgrades': ['websocket'], 'pingTimeout': 5000000, 'pingInterval': 25000000, 'maxPayload': 1000000}
2025-02-05 16:33:29,818 - INFO - XG2z42X92GP9wFM4AAAO: Received packet MESSAGE data 0
2025-02-05 16:33:29,826 - INFO - New connection attempt from SID: l48cXX1-nFjlHvT9AAAP
2025-02-05 16:33:29,826 - INFO - Auth data received: {}
2025-02-05 16:33:29,826 - INFO - Awaiting authentication...
2025-02-05 16:33:29,826 - INFO - XG2z42X92GP9wFM4AAAO: Sending packet MESSAGE data 0{"sid":"l48cXX1-nFjlHvT9AAAP"}
2025-02-05 16:33:29,851 - INFO - MNImrt4NoloSf2y9AAAQ: Sending packet OPEN data {'sid': 'MNImrt4NoloSf2y9AAAQ', 'upgrades': ['websocket'], 'pingTimeout': 5000000, 'pingInterval': 25000000, 'maxPayload': 1000000}
2025-02-05 16:33:29,859 - INFO - MNImrt4NoloSf2y9AAAQ: Received packet MESSAGE data 0
2025-02-05 16:33:29,864 - INFO - New connection attempt from SID: xjmrZDRTl23Igy0_AAAR
2025-02-05 16:33:29,864 - INFO - Auth data received: {}
2025-02-05 16:33:29,864 - INFO - Awaiting authentication...
2025-02-05 16:33:29,864 - INFO - MNImrt4NoloSf2y9AAAQ: Sending packet MESSAGE data 0{"sid":"xjmrZDRTl23Igy0_AAAR"}
2025-02-05 16:33:30,081 - INFO - XG2z42X92GP9wFM4AAAO: Received packet MESSAGE data 2["get-queue-status",{"username":"sam"}]
2025-02-05 16:33:30,081 - INFO - received event "get-queue-status" from l48cXX1-nFjlHvT9AAAP [/]
2025-02-05 16:33:30,085 - INFO - emitting event "queue_status" to l48cXX1-nFjlHvT9AAAP [/]
2025-02-05 16:33:30,085 - INFO - XG2z42X92GP9wFM4AAAO: Sending packet MESSAGE data 2["queue_status",{"inQueue":false,"playersInQueue":0,"queue":[]}]
2025-02-05 16:33:30,090 - INFO - XG2z42X92GP9wFM4AAAO: Received packet MESSAGE data 2["authenticate",{"username":"sam","token":"eyJhbGciOiJIUzI1NiIsInR5cCI6IkpXVCJ9.eyJmcmVzaCI6ZmFsc2UsImlhdCI6MTczODc2NzcwMCwianRpIjoiY2ZiMTIxOGUtNmU1NC00MjFjLTg4N2EtYTYyYzY0MGQzNzk1IiwidHlwZSI6ImFjY2VzcyIsInN1YiI6InNhbSIsIm5iZiI6MTczODc2NzcwMCwiY3NyZiI6ImEyZmE0NjI3LWQyNjUtNDdjYS05NjkyLTcyNmQ4YmVkOTFhYiIsImV4cCI6MTczODc2ODYwMH0.-6xnKExwjPT4jO4NbXuNa-xZOtHL7VvblnDXLVujjIg"}]
2025-02-05 16:33:30,090 - INFO - received event "authenticate" from l48cXX1-nFjlHvT9AAAP [/]
2025-02-05 16:33:30,090 - INFO - XG2z42X92GP9wFM4AAAO: Received packet MESSAGE data 2["get-queue-status",{"username":"sam"}]
2025-02-05 16:33:30,092 - INFO - received event "get-queue-status" from l48cXX1-nFjlHvT9AAAP [/]
2025-02-05 16:33:30,095 - INFO - emitting event "queue_status" to l48cXX1-nFjlHvT9AAAP [/]
2025-02-05 16:33:30,095 - INFO - XG2z42X92GP9wFM4AAAO: Sending packet MESSAGE data 2["queue_status",{"inQueue":false,"playersInQueue":0,"queue":[]}]
2025-02-05 16:33:30,097 - INFO - Authentication attempt for sam, l48cXX1-nFjlHvT9AAAP
2025-02-05 16:33:30,098 - INFO - emitting event "queue_status" to l48cXX1-nFjlHvT9AAAP [/]
2025-02-05 16:33:30,098 - INFO - XG2z42X92GP9wFM4AAAO: Sending packet MESSAGE data 2["queue_status",{"inQueue":false,"playersInQueue":0,"queue":[]}]
2025-02-05 16:33:30,099 - INFO - Authentication successful for sam
2025-02-05 16:33:30,108 - INFO - MNImrt4NoloSf2y9AAAQ: Received packet MESSAGE data 2["get-queue-status",{"username":"neil"}]
2025-02-05 16:33:30,108 - INFO - received event "get-queue-status" from xjmrZDRTl23Igy0_AAAR [/]
2025-02-05 16:33:30,110 - INFO - emitting event "queue_status" to xjmrZDRTl23Igy0_AAAR [/]
2025-02-05 16:33:30,112 - INFO - MNImrt4NoloSf2y9AAAQ: Sending packet MESSAGE data 2["queue_status",{"inQueue":false,"playersInQueue":0,"queue":[]}]
2025-02-05 16:33:30,115 - INFO - MNImrt4NoloSf2y9AAAQ: Received packet MESSAGE data 2["authenticate",{"username":"neil","token":"eyJhbGciOiJIUzI1NiIsInR5cCI6IkpXVCJ9.eyJmcmVzaCI6ZmFsc2UsImlhdCI6MTczODc2NzY3NiwianRpIjoiNTVlYTBhODctY2NlMi00NjRkLTg0ZmQtNjI4NjE2ZDJlZjkwIiwidHlwZSI6ImFjY2VzcyIsInN1YiI6Im5laWwiLCJuYmYiOjE3Mzg3Njc2NzYsImNzcmYiOiJkN2YwM2M3Mi00YWZhLTQ1YmUtYTVmOS0yYTkxZmJiNzBjZWMiLCJleHAiOjE3Mzg3Njg1NzZ9.arBQRbZt9DPEfMpVEOGSdgW_8hSDvLLArynbIzOODH4"}]
2025-02-05 16:33:30,116 - INFO - received event "authenticate" from xjmrZDRTl23Igy0_AAAR [/]
2025-02-05 16:33:30,116 - INFO - MNImrt4NoloSf2y9AAAQ: Received packet MESSAGE data 2["get-queue-status",{"username":"neil"}]
2025-02-05 16:33:30,118 - INFO - received event "get-queue-status" from xjmrZDRTl23Igy0_AAAR [/]
2025-02-05 16:33:30,120 - INFO - emitting event "queue_status" to xjmrZDRTl23Igy0_AAAR [/]
2025-02-05 16:33:30,120 - INFO - MNImrt4NoloSf2y9AAAQ: Sending packet MESSAGE data 2["queue_status",{"inQueue":false,"playersInQueue":0,"queue":[]}]
2025-02-05 16:33:30,122 - INFO - Authentication attempt for neil, xjmrZDRTl23Igy0_AAAR
2025-02-05 16:33:30,123 - INFO - emitting event "queue_status" to xjmrZDRTl23Igy0_AAAR [/]
2025-02-05 16:33:30,123 - INFO - MNImrt4NoloSf2y9AAAQ: Sending packet MESSAGE data 2["queue_status",{"inQueue":false,"playersInQueue":0,"queue":[]}]
2025-02-05 16:33:30,123 - INFO - Authentication successful for neil
2025-02-05 16:33:30,133 - INFO - XG2z42X92GP9wFM4AAAO: Received request to upgrade to websocket
2025-02-05 16:33:30,139 - INFO - XG2z42X92GP9wFM4AAAO: Upgrade to websocket successful
2025-02-05 16:33:30,172 - INFO - MNImrt4NoloSf2y9AAAQ: Received request to upgrade to websocket
2025-02-05 16:33:30,178 - INFO - MNImrt4NoloSf2y9AAAQ: Upgrade to websocket successful
2025-02-05 16:35:20,344 - INFO - Client disconnected: l48cXX1-nFjlHvT9AAAP (Reason: transport close)
2025-02-05 16:35:20,347 - INFO - User sam disconnected
2025-02-05 16:35:20,359 - INFO - Client disconnected: xjmrZDRTl23Igy0_AAAR (Reason: transport close)
2025-02-05 16:35:20,361 - INFO - User neil disconnected
2025-02-05 16:35:20,603 - INFO - ZQGoQFcvFbab1LooAAAS: Sending packet OPEN data {'sid': 'ZQGoQFcvFbab1LooAAAS', 'upgrades': ['websocket'], 'pingTimeout': 5000000, 'pingInterval': 25000000, 'maxPayload': 1000000}
2025-02-05 16:35:20,637 - INFO - ZQGoQFcvFbab1LooAAAS: Received packet MESSAGE data 0
2025-02-05 16:35:20,643 - INFO - New connection attempt from SID: a4rpPxLgXty-wJ18AAAT
2025-02-05 16:35:20,643 - INFO - Auth data received: {}
2025-02-05 16:35:20,646 - INFO - Awaiting authentication...
2025-02-05 16:35:20,646 - INFO - ZQGoQFcvFbab1LooAAAS: Sending packet MESSAGE data 0{"sid":"a4rpPxLgXty-wJ18AAAT"}
2025-02-05 16:35:20,672 - INFO - ZQGoQFcvFbab1LooAAAS: Received packet MESSAGE data 2["get-queue-status",{"username":"sam"}]
2025-02-05 16:35:20,672 - INFO - received event "get-queue-status" from a4rpPxLgXty-wJ18AAAT [/]
2025-02-05 16:35:20,674 - INFO - emitting event "queue_status" to a4rpPxLgXty-wJ18AAAT [/]
2025-02-05 16:35:20,676 - INFO - ZQGoQFcvFbab1LooAAAS: Sending packet MESSAGE data 2["queue_status",{"inQueue":false,"playersInQueue":0,"queue":[]}]
2025-02-05 16:35:20,687 - INFO - ZQGoQFcvFbab1LooAAAS: Received packet MESSAGE data 2["authenticate",{"username":"sam","token":"eyJhbGciOiJIUzI1NiIsInR5cCI6IkpXVCJ9.eyJmcmVzaCI6ZmFsc2UsImlhdCI6MTczODc2NzcwMCwianRpIjoiY2ZiMTIxOGUtNmU1NC00MjFjLTg4N2EtYTYyYzY0MGQzNzk1IiwidHlwZSI6ImFjY2VzcyIsInN1YiI6InNhbSIsIm5iZiI6MTczODc2NzcwMCwiY3NyZiI6ImEyZmE0NjI3LWQyNjUtNDdjYS05NjkyLTcyNmQ4YmVkOTFhYiIsImV4cCI6MTczODc2ODYwMH0.-6xnKExwjPT4jO4NbXuNa-xZOtHL7VvblnDXLVujjIg"}]
2025-02-05 16:35:20,687 - INFO - received event "authenticate" from a4rpPxLgXty-wJ18AAAT [/]
2025-02-05 16:35:20,689 - INFO - ZQGoQFcvFbab1LooAAAS: Received packet MESSAGE data 2["get-queue-status",{"username":"sam"}]
2025-02-05 16:35:20,689 - INFO - received event "get-queue-status" from a4rpPxLgXty-wJ18AAAT [/]
2025-02-05 16:35:20,691 - INFO - Authentication attempt for sam, a4rpPxLgXty-wJ18AAAT
2025-02-05 16:35:20,693 - INFO - emitting event "queue_status" to a4rpPxLgXty-wJ18AAAT [/]
2025-02-05 16:35:20,693 - INFO - ZQGoQFcvFbab1LooAAAS: Sending packet MESSAGE data 2["queue_status",{"inQueue":false,"playersInQueue":0,"queue":[]}]
2025-02-05 16:35:20,693 - INFO - Authentication successful for sam
2025-02-05 16:35:20,695 - INFO - emitting event "queue_status" to a4rpPxLgXty-wJ18AAAT [/]
2025-02-05 16:35:20,697 - INFO - ZQGoQFcvFbab1LooAAAS: Sending packet MESSAGE data 2["queue_status",{"inQueue":false,"playersInQueue":0,"queue":[]}]
2025-02-05 16:35:20,697 - INFO - dd1KSVIIYSboM0DgAAAU: Sending packet OPEN data {'sid': 'dd1KSVIIYSboM0DgAAAU', 'upgrades': ['websocket'], 'pingTimeout': 5000000, 'pingInterval': 25000000, 'maxPayload': 1000000}
2025-02-05 16:35:20,744 - INFO - dd1KSVIIYSboM0DgAAAU: Received packet MESSAGE data 0
2025-02-05 16:35:20,747 - INFO - New connection attempt from SID: IgV4THm_tnBmMXu1AAAV
2025-02-05 16:35:20,747 - INFO - Auth data received: {}
2025-02-05 16:35:20,749 - INFO - Awaiting authentication...
2025-02-05 16:35:20,751 - INFO - dd1KSVIIYSboM0DgAAAU: Sending packet MESSAGE data 0{"sid":"IgV4THm_tnBmMXu1AAAV"}
2025-02-05 16:35:20,775 - INFO - dd1KSVIIYSboM0DgAAAU: Received packet MESSAGE data 2["get-queue-status",{"username":"neil"}]
2025-02-05 16:35:20,776 - INFO - received event "get-queue-status" from IgV4THm_tnBmMXu1AAAV [/]
2025-02-05 16:35:20,778 - INFO - emitting event "queue_status" to IgV4THm_tnBmMXu1AAAV [/]
2025-02-05 16:35:20,781 - INFO - dd1KSVIIYSboM0DgAAAU: Sending packet MESSAGE data 2["queue_status",{"inQueue":false,"playersInQueue":0,"queue":[]}]
2025-02-05 16:35:20,812 - INFO - dd1KSVIIYSboM0DgAAAU: Received packet MESSAGE data 2["authenticate",{"username":"neil","token":"eyJhbGciOiJIUzI1NiIsInR5cCI6IkpXVCJ9.eyJmcmVzaCI6ZmFsc2UsImlhdCI6MTczODc2NzY3NiwianRpIjoiNTVlYTBhODctY2NlMi00NjRkLTg0ZmQtNjI4NjE2ZDJlZjkwIiwidHlwZSI6ImFjY2VzcyIsInN1YiI6Im5laWwiLCJuYmYiOjE3Mzg3Njc2NzYsImNzcmYiOiJkN2YwM2M3Mi00YWZhLTQ1YmUtYTVmOS0yYTkxZmJiNzBjZWMiLCJleHAiOjE3Mzg3Njg1NzZ9.arBQRbZt9DPEfMpVEOGSdgW_8hSDvLLArynbIzOODH4"}]
2025-02-05 16:35:20,812 - INFO - received event "authenticate" from IgV4THm_tnBmMXu1AAAV [/]
2025-02-05 16:35:20,814 - INFO - dd1KSVIIYSboM0DgAAAU: Received packet MESSAGE data 2["get-queue-status",{"username":"neil"}]
2025-02-05 16:35:20,814 - INFO - received event "get-queue-status" from IgV4THm_tnBmMXu1AAAV [/]
2025-02-05 16:35:20,818 - INFO - Authentication attempt for neil, IgV4THm_tnBmMXu1AAAV
2025-02-05 16:35:20,820 - INFO - emitting event "queue_status" to IgV4THm_tnBmMXu1AAAV [/]
2025-02-05 16:35:20,820 - INFO - dd1KSVIIYSboM0DgAAAU: Sending packet MESSAGE data 2["queue_status",{"inQueue":false,"playersInQueue":0,"queue":[]}]
2025-02-05 16:35:20,820 - INFO - Authentication successful for neil
2025-02-05 16:35:20,823 - INFO - emitting event "queue_status" to IgV4THm_tnBmMXu1AAAV [/]
2025-02-05 16:35:20,824 - INFO - dd1KSVIIYSboM0DgAAAU: Sending packet MESSAGE data 2["queue_status",{"inQueue":false,"playersInQueue":0,"queue":[]}]
2025-02-05 16:35:20,959 - INFO - ZQGoQFcvFbab1LooAAAS: Received request to upgrade to websocket
2025-02-05 16:35:20,972 - INFO - ZQGoQFcvFbab1LooAAAS: Upgrade to websocket successful
2025-02-05 16:35:21,068 - INFO - dd1KSVIIYSboM0DgAAAU: Received request to upgrade to websocket
2025-02-05 16:35:21,076 - INFO - dd1KSVIIYSboM0DgAAAU: Upgrade to websocket successful
2025-02-05 16:35:49,324 - INFO - Client disconnected: a4rpPxLgXty-wJ18AAAT (Reason: transport close)
2025-02-05 16:35:49,327 - INFO - User sam disconnected
2025-02-05 16:35:49,347 - INFO - Client disconnected: IgV4THm_tnBmMXu1AAAV (Reason: transport close)
2025-02-05 16:35:49,349 - INFO - User neil disconnected
2025-02-05 16:35:49,531 - INFO - -XlRRUi4BBWjuOVbAAAW: Sending packet OPEN data {'sid': '-XlRRUi4BBWjuOVbAAAW', 'upgrades': ['websocket'], 'pingTimeout': 5000000, 'pingInterval': 25000000, 'maxPayload': 1000000}
2025-02-05 16:35:49,578 - INFO - -XlRRUi4BBWjuOVbAAAW: Received packet MESSAGE data 0
2025-02-05 16:35:49,581 - INFO - New connection attempt from SID: 8m94xhiPYJUglAUMAAAX
2025-02-05 16:35:49,581 - INFO - Auth data received: {}
2025-02-05 16:35:49,583 - INFO - Awaiting authentication...
2025-02-05 16:35:49,583 - INFO - -XlRRUi4BBWjuOVbAAAW: Sending packet MESSAGE data 0{"sid":"8m94xhiPYJUglAUMAAAX"}
2025-02-05 16:35:49,594 - INFO - k77nt7viOw-wa3NFAAAY: Sending packet OPEN data {'sid': 'k77nt7viOw-wa3NFAAAY', 'upgrades': ['websocket'], 'pingTimeout': 5000000, 'pingInterval': 25000000, 'maxPayload': 1000000}
2025-02-05 16:35:49,613 - INFO - -XlRRUi4BBWjuOVbAAAW: Received packet MESSAGE data 2["get-queue-status",{"username":"sam"}]
2025-02-05 16:35:49,615 - INFO - received event "get-queue-status" from 8m94xhiPYJUglAUMAAAX [/]
2025-02-05 16:35:49,615 - INFO - emitting event "queue_status" to 8m94xhiPYJUglAUMAAAX [/]
2025-02-05 16:35:49,618 - INFO - -XlRRUi4BBWjuOVbAAAW: Sending packet MESSAGE data 2["queue_status",{"inQueue":false,"playersInQueue":0,"queue":[]}]
2025-02-05 16:35:49,622 - INFO - -XlRRUi4BBWjuOVbAAAW: Received packet MESSAGE data 2["authenticate",{"username":"sam","token":"eyJhbGciOiJIUzI1NiIsInR5cCI6IkpXVCJ9.eyJmcmVzaCI6ZmFsc2UsImlhdCI6MTczODc2NzcwMCwianRpIjoiY2ZiMTIxOGUtNmU1NC00MjFjLTg4N2EtYTYyYzY0MGQzNzk1IiwidHlwZSI6ImFjY2VzcyIsInN1YiI6InNhbSIsIm5iZiI6MTczODc2NzcwMCwiY3NyZiI6ImEyZmE0NjI3LWQyNjUtNDdjYS05NjkyLTcyNmQ4YmVkOTFhYiIsImV4cCI6MTczODc2ODYwMH0.-6xnKExwjPT4jO4NbXuNa-xZOtHL7VvblnDXLVujjIg"}]
2025-02-05 16:35:49,626 - INFO - received event "authenticate" from 8m94xhiPYJUglAUMAAAX [/]
2025-02-05 16:35:49,626 - INFO - -XlRRUi4BBWjuOVbAAAW: Received packet MESSAGE data 2["get-queue-status",{"username":"sam"}]
2025-02-05 16:35:49,626 - INFO - received event "get-queue-status" from 8m94xhiPYJUglAUMAAAX [/]
2025-02-05 16:35:49,629 - INFO - emitting event "queue_status" to 8m94xhiPYJUglAUMAAAX [/]
2025-02-05 16:35:49,629 - INFO - -XlRRUi4BBWjuOVbAAAW: Sending packet MESSAGE data 2["queue_status",{"inQueue":false,"playersInQueue":0,"queue":[]}]
2025-02-05 16:35:49,632 - INFO - Authentication attempt for sam, 8m94xhiPYJUglAUMAAAX
2025-02-05 16:35:49,632 - INFO - emitting event "queue_status" to 8m94xhiPYJUglAUMAAAX [/]
2025-02-05 16:35:49,632 - INFO - -XlRRUi4BBWjuOVbAAAW: Sending packet MESSAGE data 2["queue_status",{"inQueue":false,"playersInQueue":0,"queue":[]}]
2025-02-05 16:35:49,634 - INFO - Authentication successful for sam
2025-02-05 16:35:49,657 - INFO - k77nt7viOw-wa3NFAAAY: Received packet MESSAGE data 0
2025-02-05 16:35:49,659 - INFO - New connection attempt from SID: LLjuhysqdWraxv56AAAZ
2025-02-05 16:35:49,659 - INFO - Auth data received: {}
2025-02-05 16:35:49,659 - INFO - Awaiting authentication...
2025-02-05 16:35:49,659 - INFO - k77nt7viOw-wa3NFAAAY: Sending packet MESSAGE data 0{"sid":"LLjuhysqdWraxv56AAAZ"}
2025-02-05 16:35:49,683 - INFO - k77nt7viOw-wa3NFAAAY: Received packet MESSAGE data 2["get-queue-status",{"username":"neil"}]
2025-02-05 16:35:49,686 - INFO - received event "get-queue-status" from LLjuhysqdWraxv56AAAZ [/]
2025-02-05 16:35:49,690 - INFO - emitting event "queue_status" to LLjuhysqdWraxv56AAAZ [/]
2025-02-05 16:35:49,690 - INFO - k77nt7viOw-wa3NFAAAY: Sending packet MESSAGE data 2["queue_status",{"inQueue":false,"playersInQueue":0,"queue":[]}]
2025-02-05 16:35:49,695 - INFO - k77nt7viOw-wa3NFAAAY: Received packet MESSAGE data 2["authenticate",{"username":"neil","token":"eyJhbGciOiJIUzI1NiIsInR5cCI6IkpXVCJ9.eyJmcmVzaCI6ZmFsc2UsImlhdCI6MTczODc2NzY3NiwianRpIjoiNTVlYTBhODctY2NlMi00NjRkLTg0ZmQtNjI4NjE2ZDJlZjkwIiwidHlwZSI6ImFjY2VzcyIsInN1YiI6Im5laWwiLCJuYmYiOjE3Mzg3Njc2NzYsImNzcmYiOiJkN2YwM2M3Mi00YWZhLTQ1YmUtYTVmOS0yYTkxZmJiNzBjZWMiLCJleHAiOjE3Mzg3Njg1NzZ9.arBQRbZt9DPEfMpVEOGSdgW_8hSDvLLArynbIzOODH4"}]
2025-02-05 16:35:49,697 - INFO - received event "authenticate" from LLjuhysqdWraxv56AAAZ [/]
2025-02-05 16:35:49,697 - INFO - k77nt7viOw-wa3NFAAAY: Received packet MESSAGE data 2["get-queue-status",{"username":"neil"}]
2025-02-05 16:35:49,699 - INFO - received event "get-queue-status" from LLjuhysqdWraxv56AAAZ [/]
2025-02-05 16:35:49,699 - INFO - Authentication attempt for neil, LLjuhysqdWraxv56AAAZ
2025-02-05 16:35:49,699 - INFO - emitting event "queue_status" to LLjuhysqdWraxv56AAAZ [/]
2025-02-05 16:35:49,702 - INFO - k77nt7viOw-wa3NFAAAY: Sending packet MESSAGE data 2["queue_status",{"inQueue":false,"playersInQueue":0,"queue":[]}]
2025-02-05 16:35:49,703 - INFO - Authentication successful for neil
2025-02-05 16:35:49,705 - INFO - emitting event "queue_status" to LLjuhysqdWraxv56AAAZ [/]
2025-02-05 16:35:49,705 - INFO - k77nt7viOw-wa3NFAAAY: Sending packet MESSAGE data 2["queue_status",{"inQueue":false,"playersInQueue":0,"queue":[]}]
2025-02-05 16:35:49,890 - INFO - -XlRRUi4BBWjuOVbAAAW: Received request to upgrade to websocket
2025-02-05 16:35:49,904 - INFO - -XlRRUi4BBWjuOVbAAAW: Upgrade to websocket successful
2025-02-05 16:35:50,000 - INFO - k77nt7viOw-wa3NFAAAY: Received request to upgrade to websocket
2025-02-05 16:35:50,011 - INFO - k77nt7viOw-wa3NFAAAY: Upgrade to websocket successful
2025-02-05 16:35:50,326 - INFO - Client disconnected: LLjuhysqdWraxv56AAAZ (Reason: transport close)
2025-02-05 16:35:50,326 - INFO - User neil disconnected
2025-02-05 16:35:50,351 - INFO - Client disconnected: 8m94xhiPYJUglAUMAAAX (Reason: transport close)
2025-02-05 16:35:50,351 - INFO - User sam disconnected
2025-02-05 16:35:50,468 - INFO - MLoZUvlfzLzS9UVLAAAa: Sending packet OPEN data {'sid': 'MLoZUvlfzLzS9UVLAAAa', 'upgrades': ['websocket'], 'pingTimeout': 5000000, 'pingInterval': 25000000, 'maxPayload': 1000000}
2025-02-05 16:35:50,490 - INFO - MLoZUvlfzLzS9UVLAAAa: Received packet MESSAGE data 0
2025-02-05 16:35:50,494 - INFO - New connection attempt from SID: Y9F_XKewgGZYRfLBAAAb
2025-02-05 16:35:50,495 - INFO - Auth data received: {}
2025-02-05 16:35:50,495 - INFO - Awaiting authentication...
2025-02-05 16:35:50,495 - INFO - MLoZUvlfzLzS9UVLAAAa: Sending packet MESSAGE data 0{"sid":"Y9F_XKewgGZYRfLBAAAb"}
2025-02-05 16:35:50,513 - INFO - MLoZUvlfzLzS9UVLAAAa: Received packet MESSAGE data 2["get-queue-status",{"username":"sam"}]
2025-02-05 16:35:50,515 - INFO - received event "get-queue-status" from Y9F_XKewgGZYRfLBAAAb [/]
2025-02-05 16:35:50,516 - INFO - emitting event "queue_status" to Y9F_XKewgGZYRfLBAAAb [/]
2025-02-05 16:35:50,519 - INFO - MLoZUvlfzLzS9UVLAAAa: Sending packet MESSAGE data 2["queue_status",{"inQueue":false,"playersInQueue":0,"queue":[]}]
2025-02-05 16:35:50,536 - INFO - 0bSZmGcsx8YNzBd2AAAc: Sending packet OPEN data {'sid': '0bSZmGcsx8YNzBd2AAAc', 'upgrades': ['websocket'], 'pingTimeout': 5000000, 'pingInterval': 25000000, 'maxPayload': 1000000}
2025-02-05 16:35:50,538 - INFO - MLoZUvlfzLzS9UVLAAAa: Received packet MESSAGE data 2["authenticate",{"username":"sam","token":"eyJhbGciOiJIUzI1NiIsInR5cCI6IkpXVCJ9.eyJmcmVzaCI6ZmFsc2UsImlhdCI6MTczODc2NzcwMCwianRpIjoiY2ZiMTIxOGUtNmU1NC00MjFjLTg4N2EtYTYyYzY0MGQzNzk1IiwidHlwZSI6ImFjY2VzcyIsInN1YiI6InNhbSIsIm5iZiI6MTczODc2NzcwMCwiY3NyZiI6ImEyZmE0NjI3LWQyNjUtNDdjYS05NjkyLTcyNmQ4YmVkOTFhYiIsImV4cCI6MTczODc2ODYwMH0.-6xnKExwjPT4jO4NbXuNa-xZOtHL7VvblnDXLVujjIg"}]
2025-02-05 16:35:50,540 - INFO - received event "authenticate" from Y9F_XKewgGZYRfLBAAAb [/]
2025-02-05 16:35:50,540 - INFO - MLoZUvlfzLzS9UVLAAAa: Received packet MESSAGE data 2["get-queue-status",{"username":"sam"}]
2025-02-05 16:35:50,540 - INFO - received event "get-queue-status" from Y9F_XKewgGZYRfLBAAAb [/]
2025-02-05 16:35:50,542 - INFO - emitting event "queue_status" to Y9F_XKewgGZYRfLBAAAb [/]
2025-02-05 16:35:50,544 - INFO - MLoZUvlfzLzS9UVLAAAa: Sending packet MESSAGE data 2["queue_status",{"inQueue":false,"playersInQueue":0,"queue":[]}]
2025-02-05 16:35:50,545 - INFO - Authentication attempt for sam, Y9F_XKewgGZYRfLBAAAb
2025-02-05 16:35:50,545 - INFO - emitting event "queue_status" to Y9F_XKewgGZYRfLBAAAb [/]
2025-02-05 16:35:50,545 - INFO - MLoZUvlfzLzS9UVLAAAa: Sending packet MESSAGE data 2["queue_status",{"inQueue":false,"playersInQueue":0,"queue":[]}]
2025-02-05 16:35:50,547 - INFO - Authentication successful for sam
2025-02-05 16:35:50,578 - INFO - 0bSZmGcsx8YNzBd2AAAc: Received packet MESSAGE data 0
2025-02-05 16:35:50,580 - INFO - New connection attempt from SID: nJsKUxdyaFuHG4qpAAAd
2025-02-05 16:35:50,580 - INFO - Auth data received: {}
2025-02-05 16:35:50,580 - INFO - Awaiting authentication...
2025-02-05 16:35:50,580 - INFO - 0bSZmGcsx8YNzBd2AAAc: Sending packet MESSAGE data 0{"sid":"nJsKUxdyaFuHG4qpAAAd"}
2025-02-05 16:35:50,588 - INFO - 0bSZmGcsx8YNzBd2AAAc: Received packet MESSAGE data 2["get-queue-status",{"username":"neil"}]
2025-02-05 16:35:50,588 - INFO - received event "get-queue-status" from nJsKUxdyaFuHG4qpAAAd [/]
2025-02-05 16:35:50,588 - INFO - emitting event "queue_status" to nJsKUxdyaFuHG4qpAAAd [/]
2025-02-05 16:35:50,588 - INFO - 0bSZmGcsx8YNzBd2AAAc: Sending packet MESSAGE data 2["queue_status",{"inQueue":false,"playersInQueue":0,"queue":[]}]
2025-02-05 16:35:50,598 - INFO - 0bSZmGcsx8YNzBd2AAAc: Received packet MESSAGE data 2["authenticate",{"username":"neil","token":"eyJhbGciOiJIUzI1NiIsInR5cCI6IkpXVCJ9.eyJmcmVzaCI6ZmFsc2UsImlhdCI6MTczODc2NzY3NiwianRpIjoiNTVlYTBhODctY2NlMi00NjRkLTg0ZmQtNjI4NjE2ZDJlZjkwIiwidHlwZSI6ImFjY2VzcyIsInN1YiI6Im5laWwiLCJuYmYiOjE3Mzg3Njc2NzYsImNzcmYiOiJkN2YwM2M3Mi00YWZhLTQ1YmUtYTVmOS0yYTkxZmJiNzBjZWMiLCJleHAiOjE3Mzg3Njg1NzZ9.arBQRbZt9DPEfMpVEOGSdgW_8hSDvLLArynbIzOODH4"}]
2025-02-05 16:35:50,598 - INFO - received event "authenticate" from nJsKUxdyaFuHG4qpAAAd [/]
2025-02-05 16:35:50,600 - INFO - 0bSZmGcsx8YNzBd2AAAc: Received packet MESSAGE data 2["get-queue-status",{"username":"neil"}]
2025-02-05 16:35:50,600 - INFO - received event "get-queue-status" from nJsKUxdyaFuHG4qpAAAd [/]
2025-02-05 16:35:50,602 - INFO - Authentication attempt for neil, nJsKUxdyaFuHG4qpAAAd
2025-02-05 16:35:50,602 - INFO - emitting event "queue_status" to nJsKUxdyaFuHG4qpAAAd [/]
2025-02-05 16:35:50,602 - INFO - 0bSZmGcsx8YNzBd2AAAc: Sending packet MESSAGE data 2["queue_status",{"inQueue":false,"playersInQueue":0,"queue":[]}]
2025-02-05 16:35:50,602 - INFO - Authentication successful for neil
2025-02-05 16:35:50,605 - INFO - emitting event "queue_status" to nJsKUxdyaFuHG4qpAAAd [/]
2025-02-05 16:35:50,605 - INFO - 0bSZmGcsx8YNzBd2AAAc: Sending packet MESSAGE data 2["queue_status",{"inQueue":false,"playersInQueue":0,"queue":[]}]
2025-02-05 16:35:50,801 - INFO - MLoZUvlfzLzS9UVLAAAa: Received request to upgrade to websocket
2025-02-05 16:35:50,810 - INFO - MLoZUvlfzLzS9UVLAAAa: Upgrade to websocket successful
2025-02-05 16:35:50,890 - INFO - 0bSZmGcsx8YNzBd2AAAc: Received request to upgrade to websocket
2025-02-05 16:35:50,890 - INFO - 0bSZmGcsx8YNzBd2AAAc: Upgrade to websocket successful
2025-02-05 16:35:57,330 - INFO - Client disconnected: Y9F_XKewgGZYRfLBAAAb (Reason: transport close)
2025-02-05 16:35:57,330 - INFO - User sam disconnected
2025-02-05 16:35:57,348 - INFO - Client disconnected: nJsKUxdyaFuHG4qpAAAd (Reason: transport close)
2025-02-05 16:35:57,352 - INFO - User neil disconnected
2025-02-05 16:35:57,527 - INFO - ta7gjiGYed0P5N9LAAAe: Sending packet OPEN data {'sid': 'ta7gjiGYed0P5N9LAAAe', 'upgrades': ['websocket'], 'pingTimeout': 5000000, 'pingInterval': 25000000, 'maxPayload': 1000000}
2025-02-05 16:35:57,541 - INFO - 1gkh7NJYkLwXqaXCAAAf: Sending packet OPEN data {'sid': '1gkh7NJYkLwXqaXCAAAf', 'upgrades': ['websocket'], 'pingTimeout': 5000000, 'pingInterval': 25000000, 'maxPayload': 1000000}
2025-02-05 16:35:57,563 - INFO - 1gkh7NJYkLwXqaXCAAAf: Received packet MESSAGE data 0
2025-02-05 16:35:57,565 - INFO - New connection attempt from SID: A0fCQbZLYCsxGs_7AAAg
2025-02-05 16:35:57,566 - INFO - Auth data received: {}
2025-02-05 16:35:57,566 - INFO - Awaiting authentication...
2025-02-05 16:35:57,567 - INFO - 1gkh7NJYkLwXqaXCAAAf: Sending packet MESSAGE data 0{"sid":"A0fCQbZLYCsxGs_7AAAg"}
2025-02-05 16:35:57,571 - INFO - ta7gjiGYed0P5N9LAAAe: Received packet MESSAGE data 0
2025-02-05 16:35:57,573 - INFO - New connection attempt from SID: 9WE7kVIXRS_qp_WfAAAh
2025-02-05 16:35:57,573 - INFO - Auth data received: {}
2025-02-05 16:35:57,573 - INFO - Awaiting authentication...
2025-02-05 16:35:57,573 - INFO - ta7gjiGYed0P5N9LAAAe: Sending packet MESSAGE data 0{"sid":"9WE7kVIXRS_qp_WfAAAh"}
2025-02-05 16:35:57,586 - INFO - 1gkh7NJYkLwXqaXCAAAf: Received packet MESSAGE data 2["get-queue-status",{"username":"neil"}]
2025-02-05 16:35:57,586 - INFO - received event "get-queue-status" from A0fCQbZLYCsxGs_7AAAg [/]
2025-02-05 16:35:57,589 - INFO - emitting event "queue_status" to A0fCQbZLYCsxGs_7AAAg [/]
2025-02-05 16:35:57,589 - INFO - 1gkh7NJYkLwXqaXCAAAf: Sending packet MESSAGE data 2["queue_status",{"inQueue":false,"playersInQueue":0,"queue":[]}]
2025-02-05 16:35:57,593 - INFO - ta7gjiGYed0P5N9LAAAe: Received packet MESSAGE data 2["get-queue-status",{"username":"sam"}]
2025-02-05 16:35:57,593 - INFO - received event "get-queue-status" from 9WE7kVIXRS_qp_WfAAAh [/]
2025-02-05 16:35:57,597 - INFO - emitting event "queue_status" to 9WE7kVIXRS_qp_WfAAAh [/]
2025-02-05 16:35:57,597 - INFO - ta7gjiGYed0P5N9LAAAe: Sending packet MESSAGE data 2["queue_status",{"inQueue":false,"playersInQueue":0,"queue":[]}]
2025-02-05 16:35:57,603 - INFO - 1gkh7NJYkLwXqaXCAAAf: Received packet MESSAGE data 2["authenticate",{"username":"neil","token":"eyJhbGciOiJIUzI1NiIsInR5cCI6IkpXVCJ9.eyJmcmVzaCI6ZmFsc2UsImlhdCI6MTczODc2NzY3NiwianRpIjoiNTVlYTBhODctY2NlMi00NjRkLTg0ZmQtNjI4NjE2ZDJlZjkwIiwidHlwZSI6ImFjY2VzcyIsInN1YiI6Im5laWwiLCJuYmYiOjE3Mzg3Njc2NzYsImNzcmYiOiJkN2YwM2M3Mi00YWZhLTQ1YmUtYTVmOS0yYTkxZmJiNzBjZWMiLCJleHAiOjE3Mzg3Njg1NzZ9.arBQRbZt9DPEfMpVEOGSdgW_8hSDvLLArynbIzOODH4"}]
2025-02-05 16:35:57,605 - INFO - received event "authenticate" from A0fCQbZLYCsxGs_7AAAg [/]
2025-02-05 16:35:57,605 - INFO - 1gkh7NJYkLwXqaXCAAAf: Received packet MESSAGE data 2["get-queue-status",{"username":"neil"}]
2025-02-05 16:35:57,605 - INFO - received event "get-queue-status" from A0fCQbZLYCsxGs_7AAAg [/]
2025-02-05 16:35:57,605 - INFO - emitting event "queue_status" to A0fCQbZLYCsxGs_7AAAg [/]
2025-02-05 16:35:57,605 - INFO - 1gkh7NJYkLwXqaXCAAAf: Sending packet MESSAGE data 2["queue_status",{"inQueue":false,"playersInQueue":0,"queue":[]}]
2025-02-05 16:35:57,611 - INFO - Authentication attempt for neil, A0fCQbZLYCsxGs_7AAAg
2025-02-05 16:35:57,611 - INFO - emitting event "queue_status" to A0fCQbZLYCsxGs_7AAAg [/]
2025-02-05 16:35:57,613 - INFO - 1gkh7NJYkLwXqaXCAAAf: Sending packet MESSAGE data 2["queue_status",{"inQueue":false,"playersInQueue":0,"queue":[]}]
2025-02-05 16:35:57,613 - INFO - Authentication successful for neil
2025-02-05 16:35:57,616 - INFO - ta7gjiGYed0P5N9LAAAe: Received packet MESSAGE data 2["authenticate",{"username":"sam","token":"eyJhbGciOiJIUzI1NiIsInR5cCI6IkpXVCJ9.eyJmcmVzaCI6ZmFsc2UsImlhdCI6MTczODc2NzcwMCwianRpIjoiY2ZiMTIxOGUtNmU1NC00MjFjLTg4N2EtYTYyYzY0MGQzNzk1IiwidHlwZSI6ImFjY2VzcyIsInN1YiI6InNhbSIsIm5iZiI6MTczODc2NzcwMCwiY3NyZiI6ImEyZmE0NjI3LWQyNjUtNDdjYS05NjkyLTcyNmQ4YmVkOTFhYiIsImV4cCI6MTczODc2ODYwMH0.-6xnKExwjPT4jO4NbXuNa-xZOtHL7VvblnDXLVujjIg"}]
2025-02-05 16:35:57,616 - INFO - received event "authenticate" from 9WE7kVIXRS_qp_WfAAAh [/]
2025-02-05 16:35:57,616 - INFO - ta7gjiGYed0P5N9LAAAe: Received packet MESSAGE data 2["get-queue-status",{"username":"sam"}]
2025-02-05 16:35:57,616 - INFO - received event "get-queue-status" from 9WE7kVIXRS_qp_WfAAAh [/]
2025-02-05 16:35:57,622 - INFO - emitting event "queue_status" to 9WE7kVIXRS_qp_WfAAAh [/]
2025-02-05 16:35:57,623 - INFO - ta7gjiGYed0P5N9LAAAe: Sending packet MESSAGE data 2["queue_status",{"inQueue":false,"playersInQueue":0,"queue":[]}]
2025-02-05 16:35:57,625 - INFO - Authentication attempt for sam, 9WE7kVIXRS_qp_WfAAAh
2025-02-05 16:35:57,625 - INFO - emitting event "queue_status" to 9WE7kVIXRS_qp_WfAAAh [/]
2025-02-05 16:35:57,627 - INFO - ta7gjiGYed0P5N9LAAAe: Sending packet MESSAGE data 2["queue_status",{"inQueue":false,"playersInQueue":0,"queue":[]}]
2025-02-05 16:35:57,627 - INFO - Authentication successful for sam
2025-02-05 16:35:57,878 - INFO - ta7gjiGYed0P5N9LAAAe: Received request to upgrade to websocket
2025-02-05 16:35:57,888 - INFO - ta7gjiGYed0P5N9LAAAe: Upgrade to websocket successful
2025-02-05 16:35:57,904 - INFO - 1gkh7NJYkLwXqaXCAAAf: Received request to upgrade to websocket
2025-02-05 16:35:57,911 - INFO - 1gkh7NJYkLwXqaXCAAAf: Upgrade to websocket successful
2025-02-05 16:36:07,317 - INFO - Client disconnected: 9WE7kVIXRS_qp_WfAAAh (Reason: transport close)
2025-02-05 16:36:07,319 - INFO - User sam disconnected
2025-02-05 16:36:07,347 - INFO - Client disconnected: A0fCQbZLYCsxGs_7AAAg (Reason: transport close)
2025-02-05 16:36:07,349 - INFO - User neil disconnected
2025-02-05 16:36:07,482 - INFO - 8yP-C2WaUHtSHPOHAAAi: Sending packet OPEN data {'sid': '8yP-C2WaUHtSHPOHAAAi', 'upgrades': ['websocket'], 'pingTimeout': 5000000, 'pingInterval': 25000000, 'maxPayload': 1000000}
2025-02-05 16:36:07,499 - INFO - 30c0csJXkcwVowkwAAAj: Sending packet OPEN data {'sid': '30c0csJXkcwVowkwAAAj', 'upgrades': ['websocket'], 'pingTimeout': 5000000, 'pingInterval': 25000000, 'maxPayload': 1000000}
2025-02-05 16:36:07,523 - INFO - 8yP-C2WaUHtSHPOHAAAi: Received packet MESSAGE data 0
2025-02-05 16:36:07,523 - INFO - New connection attempt from SID: mn7ttnzEj_tUpvHHAAAk
2025-02-05 16:36:07,523 - INFO - Auth data received: {}
2025-02-05 16:36:07,526 - INFO - Awaiting authentication...
2025-02-05 16:36:07,526 - INFO - 8yP-C2WaUHtSHPOHAAAi: Sending packet MESSAGE data 0{"sid":"mn7ttnzEj_tUpvHHAAAk"}
2025-02-05 16:36:07,543 - INFO - 30c0csJXkcwVowkwAAAj: Received packet MESSAGE data 0
2025-02-05 16:36:07,545 - INFO - New connection attempt from SID: H6gGM55iVPwSkPVTAAAl
2025-02-05 16:36:07,547 - INFO - Auth data received: {}
2025-02-05 16:36:07,547 - INFO - Awaiting authentication...
2025-02-05 16:36:07,547 - INFO - 30c0csJXkcwVowkwAAAj: Sending packet MESSAGE data 0{"sid":"H6gGM55iVPwSkPVTAAAl"}
2025-02-05 16:36:07,559 - INFO - 8yP-C2WaUHtSHPOHAAAi: Received packet MESSAGE data 2["get-queue-status",{"username":"sam"}]
2025-02-05 16:36:07,559 - INFO - received event "get-queue-status" from mn7ttnzEj_tUpvHHAAAk [/]
2025-02-05 16:36:07,561 - INFO - emitting event "queue_status" to mn7ttnzEj_tUpvHHAAAk [/]
2025-02-05 16:36:07,562 - INFO - 8yP-C2WaUHtSHPOHAAAi: Sending packet MESSAGE data 2["queue_status",{"inQueue":false,"playersInQueue":0,"queue":[]}]
2025-02-05 16:36:07,562 - INFO - 30c0csJXkcwVowkwAAAj: Received packet MESSAGE data 2["get-queue-status",{"username":"neil"}]
2025-02-05 16:36:07,562 - INFO - received event "get-queue-status" from H6gGM55iVPwSkPVTAAAl [/]
2025-02-05 16:36:07,569 - INFO - emitting event "queue_status" to H6gGM55iVPwSkPVTAAAl [/]
2025-02-05 16:36:07,569 - INFO - 30c0csJXkcwVowkwAAAj: Sending packet MESSAGE data 2["queue_status",{"inQueue":false,"playersInQueue":0,"queue":[]}]
2025-02-05 16:36:07,572 - INFO - 8yP-C2WaUHtSHPOHAAAi: Received packet MESSAGE data 2["authenticate",{"username":"sam","token":"eyJhbGciOiJIUzI1NiIsInR5cCI6IkpXVCJ9.eyJmcmVzaCI6ZmFsc2UsImlhdCI6MTczODc2NzcwMCwianRpIjoiY2ZiMTIxOGUtNmU1NC00MjFjLTg4N2EtYTYyYzY0MGQzNzk1IiwidHlwZSI6ImFjY2VzcyIsInN1YiI6InNhbSIsIm5iZiI6MTczODc2NzcwMCwiY3NyZiI6ImEyZmE0NjI3LWQyNjUtNDdjYS05NjkyLTcyNmQ4YmVkOTFhYiIsImV4cCI6MTczODc2ODYwMH0.-6xnKExwjPT4jO4NbXuNa-xZOtHL7VvblnDXLVujjIg"}]
2025-02-05 16:36:07,572 - INFO - received event "authenticate" from mn7ttnzEj_tUpvHHAAAk [/]
2025-02-05 16:36:07,574 - INFO - 8yP-C2WaUHtSHPOHAAAi: Received packet MESSAGE data 2["get-queue-status",{"username":"sam"}]
2025-02-05 16:36:07,574 - INFO - received event "get-queue-status" from mn7ttnzEj_tUpvHHAAAk [/]
2025-02-05 16:36:07,577 - INFO - 30c0csJXkcwVowkwAAAj: Received packet MESSAGE data 2["authenticate",{"username":"neil","token":"eyJhbGciOiJIUzI1NiIsInR5cCI6IkpXVCJ9.eyJmcmVzaCI6ZmFsc2UsImlhdCI6MTczODc2NzY3NiwianRpIjoiNTVlYTBhODctY2NlMi00NjRkLTg0ZmQtNjI4NjE2ZDJlZjkwIiwidHlwZSI6ImFjY2VzcyIsInN1YiI6Im5laWwiLCJuYmYiOjE3Mzg3Njc2NzYsImNzcmYiOiJkN2YwM2M3Mi00YWZhLTQ1YmUtYTVmOS0yYTkxZmJiNzBjZWMiLCJleHAiOjE3Mzg3Njg1NzZ9.arBQRbZt9DPEfMpVEOGSdgW_8hSDvLLArynbIzOODH4"}]
2025-02-05 16:36:07,577 - INFO - received event "authenticate" from H6gGM55iVPwSkPVTAAAl [/]
2025-02-05 16:36:07,577 - INFO - 30c0csJXkcwVowkwAAAj: Received packet MESSAGE data 2["get-queue-status",{"username":"neil"}]
2025-02-05 16:36:07,579 - INFO - received event "get-queue-status" from H6gGM55iVPwSkPVTAAAl [/]
2025-02-05 16:36:07,581 - INFO - Authentication attempt for neil, H6gGM55iVPwSkPVTAAAl
2025-02-05 16:36:07,582 - INFO - emitting event "queue_status" to H6gGM55iVPwSkPVTAAAl [/]
2025-02-05 16:36:07,582 - INFO - 30c0csJXkcwVowkwAAAj: Sending packet MESSAGE data 2["queue_status",{"inQueue":false,"playersInQueue":0,"queue":[]}]
2025-02-05 16:36:07,582 - INFO - Authentication successful for neil
2025-02-05 16:36:07,582 - INFO - emitting event "queue_status" to H6gGM55iVPwSkPVTAAAl [/]
2025-02-05 16:36:07,582 - INFO - 30c0csJXkcwVowkwAAAj: Sending packet MESSAGE data 2["queue_status",{"inQueue":false,"playersInQueue":0,"queue":[]}]
2025-02-05 16:36:07,586 - INFO - Authentication attempt for sam, mn7ttnzEj_tUpvHHAAAk
2025-02-05 16:36:07,586 - INFO - emitting event "queue_status" to mn7ttnzEj_tUpvHHAAAk [/]
2025-02-05 16:36:07,586 - INFO - 8yP-C2WaUHtSHPOHAAAi: Sending packet MESSAGE data 2["queue_status",{"inQueue":false,"playersInQueue":0,"queue":[]}]
2025-02-05 16:36:07,586 - INFO - Authentication successful for sam
2025-02-05 16:36:07,589 - INFO - emitting event "queue_status" to mn7ttnzEj_tUpvHHAAAk [/]
2025-02-05 16:36:07,589 - INFO - 8yP-C2WaUHtSHPOHAAAi: Sending packet MESSAGE data 2["queue_status",{"inQueue":false,"playersInQueue":0,"queue":[]}]
2025-02-05 16:36:07,830 - INFO - 8yP-C2WaUHtSHPOHAAAi: Received request to upgrade to websocket
2025-02-05 16:36:07,835 - INFO - 8yP-C2WaUHtSHPOHAAAi: Upgrade to websocket successful
2025-02-05 16:36:07,864 - INFO - 30c0csJXkcwVowkwAAAj: Received request to upgrade to websocket
2025-02-05 16:36:07,872 - INFO - 30c0csJXkcwVowkwAAAj: Upgrade to websocket successful
2025-02-05 16:36:12,328 - INFO - Client disconnected: mn7ttnzEj_tUpvHHAAAk (Reason: transport close)
2025-02-05 16:36:12,328 - INFO - User sam disconnected
2025-02-05 16:36:12,343 - INFO - Client disconnected: H6gGM55iVPwSkPVTAAAl (Reason: transport close)
2025-02-05 16:36:12,345 - INFO - User neil disconnected
2025-02-05 16:36:12,453 - INFO - 918u0joxpJGzh9OVAAAm: Sending packet OPEN data {'sid': '918u0joxpJGzh9OVAAAm', 'upgrades': ['websocket'], 'pingTimeout': 5000000, 'pingInterval': 25000000, 'maxPayload': 1000000}
2025-02-05 16:36:12,478 - INFO - 918u0joxpJGzh9OVAAAm: Received packet MESSAGE data 0
2025-02-05 16:36:12,480 - INFO - New connection attempt from SID: 64C-OPTOoKjfD-BuAAAn
2025-02-05 16:36:12,480 - INFO - Auth data received: {}
2025-02-05 16:36:12,480 - INFO - Awaiting authentication...
2025-02-05 16:36:12,483 - INFO - 918u0joxpJGzh9OVAAAm: Sending packet MESSAGE data 0{"sid":"64C-OPTOoKjfD-BuAAAn"}
2025-02-05 16:36:12,504 - INFO - 918u0joxpJGzh9OVAAAm: Received packet MESSAGE data 2["get-queue-status",{"username":"sam"}]
2025-02-05 16:36:12,504 - INFO - received event "get-queue-status" from 64C-OPTOoKjfD-BuAAAn [/]
2025-02-05 16:36:12,504 - INFO - emitting event "queue_status" to 64C-OPTOoKjfD-BuAAAn [/]
2025-02-05 16:36:12,504 - INFO - 918u0joxpJGzh9OVAAAm: Sending packet MESSAGE data 2["queue_status",{"inQueue":false,"playersInQueue":0,"queue":[]}]
2025-02-05 16:36:12,514 - INFO - 918u0joxpJGzh9OVAAAm: Received packet MESSAGE data 2["authenticate",{"username":"sam","token":"eyJhbGciOiJIUzI1NiIsInR5cCI6IkpXVCJ9.eyJmcmVzaCI6ZmFsc2UsImlhdCI6MTczODc2NzcwMCwianRpIjoiY2ZiMTIxOGUtNmU1NC00MjFjLTg4N2EtYTYyYzY0MGQzNzk1IiwidHlwZSI6ImFjY2VzcyIsInN1YiI6InNhbSIsIm5iZiI6MTczODc2NzcwMCwiY3NyZiI6ImEyZmE0NjI3LWQyNjUtNDdjYS05NjkyLTcyNmQ4YmVkOTFhYiIsImV4cCI6MTczODc2ODYwMH0.-6xnKExwjPT4jO4NbXuNa-xZOtHL7VvblnDXLVujjIg"}]
2025-02-05 16:36:12,515 - INFO - received event "authenticate" from 64C-OPTOoKjfD-BuAAAn [/]
2025-02-05 16:36:12,515 - INFO - 918u0joxpJGzh9OVAAAm: Received packet MESSAGE data 2["get-queue-status",{"username":"sam"}]
2025-02-05 16:36:12,515 - INFO - received event "get-queue-status" from 64C-OPTOoKjfD-BuAAAn [/]
2025-02-05 16:36:12,518 - INFO - Authentication attempt for sam, 64C-OPTOoKjfD-BuAAAn
2025-02-05 16:36:12,520 - INFO - emitting event "queue_status" to 64C-OPTOoKjfD-BuAAAn [/]
2025-02-05 16:36:12,520 - INFO - 918u0joxpJGzh9OVAAAm: Sending packet MESSAGE data 2["queue_status",{"inQueue":false,"playersInQueue":0,"queue":[]}]
2025-02-05 16:36:12,522 - INFO - Authentication successful for sam
2025-02-05 16:36:12,523 - INFO - emitting event "queue_status" to 64C-OPTOoKjfD-BuAAAn [/]
2025-02-05 16:36:12,523 - INFO - 918u0joxpJGzh9OVAAAm: Sending packet MESSAGE data 2["queue_status",{"inQueue":false,"playersInQueue":0,"queue":[]}]
2025-02-05 16:36:12,565 - INFO - jUdX8g3lD4Dd_pmMAAAo: Sending packet OPEN data {'sid': 'jUdX8g3lD4Dd_pmMAAAo', 'upgrades': ['websocket'], 'pingTimeout': 5000000, 'pingInterval': 25000000, 'maxPayload': 1000000}
2025-02-05 16:36:12,584 - INFO - jUdX8g3lD4Dd_pmMAAAo: Received packet MESSAGE data 0
2025-02-05 16:36:12,585 - INFO - New connection attempt from SID: ZKFZZSuXgTrup2tnAAAp
2025-02-05 16:36:12,587 - INFO - Auth data received: {}
2025-02-05 16:36:12,587 - INFO - Awaiting authentication...
2025-02-05 16:36:12,610 - INFO - jUdX8g3lD4Dd_pmMAAAo: Sending packet MESSAGE data 0{"sid":"ZKFZZSuXgTrup2tnAAAp"}
2025-02-05 16:36:12,627 - INFO - jUdX8g3lD4Dd_pmMAAAo: Received packet MESSAGE data 2["get-queue-status",{"username":"neil"}]
2025-02-05 16:36:12,629 - INFO - received event "get-queue-status" from ZKFZZSuXgTrup2tnAAAp [/]
2025-02-05 16:36:12,629 - INFO - emitting event "queue_status" to ZKFZZSuXgTrup2tnAAAp [/]
2025-02-05 16:36:12,629 - INFO - jUdX8g3lD4Dd_pmMAAAo: Sending packet MESSAGE data 2["queue_status",{"inQueue":false,"playersInQueue":0,"queue":[]}]
2025-02-05 16:36:12,660 - INFO - jUdX8g3lD4Dd_pmMAAAo: Received packet MESSAGE data 2["authenticate",{"username":"neil","token":"eyJhbGciOiJIUzI1NiIsInR5cCI6IkpXVCJ9.eyJmcmVzaCI6ZmFsc2UsImlhdCI6MTczODc2NzY3NiwianRpIjoiNTVlYTBhODctY2NlMi00NjRkLTg0ZmQtNjI4NjE2ZDJlZjkwIiwidHlwZSI6ImFjY2VzcyIsInN1YiI6Im5laWwiLCJuYmYiOjE3Mzg3Njc2NzYsImNzcmYiOiJkN2YwM2M3Mi00YWZhLTQ1YmUtYTVmOS0yYTkxZmJiNzBjZWMiLCJleHAiOjE3Mzg3Njg1NzZ9.arBQRbZt9DPEfMpVEOGSdgW_8hSDvLLArynbIzOODH4"}]
2025-02-05 16:36:12,662 - INFO - received event "authenticate" from ZKFZZSuXgTrup2tnAAAp [/]
2025-02-05 16:36:12,662 - INFO - jUdX8g3lD4Dd_pmMAAAo: Received packet MESSAGE data 2["get-queue-status",{"username":"neil"}]
2025-02-05 16:36:12,662 - INFO - received event "get-queue-status" from ZKFZZSuXgTrup2tnAAAp [/]
2025-02-05 16:36:12,664 - INFO - Authentication attempt for neil, ZKFZZSuXgTrup2tnAAAp
2025-02-05 16:36:12,666 - INFO - emitting event "queue_status" to ZKFZZSuXgTrup2tnAAAp [/]
2025-02-05 16:36:12,666 - INFO - jUdX8g3lD4Dd_pmMAAAo: Sending packet MESSAGE data 2["queue_status",{"inQueue":false,"playersInQueue":0,"queue":[]}]
2025-02-05 16:36:12,668 - INFO - Authentication successful for neil
2025-02-05 16:36:12,668 - INFO - emitting event "queue_status" to ZKFZZSuXgTrup2tnAAAp [/]
2025-02-05 16:36:12,670 - INFO - jUdX8g3lD4Dd_pmMAAAo: Sending packet MESSAGE data 2["queue_status",{"inQueue":false,"playersInQueue":0,"queue":[]}]
2025-02-05 16:36:12,780 - INFO - 918u0joxpJGzh9OVAAAm: Received request to upgrade to websocket
2025-02-05 16:36:12,780 - INFO - 918u0joxpJGzh9OVAAAm: Upgrade to websocket successful
2025-02-05 16:36:12,936 - INFO - jUdX8g3lD4Dd_pmMAAAo: Received request to upgrade to websocket
2025-02-05 16:36:12,944 - INFO - jUdX8g3lD4Dd_pmMAAAo: Upgrade to websocket successful
2025-02-05 16:37:04,346 - INFO - Client disconnected: 64C-OPTOoKjfD-BuAAAn (Reason: transport close)
2025-02-05 16:37:04,346 - INFO - User sam disconnected
2025-02-05 16:37:04,362 - INFO - Client disconnected: ZKFZZSuXgTrup2tnAAAp (Reason: transport close)
2025-02-05 16:37:04,364 - INFO - User neil disconnected
2025-02-05 16:37:04,622 - INFO - 9I6K_kY31LajZI_XAAAq: Sending packet OPEN data {'sid': '9I6K_kY31LajZI_XAAAq', 'upgrades': ['websocket'], 'pingTimeout': 5000000, 'pingInterval': 25000000, 'maxPayload': 1000000}
2025-02-05 16:37:04,654 - INFO - 9I6K_kY31LajZI_XAAAq: Received packet MESSAGE data 0
2025-02-05 16:37:04,654 - INFO - New connection attempt from SID: f8sOzqrzA8SvI84CAAAr
2025-02-05 16:37:04,654 - INFO - Auth data received: {}
2025-02-05 16:37:04,654 - INFO - Awaiting authentication...
2025-02-05 16:37:04,654 - INFO - 9I6K_kY31LajZI_XAAAq: Sending packet MESSAGE data 0{"sid":"f8sOzqrzA8SvI84CAAAr"}
2025-02-05 16:37:04,681 - INFO - FsTCdtrDSpU_kBMaAAAs: Sending packet OPEN data {'sid': 'FsTCdtrDSpU_kBMaAAAs', 'upgrades': ['websocket'], 'pingTimeout': 5000000, 'pingInterval': 25000000, 'maxPayload': 1000000}
2025-02-05 16:37:04,684 - INFO - 9I6K_kY31LajZI_XAAAq: Received packet MESSAGE data 2["get-queue-status",{"username":"neil"}]
2025-02-05 16:37:04,684 - INFO - received event "get-queue-status" from f8sOzqrzA8SvI84CAAAr [/]
2025-02-05 16:37:04,689 - INFO - emitting event "queue_status" to f8sOzqrzA8SvI84CAAAr [/]
2025-02-05 16:37:04,691 - INFO - 9I6K_kY31LajZI_XAAAq: Sending packet MESSAGE data 2["queue_status",{"inQueue":false,"playersInQueue":0,"queue":[]}]
2025-02-05 16:37:04,702 - INFO - 9I6K_kY31LajZI_XAAAq: Received packet MESSAGE data 2["authenticate",{"username":"neil","token":"eyJhbGciOiJIUzI1NiIsInR5cCI6IkpXVCJ9.eyJmcmVzaCI6ZmFsc2UsImlhdCI6MTczODc2NzY3NiwianRpIjoiNTVlYTBhODctY2NlMi00NjRkLTg0ZmQtNjI4NjE2ZDJlZjkwIiwidHlwZSI6ImFjY2VzcyIsInN1YiI6Im5laWwiLCJuYmYiOjE3Mzg3Njc2NzYsImNzcmYiOiJkN2YwM2M3Mi00YWZhLTQ1YmUtYTVmOS0yYTkxZmJiNzBjZWMiLCJleHAiOjE3Mzg3Njg1NzZ9.arBQRbZt9DPEfMpVEOGSdgW_8hSDvLLArynbIzOODH4"}]
2025-02-05 16:37:04,702 - INFO - received event "authenticate" from f8sOzqrzA8SvI84CAAAr [/]
2025-02-05 16:37:04,702 - INFO - 9I6K_kY31LajZI_XAAAq: Received packet MESSAGE data 2["get-queue-status",{"username":"neil"}]
2025-02-05 16:37:04,702 - INFO - received event "get-queue-status" from f8sOzqrzA8SvI84CAAAr [/]
2025-02-05 16:37:04,707 - INFO - emitting event "queue_status" to f8sOzqrzA8SvI84CAAAr [/]
2025-02-05 16:37:04,707 - INFO - 9I6K_kY31LajZI_XAAAq: Sending packet MESSAGE data 2["queue_status",{"inQueue":false,"playersInQueue":0,"queue":[]}]
2025-02-05 16:37:04,709 - INFO - Authentication attempt for neil, f8sOzqrzA8SvI84CAAAr
2025-02-05 16:37:04,709 - INFO - emitting event "queue_status" to f8sOzqrzA8SvI84CAAAr [/]
2025-02-05 16:37:04,711 - INFO - 9I6K_kY31LajZI_XAAAq: Sending packet MESSAGE data 2["queue_status",{"inQueue":false,"playersInQueue":0,"queue":[]}]
2025-02-05 16:37:04,711 - INFO - Authentication successful for neil
2025-02-05 16:37:04,723 - INFO - FsTCdtrDSpU_kBMaAAAs: Received packet MESSAGE data 0
2025-02-05 16:37:04,723 - INFO - New connection attempt from SID: F01vFLw6ndjbDU5qAAAt
2025-02-05 16:37:04,725 - INFO - Auth data received: {}
2025-02-05 16:37:04,725 - INFO - Awaiting authentication...
2025-02-05 16:37:04,725 - INFO - FsTCdtrDSpU_kBMaAAAs: Sending packet MESSAGE data 0{"sid":"F01vFLw6ndjbDU5qAAAt"}
2025-02-05 16:37:04,736 - INFO - FsTCdtrDSpU_kBMaAAAs: Received packet MESSAGE data 2["get-queue-status",{"username":"sam"}]
2025-02-05 16:37:04,742 - INFO - received event "get-queue-status" from F01vFLw6ndjbDU5qAAAt [/]
2025-02-05 16:37:04,742 - INFO - emitting event "queue_status" to F01vFLw6ndjbDU5qAAAt [/]
2025-02-05 16:37:04,746 - INFO - FsTCdtrDSpU_kBMaAAAs: Sending packet MESSAGE data 2["queue_status",{"inQueue":false,"playersInQueue":0,"queue":[]}]
2025-02-05 16:37:04,752 - INFO - FsTCdtrDSpU_kBMaAAAs: Received packet MESSAGE data 2["authenticate",{"username":"sam","token":"eyJhbGciOiJIUzI1NiIsInR5cCI6IkpXVCJ9.eyJmcmVzaCI6ZmFsc2UsImlhdCI6MTczODc2NzcwMCwianRpIjoiY2ZiMTIxOGUtNmU1NC00MjFjLTg4N2EtYTYyYzY0MGQzNzk1IiwidHlwZSI6ImFjY2VzcyIsInN1YiI6InNhbSIsIm5iZiI6MTczODc2NzcwMCwiY3NyZiI6ImEyZmE0NjI3LWQyNjUtNDdjYS05NjkyLTcyNmQ4YmVkOTFhYiIsImV4cCI6MTczODc2ODYwMH0.-6xnKExwjPT4jO4NbXuNa-xZOtHL7VvblnDXLVujjIg"}]
2025-02-05 16:37:04,754 - INFO - received event "authenticate" from F01vFLw6ndjbDU5qAAAt [/]
2025-02-05 16:37:04,754 - INFO - FsTCdtrDSpU_kBMaAAAs: Received packet MESSAGE data 2["get-queue-status",{"username":"sam"}]
2025-02-05 16:37:04,754 - INFO - received event "get-queue-status" from F01vFLw6ndjbDU5qAAAt [/]
2025-02-05 16:37:04,754 - INFO - Authentication attempt for sam, F01vFLw6ndjbDU5qAAAt
2025-02-05 16:37:04,754 - INFO - emitting event "queue_status" to F01vFLw6ndjbDU5qAAAt [/]
2025-02-05 16:37:04,754 - INFO - FsTCdtrDSpU_kBMaAAAs: Sending packet MESSAGE data 2["queue_status",{"inQueue":false,"playersInQueue":0,"queue":[]}]
2025-02-05 16:37:04,754 - INFO - Authentication successful for sam
2025-02-05 16:37:04,754 - INFO - emitting event "queue_status" to F01vFLw6ndjbDU5qAAAt [/]
2025-02-05 16:37:04,754 - INFO - FsTCdtrDSpU_kBMaAAAs: Sending packet MESSAGE data 2["queue_status",{"inQueue":false,"playersInQueue":0,"queue":[]}]
2025-02-05 16:37:04,993 - INFO - 9I6K_kY31LajZI_XAAAq: Received request to upgrade to websocket
2025-02-05 16:37:05,001 - INFO - 9I6K_kY31LajZI_XAAAq: Upgrade to websocket successful
2025-02-05 16:37:05,032 - INFO - FsTCdtrDSpU_kBMaAAAs: Received request to upgrade to websocket
2025-02-05 16:37:05,041 - INFO - FsTCdtrDSpU_kBMaAAAs: Upgrade to websocket successful
2025-02-05 16:37:37,319 - INFO - Client disconnected: F01vFLw6ndjbDU5qAAAt (Reason: transport close)
2025-02-05 16:37:37,319 - INFO - User sam disconnected
2025-02-05 16:37:37,347 - INFO - Client disconnected: f8sOzqrzA8SvI84CAAAr (Reason: transport close)
2025-02-05 16:37:37,347 - INFO - User neil disconnected
2025-02-05 16:37:37,506 - INFO - oCu1O7H3bjjbb5QmAAAu: Sending packet OPEN data {'sid': 'oCu1O7H3bjjbb5QmAAAu', 'upgrades': ['websocket'], 'pingTimeout': 5000000, 'pingInterval': 25000000, 'maxPayload': 1000000}
2025-02-05 16:37:37,527 - INFO - TJp3Y9hywj2qthA0AAAv: Sending packet OPEN data {'sid': 'TJp3Y9hywj2qthA0AAAv', 'upgrades': ['websocket'], 'pingTimeout': 5000000, 'pingInterval': 25000000, 'maxPayload': 1000000}
2025-02-05 16:37:37,541 - INFO - oCu1O7H3bjjbb5QmAAAu: Received packet MESSAGE data 0
2025-02-05 16:37:37,541 - INFO - New connection attempt from SID: n-Tw9bB_Di42upSpAAAw
2025-02-05 16:37:37,541 - INFO - Auth data received: {}
2025-02-05 16:37:37,545 - INFO - Awaiting authentication...
2025-02-05 16:37:37,545 - INFO - oCu1O7H3bjjbb5QmAAAu: Sending packet MESSAGE data 0{"sid":"n-Tw9bB_Di42upSpAAAw"}
2025-02-05 16:37:37,558 - INFO - TJp3Y9hywj2qthA0AAAv: Received packet MESSAGE data 0
2025-02-05 16:37:37,562 - INFO - New connection attempt from SID: 2P87Uq_cRL3SJCkNAAAx
2025-02-05 16:37:37,564 - INFO - Auth data received: {}
2025-02-05 16:37:37,564 - INFO - Awaiting authentication...
2025-02-05 16:37:37,564 - INFO - TJp3Y9hywj2qthA0AAAv: Sending packet MESSAGE data 0{"sid":"2P87Uq_cRL3SJCkNAAAx"}
2025-02-05 16:37:37,565 - INFO - oCu1O7H3bjjbb5QmAAAu: Received packet MESSAGE data 2["get-queue-status",{"username":"sam"}]
2025-02-05 16:37:37,568 - INFO - received event "get-queue-status" from n-Tw9bB_Di42upSpAAAw [/]
2025-02-05 16:37:37,568 - INFO - emitting event "queue_status" to n-Tw9bB_Di42upSpAAAw [/]
2025-02-05 16:37:37,570 - INFO - oCu1O7H3bjjbb5QmAAAu: Sending packet MESSAGE data 2["queue_status",{"inQueue":false,"playersInQueue":0,"queue":[]}]
2025-02-05 16:37:37,573 - INFO - oCu1O7H3bjjbb5QmAAAu: Received packet MESSAGE data 2["authenticate",{"username":"sam","token":"eyJhbGciOiJIUzI1NiIsInR5cCI6IkpXVCJ9.eyJmcmVzaCI6ZmFsc2UsImlhdCI6MTczODc2NzcwMCwianRpIjoiY2ZiMTIxOGUtNmU1NC00MjFjLTg4N2EtYTYyYzY0MGQzNzk1IiwidHlwZSI6ImFjY2VzcyIsInN1YiI6InNhbSIsIm5iZiI6MTczODc2NzcwMCwiY3NyZiI6ImEyZmE0NjI3LWQyNjUtNDdjYS05NjkyLTcyNmQ4YmVkOTFhYiIsImV4cCI6MTczODc2ODYwMH0.-6xnKExwjPT4jO4NbXuNa-xZOtHL7VvblnDXLVujjIg"}]
2025-02-05 16:37:37,573 - INFO - received event "authenticate" from n-Tw9bB_Di42upSpAAAw [/]
2025-02-05 16:37:37,576 - INFO - oCu1O7H3bjjbb5QmAAAu: Received packet MESSAGE data 2["get-queue-status",{"username":"sam"}]
2025-02-05 16:37:37,576 - INFO - received event "get-queue-status" from n-Tw9bB_Di42upSpAAAw [/]
2025-02-05 16:37:37,578 - INFO - emitting event "queue_status" to n-Tw9bB_Di42upSpAAAw [/]
2025-02-05 16:37:37,578 - INFO - oCu1O7H3bjjbb5QmAAAu: Sending packet MESSAGE data 2["queue_status",{"inQueue":false,"playersInQueue":0,"queue":[]}]
2025-02-05 16:37:37,581 - INFO - Authentication attempt for sam, n-Tw9bB_Di42upSpAAAw
2025-02-05 16:37:37,581 - INFO - emitting event "queue_status" to n-Tw9bB_Di42upSpAAAw [/]
2025-02-05 16:37:37,581 - INFO - oCu1O7H3bjjbb5QmAAAu: Sending packet MESSAGE data 2["queue_status",{"inQueue":false,"playersInQueue":0,"queue":[]}]
2025-02-05 16:37:37,581 - INFO - Authentication successful for sam
2025-02-05 16:37:37,602 - INFO - TJp3Y9hywj2qthA0AAAv: Received packet MESSAGE data 2["get-queue-status",{"username":"neil"}]
2025-02-05 16:37:37,602 - INFO - received event "get-queue-status" from 2P87Uq_cRL3SJCkNAAAx [/]
2025-02-05 16:37:37,602 - INFO - emitting event "queue_status" to 2P87Uq_cRL3SJCkNAAAx [/]
2025-02-05 16:37:37,602 - INFO - TJp3Y9hywj2qthA0AAAv: Sending packet MESSAGE data 2["queue_status",{"inQueue":false,"playersInQueue":0,"queue":[]}]
2025-02-05 16:37:37,610 - INFO - TJp3Y9hywj2qthA0AAAv: Received packet MESSAGE data 2["authenticate",{"username":"neil","token":"eyJhbGciOiJIUzI1NiIsInR5cCI6IkpXVCJ9.eyJmcmVzaCI6ZmFsc2UsImlhdCI6MTczODc2NzY3NiwianRpIjoiNTVlYTBhODctY2NlMi00NjRkLTg0ZmQtNjI4NjE2ZDJlZjkwIiwidHlwZSI6ImFjY2VzcyIsInN1YiI6Im5laWwiLCJuYmYiOjE3Mzg3Njc2NzYsImNzcmYiOiJkN2YwM2M3Mi00YWZhLTQ1YmUtYTVmOS0yYTkxZmJiNzBjZWMiLCJleHAiOjE3Mzg3Njg1NzZ9.arBQRbZt9DPEfMpVEOGSdgW_8hSDvLLArynbIzOODH4"}]
2025-02-05 16:37:37,612 - INFO - received event "authenticate" from 2P87Uq_cRL3SJCkNAAAx [/]
2025-02-05 16:37:37,612 - INFO - TJp3Y9hywj2qthA0AAAv: Received packet MESSAGE data 2["get-queue-status",{"username":"neil"}]
2025-02-05 16:37:37,614 - INFO - received event "get-queue-status" from 2P87Uq_cRL3SJCkNAAAx [/]
2025-02-05 16:37:37,614 - INFO - emitting event "queue_status" to 2P87Uq_cRL3SJCkNAAAx [/]
2025-02-05 16:37:37,614 - INFO - TJp3Y9hywj2qthA0AAAv: Sending packet MESSAGE data 2["queue_status",{"inQueue":false,"playersInQueue":0,"queue":[]}]
2025-02-05 16:37:37,618 - INFO - Authentication attempt for neil, 2P87Uq_cRL3SJCkNAAAx
2025-02-05 16:37:37,618 - INFO - emitting event "queue_status" to 2P87Uq_cRL3SJCkNAAAx [/]
2025-02-05 16:37:37,619 - INFO - TJp3Y9hywj2qthA0AAAv: Sending packet MESSAGE data 2["queue_status",{"inQueue":false,"playersInQueue":0,"queue":[]}]
2025-02-05 16:37:37,620 - INFO - Authentication successful for neil
2025-02-05 16:37:37,850 - INFO - oCu1O7H3bjjbb5QmAAAu: Received request to upgrade to websocket
2025-02-05 16:37:37,858 - INFO - oCu1O7H3bjjbb5QmAAAu: Upgrade to websocket successful
2025-02-05 16:37:37,892 - INFO - TJp3Y9hywj2qthA0AAAv: Received request to upgrade to websocket
2025-02-05 16:37:37,904 - INFO - TJp3Y9hywj2qthA0AAAv: Upgrade to websocket successful
2025-02-05 16:38:02,317 - INFO - Client disconnected: n-Tw9bB_Di42upSpAAAw (Reason: transport close)
2025-02-05 16:38:02,317 - INFO - User sam disconnected
2025-02-05 16:38:02,344 - INFO - Client disconnected: 2P87Uq_cRL3SJCkNAAAx (Reason: transport close)
2025-02-05 16:38:02,344 - INFO - User neil disconnected
2025-02-05 16:38:02,505 - INFO - E9nhn1tT1CZQ6yf6AAAy: Sending packet OPEN data {'sid': 'E9nhn1tT1CZQ6yf6AAAy', 'upgrades': ['websocket'], 'pingTimeout': 5000000, 'pingInterval': 25000000, 'maxPayload': 1000000}
2025-02-05 16:38:02,517 - INFO - X-i-3xddwSsX0LmMAAAz: Sending packet OPEN data {'sid': 'X-i-3xddwSsX0LmMAAAz', 'upgrades': ['websocket'], 'pingTimeout': 5000000, 'pingInterval': 25000000, 'maxPayload': 1000000}
2025-02-05 16:38:02,535 - INFO - E9nhn1tT1CZQ6yf6AAAy: Received packet MESSAGE data 0
2025-02-05 16:38:02,539 - INFO - New connection attempt from SID: XgPj-IcHTT9hk3YSAAA0
2025-02-05 16:38:02,539 - INFO - Auth data received: {}
2025-02-05 16:38:02,539 - INFO - Awaiting authentication...
2025-02-05 16:38:02,541 - INFO - E9nhn1tT1CZQ6yf6AAAy: Sending packet MESSAGE data 0{"sid":"XgPj-IcHTT9hk3YSAAA0"}
2025-02-05 16:38:02,553 - INFO - E9nhn1tT1CZQ6yf6AAAy: Received packet MESSAGE data 2["get-queue-status",{"username":"neil"}]
2025-02-05 16:38:02,553 - INFO - received event "get-queue-status" from XgPj-IcHTT9hk3YSAAA0 [/]
2025-02-05 16:38:02,558 - INFO - emitting event "queue_status" to XgPj-IcHTT9hk3YSAAA0 [/]
2025-02-05 16:38:02,558 - INFO - E9nhn1tT1CZQ6yf6AAAy: Sending packet MESSAGE data 2["queue_status",{"inQueue":false,"playersInQueue":0,"queue":[]}]
2025-02-05 16:38:02,562 - INFO - X-i-3xddwSsX0LmMAAAz: Received packet MESSAGE data 0
2025-02-05 16:38:02,562 - INFO - New connection attempt from SID: rxAENkZRmYDcYmxdAAA1
2025-02-05 16:38:02,562 - INFO - Auth data received: {}
2025-02-05 16:38:02,562 - INFO - Awaiting authentication...
2025-02-05 16:38:02,562 - INFO - X-i-3xddwSsX0LmMAAAz: Sending packet MESSAGE data 0{"sid":"rxAENkZRmYDcYmxdAAA1"}
2025-02-05 16:38:02,567 - INFO - E9nhn1tT1CZQ6yf6AAAy: Received packet MESSAGE data 2["authenticate",{"username":"neil","token":"eyJhbGciOiJIUzI1NiIsInR5cCI6IkpXVCJ9.eyJmcmVzaCI6ZmFsc2UsImlhdCI6MTczODc2NzY3NiwianRpIjoiNTVlYTBhODctY2NlMi00NjRkLTg0ZmQtNjI4NjE2ZDJlZjkwIiwidHlwZSI6ImFjY2VzcyIsInN1YiI6Im5laWwiLCJuYmYiOjE3Mzg3Njc2NzYsImNzcmYiOiJkN2YwM2M3Mi00YWZhLTQ1YmUtYTVmOS0yYTkxZmJiNzBjZWMiLCJleHAiOjE3Mzg3Njg1NzZ9.arBQRbZt9DPEfMpVEOGSdgW_8hSDvLLArynbIzOODH4"}]
2025-02-05 16:38:02,567 - INFO - received event "authenticate" from XgPj-IcHTT9hk3YSAAA0 [/]
2025-02-05 16:38:02,571 - INFO - E9nhn1tT1CZQ6yf6AAAy: Received packet MESSAGE data 2["get-queue-status",{"username":"neil"}]
2025-02-05 16:38:02,571 - INFO - received event "get-queue-status" from XgPj-IcHTT9hk3YSAAA0 [/]
2025-02-05 16:38:02,573 - INFO - Authentication attempt for neil, XgPj-IcHTT9hk3YSAAA0
2025-02-05 16:38:02,574 - INFO - emitting event "queue_status" to XgPj-IcHTT9hk3YSAAA0 [/]
2025-02-05 16:38:02,575 - INFO - E9nhn1tT1CZQ6yf6AAAy: Sending packet MESSAGE data 2["queue_status",{"inQueue":false,"playersInQueue":0,"queue":[]}]
2025-02-05 16:38:02,576 - INFO - Authentication successful for neil
2025-02-05 16:38:02,576 - INFO - emitting event "queue_status" to XgPj-IcHTT9hk3YSAAA0 [/]
2025-02-05 16:38:02,576 - INFO - E9nhn1tT1CZQ6yf6AAAy: Sending packet MESSAGE data 2["queue_status",{"inQueue":false,"playersInQueue":0,"queue":[]}]
2025-02-05 16:38:02,584 - INFO - X-i-3xddwSsX0LmMAAAz: Received packet MESSAGE data 2["get-queue-status",{"username":"sam"}]
2025-02-05 16:38:02,584 - INFO - received event "get-queue-status" from rxAENkZRmYDcYmxdAAA1 [/]
2025-02-05 16:38:02,586 - INFO - emitting event "queue_status" to rxAENkZRmYDcYmxdAAA1 [/]
2025-02-05 16:38:02,586 - INFO - X-i-3xddwSsX0LmMAAAz: Sending packet MESSAGE data 2["queue_status",{"inQueue":false,"playersInQueue":0,"queue":[]}]
2025-02-05 16:38:02,591 - INFO - X-i-3xddwSsX0LmMAAAz: Received packet MESSAGE data 2["authenticate",{"username":"sam","token":"eyJhbGciOiJIUzI1NiIsInR5cCI6IkpXVCJ9.eyJmcmVzaCI6ZmFsc2UsImlhdCI6MTczODc2NzcwMCwianRpIjoiY2ZiMTIxOGUtNmU1NC00MjFjLTg4N2EtYTYyYzY0MGQzNzk1IiwidHlwZSI6ImFjY2VzcyIsInN1YiI6InNhbSIsIm5iZiI6MTczODc2NzcwMCwiY3NyZiI6ImEyZmE0NjI3LWQyNjUtNDdjYS05NjkyLTcyNmQ4YmVkOTFhYiIsImV4cCI6MTczODc2ODYwMH0.-6xnKExwjPT4jO4NbXuNa-xZOtHL7VvblnDXLVujjIg"}]
2025-02-05 16:38:02,594 - INFO - received event "authenticate" from rxAENkZRmYDcYmxdAAA1 [/]
2025-02-05 16:38:02,594 - INFO - X-i-3xddwSsX0LmMAAAz: Received packet MESSAGE data 2["get-queue-status",{"username":"sam"}]
2025-02-05 16:38:02,595 - INFO - received event "get-queue-status" from rxAENkZRmYDcYmxdAAA1 [/]
2025-02-05 16:38:02,596 - INFO - Authentication attempt for sam, rxAENkZRmYDcYmxdAAA1
2025-02-05 16:38:02,596 - INFO - emitting event "queue_status" to rxAENkZRmYDcYmxdAAA1 [/]
2025-02-05 16:38:02,596 - INFO - X-i-3xddwSsX0LmMAAAz: Sending packet MESSAGE data 2["queue_status",{"inQueue":false,"playersInQueue":0,"queue":[]}]
2025-02-05 16:38:02,599 - INFO - Authentication successful for sam
2025-02-05 16:38:02,599 - INFO - emitting event "queue_status" to rxAENkZRmYDcYmxdAAA1 [/]
2025-02-05 16:38:02,601 - INFO - X-i-3xddwSsX0LmMAAAz: Sending packet MESSAGE data 2["queue_status",{"inQueue":false,"playersInQueue":0,"queue":[]}]
2025-02-05 16:38:02,867 - INFO - E9nhn1tT1CZQ6yf6AAAy: Received request to upgrade to websocket
2025-02-05 16:38:02,869 - INFO - X-i-3xddwSsX0LmMAAAz: Received request to upgrade to websocket
2025-02-05 16:38:02,874 - INFO - E9nhn1tT1CZQ6yf6AAAy: Upgrade to websocket successful
2025-02-05 16:38:02,874 - INFO - X-i-3xddwSsX0LmMAAAz: Upgrade to websocket successful
2025-02-05 16:38:11,344 - INFO - Client disconnected: rxAENkZRmYDcYmxdAAA1 (Reason: transport close)
2025-02-05 16:38:11,346 - INFO - User sam disconnected
2025-02-05 16:38:11,364 - INFO - Client disconnected: XgPj-IcHTT9hk3YSAAA0 (Reason: transport close)
2025-02-05 16:38:11,366 - INFO - User neil disconnected
2025-02-05 16:38:11,564 - INFO - nLmeq-nRroCvnMNLAAA2: Sending packet OPEN data {'sid': 'nLmeq-nRroCvnMNLAAA2', 'upgrades': ['websocket'], 'pingTimeout': 5000000, 'pingInterval': 25000000, 'maxPayload': 1000000}
2025-02-05 16:38:11,583 - INFO - rzeScnWoDIqQ099QAAA3: Sending packet OPEN data {'sid': 'rzeScnWoDIqQ099QAAA3', 'upgrades': ['websocket'], 'pingTimeout': 5000000, 'pingInterval': 25000000, 'maxPayload': 1000000}
2025-02-05 16:38:11,605 - INFO - nLmeq-nRroCvnMNLAAA2: Received packet MESSAGE data 0
2025-02-05 16:38:11,608 - INFO - New connection attempt from SID: ScFidSThihVRSAt0AAA4
2025-02-05 16:38:11,608 - INFO - Auth data received: {}
2025-02-05 16:38:11,608 - INFO - Awaiting authentication...
2025-02-05 16:38:11,610 - INFO - nLmeq-nRroCvnMNLAAA2: Sending packet MESSAGE data 0{"sid":"ScFidSThihVRSAt0AAA4"}
2025-02-05 16:38:11,619 - INFO - rzeScnWoDIqQ099QAAA3: Received packet MESSAGE data 0
2025-02-05 16:38:11,621 - INFO - New connection attempt from SID: NmlYyVUajwLJXTCaAAA5
2025-02-05 16:38:11,624 - INFO - Auth data received: {}
2025-02-05 16:38:11,625 - INFO - Awaiting authentication...
2025-02-05 16:38:11,625 - INFO - rzeScnWoDIqQ099QAAA3: Sending packet MESSAGE data 0{"sid":"NmlYyVUajwLJXTCaAAA5"}
2025-02-05 16:38:11,640 - INFO - nLmeq-nRroCvnMNLAAA2: Received packet MESSAGE data 2["get-queue-status",{"username":"sam"}]
2025-02-05 16:38:11,642 - INFO - received event "get-queue-status" from ScFidSThihVRSAt0AAA4 [/]
2025-02-05 16:38:11,644 - INFO - emitting event "queue_status" to ScFidSThihVRSAt0AAA4 [/]
2025-02-05 16:38:11,645 - INFO - nLmeq-nRroCvnMNLAAA2: Sending packet MESSAGE data 2["queue_status",{"inQueue":false,"playersInQueue":0,"queue":[]}]
2025-02-05 16:38:11,651 - INFO - nLmeq-nRroCvnMNLAAA2: Received packet MESSAGE data 2["authenticate",{"username":"sam","token":"eyJhbGciOiJIUzI1NiIsInR5cCI6IkpXVCJ9.eyJmcmVzaCI6ZmFsc2UsImlhdCI6MTczODc2NzcwMCwianRpIjoiY2ZiMTIxOGUtNmU1NC00MjFjLTg4N2EtYTYyYzY0MGQzNzk1IiwidHlwZSI6ImFjY2VzcyIsInN1YiI6InNhbSIsIm5iZiI6MTczODc2NzcwMCwiY3NyZiI6ImEyZmE0NjI3LWQyNjUtNDdjYS05NjkyLTcyNmQ4YmVkOTFhYiIsImV4cCI6MTczODc2ODYwMH0.-6xnKExwjPT4jO4NbXuNa-xZOtHL7VvblnDXLVujjIg"}]
2025-02-05 16:38:11,653 - INFO - received event "authenticate" from ScFidSThihVRSAt0AAA4 [/]
2025-02-05 16:38:11,653 - INFO - nLmeq-nRroCvnMNLAAA2: Received packet MESSAGE data 2["get-queue-status",{"username":"sam"}]
2025-02-05 16:38:11,653 - INFO - received event "get-queue-status" from ScFidSThihVRSAt0AAA4 [/]
2025-02-05 16:38:11,656 - INFO - Authentication attempt for sam, ScFidSThihVRSAt0AAA4
2025-02-05 16:38:11,656 - INFO - emitting event "queue_status" to ScFidSThihVRSAt0AAA4 [/]
2025-02-05 16:38:11,658 - INFO - nLmeq-nRroCvnMNLAAA2: Sending packet MESSAGE data 2["queue_status",{"inQueue":false,"playersInQueue":0,"queue":[]}]
2025-02-05 16:38:11,659 - INFO - Authentication successful for sam
2025-02-05 16:38:11,661 - INFO - emitting event "queue_status" to ScFidSThihVRSAt0AAA4 [/]
2025-02-05 16:38:11,661 - INFO - nLmeq-nRroCvnMNLAAA2: Sending packet MESSAGE data 2["queue_status",{"inQueue":false,"playersInQueue":0,"queue":[]}]
2025-02-05 16:38:11,662 - INFO - rzeScnWoDIqQ099QAAA3: Received packet MESSAGE data 2["get-queue-status",{"username":"neil"}]
2025-02-05 16:38:11,663 - INFO - received event "get-queue-status" from NmlYyVUajwLJXTCaAAA5 [/]
2025-02-05 16:38:11,667 - INFO - emitting event "queue_status" to NmlYyVUajwLJXTCaAAA5 [/]
2025-02-05 16:38:11,668 - INFO - rzeScnWoDIqQ099QAAA3: Sending packet MESSAGE data 2["queue_status",{"inQueue":false,"playersInQueue":0,"queue":[]}]
2025-02-05 16:38:11,677 - INFO - rzeScnWoDIqQ099QAAA3: Received packet MESSAGE data 2["authenticate",{"username":"neil","token":"eyJhbGciOiJIUzI1NiIsInR5cCI6IkpXVCJ9.eyJmcmVzaCI6ZmFsc2UsImlhdCI6MTczODc2NzY3NiwianRpIjoiNTVlYTBhODctY2NlMi00NjRkLTg0ZmQtNjI4NjE2ZDJlZjkwIiwidHlwZSI6ImFjY2VzcyIsInN1YiI6Im5laWwiLCJuYmYiOjE3Mzg3Njc2NzYsImNzcmYiOiJkN2YwM2M3Mi00YWZhLTQ1YmUtYTVmOS0yYTkxZmJiNzBjZWMiLCJleHAiOjE3Mzg3Njg1NzZ9.arBQRbZt9DPEfMpVEOGSdgW_8hSDvLLArynbIzOODH4"}]
2025-02-05 16:38:11,679 - INFO - received event "authenticate" from NmlYyVUajwLJXTCaAAA5 [/]
2025-02-05 16:38:11,679 - INFO - rzeScnWoDIqQ099QAAA3: Received packet MESSAGE data 2["get-queue-status",{"username":"neil"}]
2025-02-05 16:38:11,680 - INFO - received event "get-queue-status" from NmlYyVUajwLJXTCaAAA5 [/]
2025-02-05 16:38:11,681 - INFO - Authentication attempt for neil, NmlYyVUajwLJXTCaAAA5
2025-02-05 16:38:11,681 - INFO - emitting event "queue_status" to NmlYyVUajwLJXTCaAAA5 [/]
2025-02-05 16:38:11,683 - INFO - rzeScnWoDIqQ099QAAA3: Sending packet MESSAGE data 2["queue_status",{"inQueue":false,"playersInQueue":0,"queue":[]}]
2025-02-05 16:38:11,683 - INFO - Authentication successful for neil
2025-02-05 16:38:11,683 - INFO - emitting event "queue_status" to NmlYyVUajwLJXTCaAAA5 [/]
2025-02-05 16:38:11,685 - INFO - rzeScnWoDIqQ099QAAA3: Sending packet MESSAGE data 2["queue_status",{"inQueue":false,"playersInQueue":0,"queue":[]}]
2025-02-05 16:38:11,918 - INFO - nLmeq-nRroCvnMNLAAA2: Received request to upgrade to websocket
2025-02-05 16:38:11,924 - INFO - nLmeq-nRroCvnMNLAAA2: Upgrade to websocket successful
2025-02-05 16:38:11,960 - INFO - rzeScnWoDIqQ099QAAA3: Received request to upgrade to websocket
2025-02-05 16:38:11,968 - INFO - rzeScnWoDIqQ099QAAA3: Upgrade to websocket successful
2025-02-05 16:38:28,328 - INFO - Client disconnected: ScFidSThihVRSAt0AAA4 (Reason: transport close)
2025-02-05 16:38:28,330 - INFO - User sam disconnected
2025-02-05 16:38:28,341 - INFO - Client disconnected: NmlYyVUajwLJXTCaAAA5 (Reason: transport close)
2025-02-05 16:38:28,341 - INFO - User neil disconnected
2025-02-05 16:38:28,524 - INFO - 7G4BA_QsGN2esNgoAAA6: Sending packet OPEN data {'sid': '7G4BA_QsGN2esNgoAAA6', 'upgrades': ['websocket'], 'pingTimeout': 5000000, 'pingInterval': 25000000, 'maxPayload': 1000000}
2025-02-05 16:38:28,536 - INFO - ZF3WzJzhKm8w945nAAA7: Sending packet OPEN data {'sid': 'ZF3WzJzhKm8w945nAAA7', 'upgrades': ['websocket'], 'pingTimeout': 5000000, 'pingInterval': 25000000, 'maxPayload': 1000000}
2025-02-05 16:38:28,544 - INFO - 7G4BA_QsGN2esNgoAAA6: Received packet MESSAGE data 0
2025-02-05 16:38:28,551 - INFO - New connection attempt from SID: NmfDPpW4ZgDg2DelAAA8
2025-02-05 16:38:28,551 - INFO - Auth data received: {}
2025-02-05 16:38:28,551 - INFO - Awaiting authentication...
2025-02-05 16:38:28,553 - INFO - 7G4BA_QsGN2esNgoAAA6: Sending packet MESSAGE data 0{"sid":"NmfDPpW4ZgDg2DelAAA8"}
2025-02-05 16:38:28,573 - INFO - ZF3WzJzhKm8w945nAAA7: Received packet MESSAGE data 0
2025-02-05 16:38:28,576 - INFO - New connection attempt from SID: O13bvrCWF8FVq5cUAAA9
2025-02-05 16:38:28,576 - INFO - Auth data received: {}
2025-02-05 16:38:28,576 - INFO - Awaiting authentication...
2025-02-05 16:38:28,578 - INFO - ZF3WzJzhKm8w945nAAA7: Sending packet MESSAGE data 0{"sid":"O13bvrCWF8FVq5cUAAA9"}
2025-02-05 16:38:28,598 - INFO - ZF3WzJzhKm8w945nAAA7: Received packet MESSAGE data 2["get-queue-status",{"username":"sam"}]
2025-02-05 16:38:28,598 - INFO - received event "get-queue-status" from O13bvrCWF8FVq5cUAAA9 [/]
2025-02-05 16:38:28,602 - INFO - emitting event "queue_status" to O13bvrCWF8FVq5cUAAA9 [/]
2025-02-05 16:38:28,602 - INFO - ZF3WzJzhKm8w945nAAA7: Sending packet MESSAGE data 2["queue_status",{"inQueue":false,"playersInQueue":0,"queue":[]}]
2025-02-05 16:38:28,605 - INFO - 7G4BA_QsGN2esNgoAAA6: Received packet MESSAGE data 2["get-queue-status",{"username":"neil"}]
2025-02-05 16:38:28,607 - INFO - received event "get-queue-status" from NmfDPpW4ZgDg2DelAAA8 [/]
2025-02-05 16:38:28,609 - INFO - emitting event "queue_status" to NmfDPpW4ZgDg2DelAAA8 [/]
2025-02-05 16:38:28,611 - INFO - 7G4BA_QsGN2esNgoAAA6: Sending packet MESSAGE data 2["queue_status",{"inQueue":false,"playersInQueue":0,"queue":[]}]
2025-02-05 16:38:28,615 - INFO - ZF3WzJzhKm8w945nAAA7: Received packet MESSAGE data 2["authenticate",{"username":"sam","token":"eyJhbGciOiJIUzI1NiIsInR5cCI6IkpXVCJ9.eyJmcmVzaCI6ZmFsc2UsImlhdCI6MTczODc2NzcwMCwianRpIjoiY2ZiMTIxOGUtNmU1NC00MjFjLTg4N2EtYTYyYzY0MGQzNzk1IiwidHlwZSI6ImFjY2VzcyIsInN1YiI6InNhbSIsIm5iZiI6MTczODc2NzcwMCwiY3NyZiI6ImEyZmE0NjI3LWQyNjUtNDdjYS05NjkyLTcyNmQ4YmVkOTFhYiIsImV4cCI6MTczODc2ODYwMH0.-6xnKExwjPT4jO4NbXuNa-xZOtHL7VvblnDXLVujjIg"}]
2025-02-05 16:38:28,617 - INFO - received event "authenticate" from O13bvrCWF8FVq5cUAAA9 [/]
2025-02-05 16:38:28,617 - INFO - ZF3WzJzhKm8w945nAAA7: Received packet MESSAGE data 2["get-queue-status",{"username":"sam"}]
2025-02-05 16:38:28,619 - INFO - received event "get-queue-status" from O13bvrCWF8FVq5cUAAA9 [/]
2025-02-05 16:38:28,627 - INFO - Authentication attempt for sam, O13bvrCWF8FVq5cUAAA9
2025-02-05 16:38:28,627 - INFO - emitting event "queue_status" to O13bvrCWF8FVq5cUAAA9 [/]
2025-02-05 16:38:28,631 - INFO - ZF3WzJzhKm8w945nAAA7: Sending packet MESSAGE data 2["queue_status",{"inQueue":false,"playersInQueue":0,"queue":[]}]
2025-02-05 16:38:28,631 - INFO - Authentication successful for sam
2025-02-05 16:38:28,633 - INFO - emitting event "queue_status" to O13bvrCWF8FVq5cUAAA9 [/]
2025-02-05 16:38:28,636 - INFO - ZF3WzJzhKm8w945nAAA7: Sending packet MESSAGE data 2["queue_status",{"inQueue":false,"playersInQueue":0,"queue":[]}]
2025-02-05 16:38:28,641 - INFO - 7G4BA_QsGN2esNgoAAA6: Received packet MESSAGE data 2["authenticate",{"username":"neil","token":"eyJhbGciOiJIUzI1NiIsInR5cCI6IkpXVCJ9.eyJmcmVzaCI6ZmFsc2UsImlhdCI6MTczODc2NzY3NiwianRpIjoiNTVlYTBhODctY2NlMi00NjRkLTg0ZmQtNjI4NjE2ZDJlZjkwIiwidHlwZSI6ImFjY2VzcyIsInN1YiI6Im5laWwiLCJuYmYiOjE3Mzg3Njc2NzYsImNzcmYiOiJkN2YwM2M3Mi00YWZhLTQ1YmUtYTVmOS0yYTkxZmJiNzBjZWMiLCJleHAiOjE3Mzg3Njg1NzZ9.arBQRbZt9DPEfMpVEOGSdgW_8hSDvLLArynbIzOODH4"}]
2025-02-05 16:38:28,641 - INFO - received event "authenticate" from NmfDPpW4ZgDg2DelAAA8 [/]
2025-02-05 16:38:28,643 - INFO - 7G4BA_QsGN2esNgoAAA6: Received packet MESSAGE data 2["get-queue-status",{"username":"neil"}]
2025-02-05 16:38:28,644 - INFO - received event "get-queue-status" from NmfDPpW4ZgDg2DelAAA8 [/]
2025-02-05 16:38:28,645 - INFO - Authentication attempt for neil, NmfDPpW4ZgDg2DelAAA8
2025-02-05 16:38:28,647 - INFO - emitting event "queue_status" to NmfDPpW4ZgDg2DelAAA8 [/]
2025-02-05 16:38:28,647 - INFO - 7G4BA_QsGN2esNgoAAA6: Sending packet MESSAGE data 2["queue_status",{"inQueue":false,"playersInQueue":0,"queue":[]}]
2025-02-05 16:38:28,647 - INFO - Authentication successful for neil
2025-02-05 16:38:28,647 - INFO - emitting event "queue_status" to NmfDPpW4ZgDg2DelAAA8 [/]
2025-02-05 16:38:28,647 - INFO - 7G4BA_QsGN2esNgoAAA6: Sending packet MESSAGE data 2["queue_status",{"inQueue":false,"playersInQueue":0,"queue":[]}]
2025-02-05 16:38:28,877 - INFO - ZF3WzJzhKm8w945nAAA7: Received request to upgrade to websocket
2025-02-05 16:38:28,890 - INFO - ZF3WzJzhKm8w945nAAA7: Upgrade to websocket successful
2025-02-05 16:38:28,903 - INFO - 7G4BA_QsGN2esNgoAAA6: Received request to upgrade to websocket
2025-02-05 16:38:28,911 - INFO - 7G4BA_QsGN2esNgoAAA6: Upgrade to websocket successful
2025-02-05 16:38:36,316 - INFO - Client disconnected: O13bvrCWF8FVq5cUAAA9 (Reason: transport close)
2025-02-05 16:38:36,316 - INFO - User sam disconnected
2025-02-05 16:38:36,343 - INFO - Client disconnected: NmfDPpW4ZgDg2DelAAA8 (Reason: transport close)
2025-02-05 16:38:36,345 - INFO - User neil disconnected
2025-02-05 16:38:36,440 - INFO - XW9RPoTs9od6gw8GAAA-: Sending packet OPEN data {'sid': 'XW9RPoTs9od6gw8GAAA-', 'upgrades': ['websocket'], 'pingTimeout': 5000000, 'pingInterval': 25000000, 'maxPayload': 1000000}
2025-02-05 16:38:36,466 - INFO - XW9RPoTs9od6gw8GAAA-: Received packet MESSAGE data 0
2025-02-05 16:38:36,468 - INFO - New connection attempt from SID: l_GdfFJm2UrtMs6nAAA_
2025-02-05 16:38:36,469 - INFO - Auth data received: {}
2025-02-05 16:38:36,469 - INFO - Awaiting authentication...
2025-02-05 16:38:36,471 - INFO - XW9RPoTs9od6gw8GAAA-: Sending packet MESSAGE data 0{"sid":"l_GdfFJm2UrtMs6nAAA_"}
2025-02-05 16:38:36,483 - INFO - XW9RPoTs9od6gw8GAAA-: Received packet MESSAGE data 2["get-queue-status",{"username":"sam"}]
2025-02-05 16:38:36,485 - INFO - received event "get-queue-status" from l_GdfFJm2UrtMs6nAAA_ [/]
2025-02-05 16:38:36,487 - INFO - emitting event "queue_status" to l_GdfFJm2UrtMs6nAAA_ [/]
2025-02-05 16:38:36,487 - INFO - XW9RPoTs9od6gw8GAAA-: Sending packet MESSAGE data 2["queue_status",{"inQueue":false,"playersInQueue":0,"queue":[]}]
2025-02-05 16:38:36,492 - INFO - XW9RPoTs9od6gw8GAAA-: Received packet MESSAGE data 2["authenticate",{"username":"sam","token":"eyJhbGciOiJIUzI1NiIsInR5cCI6IkpXVCJ9.eyJmcmVzaCI6ZmFsc2UsImlhdCI6MTczODc2NzcwMCwianRpIjoiY2ZiMTIxOGUtNmU1NC00MjFjLTg4N2EtYTYyYzY0MGQzNzk1IiwidHlwZSI6ImFjY2VzcyIsInN1YiI6InNhbSIsIm5iZiI6MTczODc2NzcwMCwiY3NyZiI6ImEyZmE0NjI3LWQyNjUtNDdjYS05NjkyLTcyNmQ4YmVkOTFhYiIsImV4cCI6MTczODc2ODYwMH0.-6xnKExwjPT4jO4NbXuNa-xZOtHL7VvblnDXLVujjIg"}]
2025-02-05 16:38:36,492 - INFO - received event "authenticate" from l_GdfFJm2UrtMs6nAAA_ [/]
2025-02-05 16:38:36,494 - INFO - XW9RPoTs9od6gw8GAAA-: Received packet MESSAGE data 2["get-queue-status",{"username":"sam"}]
2025-02-05 16:38:36,494 - INFO - received event "get-queue-status" from l_GdfFJm2UrtMs6nAAA_ [/]
2025-02-05 16:38:36,496 - INFO - Authentication attempt for sam, l_GdfFJm2UrtMs6nAAA_
2025-02-05 16:38:36,496 - INFO - emitting event "queue_status" to l_GdfFJm2UrtMs6nAAA_ [/]
2025-02-05 16:38:36,496 - INFO - XW9RPoTs9od6gw8GAAA-: Sending packet MESSAGE data 2["queue_status",{"inQueue":false,"playersInQueue":0,"queue":[]}]
2025-02-05 16:38:36,496 - INFO - Authentication successful for sam
2025-02-05 16:38:36,500 - INFO - emitting event "queue_status" to l_GdfFJm2UrtMs6nAAA_ [/]
2025-02-05 16:38:36,500 - INFO - XW9RPoTs9od6gw8GAAA-: Sending packet MESSAGE data 2["queue_status",{"inQueue":false,"playersInQueue":0,"queue":[]}]
2025-02-05 16:38:36,519 - INFO - OSKDaIVTtwQbFAoQAABA: Sending packet OPEN data {'sid': 'OSKDaIVTtwQbFAoQAABA', 'upgrades': ['websocket'], 'pingTimeout': 5000000, 'pingInterval': 25000000, 'maxPayload': 1000000}
2025-02-05 16:38:36,535 - INFO - OSKDaIVTtwQbFAoQAABA: Received packet MESSAGE data 0
2025-02-05 16:38:36,541 - INFO - New connection attempt from SID: lwX6XD-89DlImEM9AABB
2025-02-05 16:38:36,541 - INFO - Auth data received: {}
2025-02-05 16:38:36,541 - INFO - Awaiting authentication...
2025-02-05 16:38:36,541 - INFO - OSKDaIVTtwQbFAoQAABA: Sending packet MESSAGE data 0{"sid":"lwX6XD-89DlImEM9AABB"}
2025-02-05 16:38:36,571 - INFO - OSKDaIVTtwQbFAoQAABA: Received packet MESSAGE data 2["get-queue-status",{"username":"neil"}]
2025-02-05 16:38:36,578 - INFO - received event "get-queue-status" from lwX6XD-89DlImEM9AABB [/]
2025-02-05 16:38:36,579 - INFO - emitting event "queue_status" to lwX6XD-89DlImEM9AABB [/]
2025-02-05 16:38:36,579 - INFO - OSKDaIVTtwQbFAoQAABA: Sending packet MESSAGE data 2["queue_status",{"inQueue":false,"playersInQueue":0,"queue":[]}]
2025-02-05 16:38:36,612 - INFO - OSKDaIVTtwQbFAoQAABA: Received packet MESSAGE data 2["authenticate",{"username":"neil","token":"eyJhbGciOiJIUzI1NiIsInR5cCI6IkpXVCJ9.eyJmcmVzaCI6ZmFsc2UsImlhdCI6MTczODc2NzY3NiwianRpIjoiNTVlYTBhODctY2NlMi00NjRkLTg0ZmQtNjI4NjE2ZDJlZjkwIiwidHlwZSI6ImFjY2VzcyIsInN1YiI6Im5laWwiLCJuYmYiOjE3Mzg3Njc2NzYsImNzcmYiOiJkN2YwM2M3Mi00YWZhLTQ1YmUtYTVmOS0yYTkxZmJiNzBjZWMiLCJleHAiOjE3Mzg3Njg1NzZ9.arBQRbZt9DPEfMpVEOGSdgW_8hSDvLLArynbIzOODH4"}]
2025-02-05 16:38:36,612 - INFO - received event "authenticate" from lwX6XD-89DlImEM9AABB [/]
2025-02-05 16:38:36,612 - INFO - OSKDaIVTtwQbFAoQAABA: Received packet MESSAGE data 2["get-queue-status",{"username":"neil"}]
2025-02-05 16:38:36,612 - INFO - received event "get-queue-status" from lwX6XD-89DlImEM9AABB [/]
2025-02-05 16:38:36,612 - INFO - Authentication attempt for neil, lwX6XD-89DlImEM9AABB
2025-02-05 16:38:36,618 - INFO - emitting event "queue_status" to lwX6XD-89DlImEM9AABB [/]
2025-02-05 16:38:36,618 - INFO - OSKDaIVTtwQbFAoQAABA: Sending packet MESSAGE data 2["queue_status",{"inQueue":false,"playersInQueue":0,"queue":[]}]
2025-02-05 16:38:36,618 - INFO - Authentication successful for neil
2025-02-05 16:38:36,620 - INFO - emitting event "queue_status" to lwX6XD-89DlImEM9AABB [/]
2025-02-05 16:38:36,620 - INFO - OSKDaIVTtwQbFAoQAABA: Sending packet MESSAGE data 2["queue_status",{"inQueue":false,"playersInQueue":0,"queue":[]}]
2025-02-05 16:38:36,767 - INFO - XW9RPoTs9od6gw8GAAA-: Received request to upgrade to websocket
2025-02-05 16:38:36,781 - INFO - XW9RPoTs9od6gw8GAAA-: Upgrade to websocket successful
2025-02-05 16:38:36,887 - INFO - OSKDaIVTtwQbFAoQAABA: Received request to upgrade to websocket
2025-02-05 16:38:36,894 - INFO - OSKDaIVTtwQbFAoQAABA: Upgrade to websocket successful
2025-02-05 16:39:03,331 - INFO - Client disconnected: l_GdfFJm2UrtMs6nAAA_ (Reason: transport close)
2025-02-05 16:39:03,331 - INFO - User sam disconnected
2025-02-05 16:39:03,361 - INFO - Client disconnected: lwX6XD-89DlImEM9AABB (Reason: transport close)
2025-02-05 16:39:03,363 - INFO - User neil disconnected
2025-02-05 16:39:03,533 - INFO - -MJFP7sLOk2pxCuqAABC: Sending packet OPEN data {'sid': '-MJFP7sLOk2pxCuqAABC', 'upgrades': ['websocket'], 'pingTimeout': 5000000, 'pingInterval': 25000000, 'maxPayload': 1000000}
2025-02-05 16:39:03,543 - INFO - ZZRaK3hpanejH2DRAABD: Sending packet OPEN data {'sid': 'ZZRaK3hpanejH2DRAABD', 'upgrades': ['websocket'], 'pingTimeout': 5000000, 'pingInterval': 25000000, 'maxPayload': 1000000}
2025-02-05 16:39:03,576 - INFO - ZZRaK3hpanejH2DRAABD: Received packet MESSAGE data 0
2025-02-05 16:39:03,580 - INFO - New connection attempt from SID: IQ8vBeoDLz2o7rj1AABE
2025-02-05 16:39:03,580 - INFO - Auth data received: {}
2025-02-05 16:39:03,580 - INFO - Awaiting authentication...
2025-02-05 16:39:03,582 - INFO - ZZRaK3hpanejH2DRAABD: Sending packet MESSAGE data 0{"sid":"IQ8vBeoDLz2o7rj1AABE"}
2025-02-05 16:39:03,586 - INFO - -MJFP7sLOk2pxCuqAABC: Received packet MESSAGE data 0
2025-02-05 16:39:03,588 - INFO - New connection attempt from SID: jevqbhxfh46HW35DAABF
2025-02-05 16:39:03,588 - INFO - Auth data received: {}
2025-02-05 16:39:03,590 - INFO - Awaiting authentication...
2025-02-05 16:39:03,590 - INFO - -MJFP7sLOk2pxCuqAABC: Sending packet MESSAGE data 0{"sid":"jevqbhxfh46HW35DAABF"}
2025-02-05 16:39:03,596 - INFO - -MJFP7sLOk2pxCuqAABC: Received packet MESSAGE data 2["get-queue-status",{"username":"sam"}]
2025-02-05 16:39:03,601 - INFO - received event "get-queue-status" from jevqbhxfh46HW35DAABF [/]
2025-02-05 16:39:03,628 - INFO - emitting event "queue_status" to jevqbhxfh46HW35DAABF [/]
2025-02-05 16:39:03,628 - INFO - -MJFP7sLOk2pxCuqAABC: Sending packet MESSAGE data 2["queue_status",{"inQueue":false,"playersInQueue":0,"queue":[]}]
2025-02-05 16:39:03,628 - INFO - ZZRaK3hpanejH2DRAABD: Received packet MESSAGE data 2["get-queue-status",{"username":"neil"}]
2025-02-05 16:39:03,632 - INFO - received event "get-queue-status" from IQ8vBeoDLz2o7rj1AABE [/]
2025-02-05 16:39:03,635 - INFO - emitting event "queue_status" to IQ8vBeoDLz2o7rj1AABE [/]
2025-02-05 16:39:03,635 - INFO - ZZRaK3hpanejH2DRAABD: Sending packet MESSAGE data 2["queue_status",{"inQueue":false,"playersInQueue":0,"queue":[]}]
2025-02-05 16:39:03,637 - INFO - -MJFP7sLOk2pxCuqAABC: Received packet MESSAGE data 2["authenticate",{"username":"sam","token":"eyJhbGciOiJIUzI1NiIsInR5cCI6IkpXVCJ9.eyJmcmVzaCI6ZmFsc2UsImlhdCI6MTczODc2NzcwMCwianRpIjoiY2ZiMTIxOGUtNmU1NC00MjFjLTg4N2EtYTYyYzY0MGQzNzk1IiwidHlwZSI6ImFjY2VzcyIsInN1YiI6InNhbSIsIm5iZiI6MTczODc2NzcwMCwiY3NyZiI6ImEyZmE0NjI3LWQyNjUtNDdjYS05NjkyLTcyNmQ4YmVkOTFhYiIsImV4cCI6MTczODc2ODYwMH0.-6xnKExwjPT4jO4NbXuNa-xZOtHL7VvblnDXLVujjIg"}]
2025-02-05 16:39:03,637 - INFO - received event "authenticate" from jevqbhxfh46HW35DAABF [/]
2025-02-05 16:39:03,639 - INFO - -MJFP7sLOk2pxCuqAABC: Received packet MESSAGE data 2["get-queue-status",{"username":"sam"}]
2025-02-05 16:39:03,639 - INFO - received event "get-queue-status" from jevqbhxfh46HW35DAABF [/]
2025-02-05 16:39:03,645 - INFO - Authentication attempt for sam, jevqbhxfh46HW35DAABF
2025-02-05 16:39:03,645 - INFO - emitting event "queue_status" to jevqbhxfh46HW35DAABF [/]
2025-02-05 16:39:03,645 - INFO - -MJFP7sLOk2pxCuqAABC: Sending packet MESSAGE data 2["queue_status",{"inQueue":false,"playersInQueue":0,"queue":[]}]
2025-02-05 16:39:03,647 - INFO - Authentication successful for sam
2025-02-05 16:39:03,649 - INFO - emitting event "queue_status" to jevqbhxfh46HW35DAABF [/]
2025-02-05 16:39:03,649 - INFO - -MJFP7sLOk2pxCuqAABC: Sending packet MESSAGE data 2["queue_status",{"inQueue":false,"playersInQueue":0,"queue":[]}]
2025-02-05 16:39:03,651 - INFO - ZZRaK3hpanejH2DRAABD: Received packet MESSAGE data 2["authenticate",{"username":"neil","token":"eyJhbGciOiJIUzI1NiIsInR5cCI6IkpXVCJ9.eyJmcmVzaCI6ZmFsc2UsImlhdCI6MTczODc2NzY3NiwianRpIjoiNTVlYTBhODctY2NlMi00NjRkLTg0ZmQtNjI4NjE2ZDJlZjkwIiwidHlwZSI6ImFjY2VzcyIsInN1YiI6Im5laWwiLCJuYmYiOjE3Mzg3Njc2NzYsImNzcmYiOiJkN2YwM2M3Mi00YWZhLTQ1YmUtYTVmOS0yYTkxZmJiNzBjZWMiLCJleHAiOjE3Mzg3Njg1NzZ9.arBQRbZt9DPEfMpVEOGSdgW_8hSDvLLArynbIzOODH4"}]
2025-02-05 16:39:03,651 - INFO - received event "authenticate" from IQ8vBeoDLz2o7rj1AABE [/]
2025-02-05 16:39:03,654 - INFO - ZZRaK3hpanejH2DRAABD: Received packet MESSAGE data 2["get-queue-status",{"username":"neil"}]
2025-02-05 16:39:03,654 - INFO - received event "get-queue-status" from IQ8vBeoDLz2o7rj1AABE [/]
2025-02-05 16:39:03,660 - INFO - emitting event "queue_status" to IQ8vBeoDLz2o7rj1AABE [/]
2025-02-05 16:39:03,662 - INFO - ZZRaK3hpanejH2DRAABD: Sending packet MESSAGE data 2["queue_status",{"inQueue":false,"playersInQueue":0,"queue":[]}]
2025-02-05 16:39:03,662 - INFO - Authentication attempt for neil, IQ8vBeoDLz2o7rj1AABE
2025-02-05 16:39:03,662 - INFO - emitting event "queue_status" to IQ8vBeoDLz2o7rj1AABE [/]
2025-02-05 16:39:03,666 - INFO - ZZRaK3hpanejH2DRAABD: Sending packet MESSAGE data 2["queue_status",{"inQueue":false,"playersInQueue":0,"queue":[]}]
2025-02-05 16:39:03,667 - INFO - Authentication successful for neil
2025-02-05 16:39:03,889 - INFO - -MJFP7sLOk2pxCuqAABC: Received request to upgrade to websocket
2025-02-05 16:39:03,900 - INFO - -MJFP7sLOk2pxCuqAABC: Upgrade to websocket successful
2025-02-05 16:39:03,922 - INFO - ZZRaK3hpanejH2DRAABD: Received request to upgrade to websocket
2025-02-05 16:39:03,927 - INFO - ZZRaK3hpanejH2DRAABD: Upgrade to websocket successful
2025-02-05 16:39:14,313 - INFO - Client disconnected: jevqbhxfh46HW35DAABF (Reason: transport close)
2025-02-05 16:39:14,313 - INFO - User sam disconnected
2025-02-05 16:39:14,339 - INFO - Client disconnected: IQ8vBeoDLz2o7rj1AABE (Reason: transport close)
2025-02-05 16:39:14,339 - INFO - User neil disconnected
2025-02-05 16:39:14,478 - INFO - n_LaUJrVJ3kN9SFaAABG: Sending packet OPEN data {'sid': 'n_LaUJrVJ3kN9SFaAABG', 'upgrades': ['websocket'], 'pingTimeout': 5000000, 'pingInterval': 25000000, 'maxPayload': 1000000}
2025-02-05 16:39:14,510 - INFO - SM91CoNWHZNnjbzdAABH: Sending packet OPEN data {'sid': 'SM91CoNWHZNnjbzdAABH', 'upgrades': ['websocket'], 'pingTimeout': 5000000, 'pingInterval': 25000000, 'maxPayload': 1000000}
2025-02-05 16:39:14,514 - INFO - n_LaUJrVJ3kN9SFaAABG: Received packet MESSAGE data 0
2025-02-05 16:39:14,517 - INFO - New connection attempt from SID: zTOwZVvOrqrkC_qJAABI
2025-02-05 16:39:14,517 - INFO - Auth data received: {}
2025-02-05 16:39:14,520 - INFO - Awaiting authentication...
2025-02-05 16:39:14,520 - INFO - n_LaUJrVJ3kN9SFaAABG: Sending packet MESSAGE data 0{"sid":"zTOwZVvOrqrkC_qJAABI"}
2025-02-05 16:39:14,535 - INFO - SM91CoNWHZNnjbzdAABH: Received packet MESSAGE data 0
2025-02-05 16:39:14,540 - INFO - New connection attempt from SID: 9ypVgvRLdtl2gP47AABJ
2025-02-05 16:39:14,541 - INFO - Auth data received: {}
2025-02-05 16:39:14,541 - INFO - Awaiting authentication...
2025-02-05 16:39:14,541 - INFO - SM91CoNWHZNnjbzdAABH: Sending packet MESSAGE data 0{"sid":"9ypVgvRLdtl2gP47AABJ"}
2025-02-05 16:39:14,545 - INFO - n_LaUJrVJ3kN9SFaAABG: Received packet MESSAGE data 2["get-queue-status",{"username":"sam"}]
2025-02-05 16:39:14,545 - INFO - received event "get-queue-status" from zTOwZVvOrqrkC_qJAABI [/]
2025-02-05 16:39:14,549 - INFO - emitting event "queue_status" to zTOwZVvOrqrkC_qJAABI [/]
2025-02-05 16:39:14,549 - INFO - n_LaUJrVJ3kN9SFaAABG: Sending packet MESSAGE data 2["queue_status",{"inQueue":false,"playersInQueue":0,"queue":[]}]
2025-02-05 16:39:14,555 - INFO - n_LaUJrVJ3kN9SFaAABG: Received packet MESSAGE data 2["authenticate",{"username":"sam","token":"eyJhbGciOiJIUzI1NiIsInR5cCI6IkpXVCJ9.eyJmcmVzaCI6ZmFsc2UsImlhdCI6MTczODc2NzcwMCwianRpIjoiY2ZiMTIxOGUtNmU1NC00MjFjLTg4N2EtYTYyYzY0MGQzNzk1IiwidHlwZSI6ImFjY2VzcyIsInN1YiI6InNhbSIsIm5iZiI6MTczODc2NzcwMCwiY3NyZiI6ImEyZmE0NjI3LWQyNjUtNDdjYS05NjkyLTcyNmQ4YmVkOTFhYiIsImV4cCI6MTczODc2ODYwMH0.-6xnKExwjPT4jO4NbXuNa-xZOtHL7VvblnDXLVujjIg"}]
2025-02-05 16:39:14,556 - INFO - received event "authenticate" from zTOwZVvOrqrkC_qJAABI [/]
2025-02-05 16:39:14,556 - INFO - n_LaUJrVJ3kN9SFaAABG: Received packet MESSAGE data 2["get-queue-status",{"username":"sam"}]
2025-02-05 16:39:14,557 - INFO - received event "get-queue-status" from zTOwZVvOrqrkC_qJAABI [/]
2025-02-05 16:39:14,560 - INFO - emitting event "queue_status" to zTOwZVvOrqrkC_qJAABI [/]
2025-02-05 16:39:14,560 - INFO - n_LaUJrVJ3kN9SFaAABG: Sending packet MESSAGE data 2["queue_status",{"inQueue":false,"playersInQueue":0,"queue":[]}]
2025-02-05 16:39:14,560 - INFO - Authentication attempt for sam, zTOwZVvOrqrkC_qJAABI
2025-02-05 16:39:14,562 - INFO - emitting event "queue_status" to zTOwZVvOrqrkC_qJAABI [/]
2025-02-05 16:39:14,562 - INFO - n_LaUJrVJ3kN9SFaAABG: Sending packet MESSAGE data 2["queue_status",{"inQueue":false,"playersInQueue":0,"queue":[]}]
2025-02-05 16:39:14,564 - INFO - Authentication successful for sam
2025-02-05 16:39:14,571 - INFO - SM91CoNWHZNnjbzdAABH: Received packet MESSAGE data 2["get-queue-status",{"username":"neil"}]
2025-02-05 16:39:14,571 - INFO - received event "get-queue-status" from 9ypVgvRLdtl2gP47AABJ [/]
2025-02-05 16:39:14,574 - INFO - emitting event "queue_status" to 9ypVgvRLdtl2gP47AABJ [/]
2025-02-05 16:39:14,574 - INFO - SM91CoNWHZNnjbzdAABH: Sending packet MESSAGE data 2["queue_status",{"inQueue":false,"playersInQueue":0,"queue":[]}]
2025-02-05 16:39:14,583 - INFO - SM91CoNWHZNnjbzdAABH: Received packet MESSAGE data 2["authenticate",{"username":"neil","token":"eyJhbGciOiJIUzI1NiIsInR5cCI6IkpXVCJ9.eyJmcmVzaCI6ZmFsc2UsImlhdCI6MTczODc2NzY3NiwianRpIjoiNTVlYTBhODctY2NlMi00NjRkLTg0ZmQtNjI4NjE2ZDJlZjkwIiwidHlwZSI6ImFjY2VzcyIsInN1YiI6Im5laWwiLCJuYmYiOjE3Mzg3Njc2NzYsImNzcmYiOiJkN2YwM2M3Mi00YWZhLTQ1YmUtYTVmOS0yYTkxZmJiNzBjZWMiLCJleHAiOjE3Mzg3Njg1NzZ9.arBQRbZt9DPEfMpVEOGSdgW_8hSDvLLArynbIzOODH4"}]
2025-02-05 16:39:14,583 - INFO - received event "authenticate" from 9ypVgvRLdtl2gP47AABJ [/]
2025-02-05 16:39:14,583 - INFO - SM91CoNWHZNnjbzdAABH: Received packet MESSAGE data 2["get-queue-status",{"username":"neil"}]
2025-02-05 16:39:14,587 - INFO - received event "get-queue-status" from 9ypVgvRLdtl2gP47AABJ [/]
2025-02-05 16:39:14,589 - INFO - Authentication attempt for neil, 9ypVgvRLdtl2gP47AABJ
2025-02-05 16:39:14,590 - INFO - emitting event "queue_status" to 9ypVgvRLdtl2gP47AABJ [/]
2025-02-05 16:39:14,590 - INFO - SM91CoNWHZNnjbzdAABH: Sending packet MESSAGE data 2["queue_status",{"inQueue":false,"playersInQueue":0,"queue":[]}]
2025-02-05 16:39:14,590 - INFO - Authentication successful for neil
2025-02-05 16:39:14,590 - INFO - emitting event "queue_status" to 9ypVgvRLdtl2gP47AABJ [/]
2025-02-05 16:39:14,590 - INFO - SM91CoNWHZNnjbzdAABH: Sending packet MESSAGE data 2["queue_status",{"inQueue":false,"playersInQueue":0,"queue":[]}]
2025-02-05 16:39:14,823 - INFO - n_LaUJrVJ3kN9SFaAABG: Received request to upgrade to websocket
2025-02-05 16:39:14,823 - INFO - n_LaUJrVJ3kN9SFaAABG: Upgrade to websocket successful
2025-02-05 16:39:14,883 - INFO - SM91CoNWHZNnjbzdAABH: Received request to upgrade to websocket
2025-02-05 16:39:14,892 - INFO - SM91CoNWHZNnjbzdAABH: Upgrade to websocket successful
2025-02-05 16:39:17,320 - INFO - Client disconnected: zTOwZVvOrqrkC_qJAABI (Reason: transport close)
2025-02-05 16:39:17,322 - INFO - User sam disconnected
2025-02-05 16:39:17,368 - INFO - Client disconnected: 9ypVgvRLdtl2gP47AABJ (Reason: transport close)
2025-02-05 16:39:17,372 - INFO - User neil disconnected
2025-02-05 16:39:17,469 - INFO - PpLyFS-vLdaAVSHGAABK: Sending packet OPEN data {'sid': 'PpLyFS-vLdaAVSHGAABK', 'upgrades': ['websocket'], 'pingTimeout': 5000000, 'pingInterval': 25000000, 'maxPayload': 1000000}
2025-02-05 16:39:17,498 - INFO - PpLyFS-vLdaAVSHGAABK: Received packet MESSAGE data 0
2025-02-05 16:39:17,500 - INFO - New connection attempt from SID: qdxdJgqNGZ7cpbeZAABL
2025-02-05 16:39:17,500 - INFO - Auth data received: {}
2025-02-05 16:39:17,502 - INFO - Awaiting authentication...
2025-02-05 16:39:17,502 - INFO - PpLyFS-vLdaAVSHGAABK: Sending packet MESSAGE data 0{"sid":"qdxdJgqNGZ7cpbeZAABL"}
2025-02-05 16:39:17,517 - INFO - PpLyFS-vLdaAVSHGAABK: Received packet MESSAGE data 2["get-queue-status",{"username":"sam"}]
2025-02-05 16:39:17,519 - INFO - received event "get-queue-status" from qdxdJgqNGZ7cpbeZAABL [/]
2025-02-05 16:39:17,521 - INFO - emitting event "queue_status" to qdxdJgqNGZ7cpbeZAABL [/]
2025-02-05 16:39:17,521 - INFO - PpLyFS-vLdaAVSHGAABK: Sending packet MESSAGE data 2["queue_status",{"inQueue":false,"playersInQueue":0,"queue":[]}]
2025-02-05 16:39:17,531 - INFO - PpLyFS-vLdaAVSHGAABK: Received packet MESSAGE data 2["authenticate",{"username":"sam","token":"eyJhbGciOiJIUzI1NiIsInR5cCI6IkpXVCJ9.eyJmcmVzaCI6ZmFsc2UsImlhdCI6MTczODc2NzcwMCwianRpIjoiY2ZiMTIxOGUtNmU1NC00MjFjLTg4N2EtYTYyYzY0MGQzNzk1IiwidHlwZSI6ImFjY2VzcyIsInN1YiI6InNhbSIsIm5iZiI6MTczODc2NzcwMCwiY3NyZiI6ImEyZmE0NjI3LWQyNjUtNDdjYS05NjkyLTcyNmQ4YmVkOTFhYiIsImV4cCI6MTczODc2ODYwMH0.-6xnKExwjPT4jO4NbXuNa-xZOtHL7VvblnDXLVujjIg"}]
2025-02-05 16:39:17,534 - INFO - received event "authenticate" from qdxdJgqNGZ7cpbeZAABL [/]
2025-02-05 16:39:17,535 - INFO - PpLyFS-vLdaAVSHGAABK: Received packet MESSAGE data 2["get-queue-status",{"username":"sam"}]
2025-02-05 16:39:17,535 - INFO - received event "get-queue-status" from qdxdJgqNGZ7cpbeZAABL [/]
2025-02-05 16:39:17,539 - INFO - emitting event "queue_status" to qdxdJgqNGZ7cpbeZAABL [/]
2025-02-05 16:39:17,542 - INFO - PpLyFS-vLdaAVSHGAABK: Sending packet MESSAGE data 2["queue_status",{"inQueue":false,"playersInQueue":0,"queue":[]}]
2025-02-05 16:39:17,543 - INFO - Authentication attempt for sam, qdxdJgqNGZ7cpbeZAABL
2025-02-05 16:39:17,543 - INFO - emitting event "queue_status" to qdxdJgqNGZ7cpbeZAABL [/]
2025-02-05 16:39:17,543 - INFO - PpLyFS-vLdaAVSHGAABK: Sending packet MESSAGE data 2["queue_status",{"inQueue":false,"playersInQueue":0,"queue":[]}]
2025-02-05 16:39:17,543 - INFO - Authentication successful for sam
2025-02-05 16:39:17,576 - INFO - unGHoei3d80naTl_AABM: Sending packet OPEN data {'sid': 'unGHoei3d80naTl_AABM', 'upgrades': ['websocket'], 'pingTimeout': 5000000, 'pingInterval': 25000000, 'maxPayload': 1000000}
2025-02-05 16:39:17,600 - INFO - unGHoei3d80naTl_AABM: Received packet MESSAGE data 0
2025-02-05 16:39:17,604 - INFO - New connection attempt from SID: acTIq0Fj5FsQrrB9AABN
2025-02-05 16:39:17,604 - INFO - Auth data received: {}
2025-02-05 16:39:17,606 - INFO - Awaiting authentication...
2025-02-05 16:39:17,606 - INFO - unGHoei3d80naTl_AABM: Sending packet MESSAGE data 0{"sid":"acTIq0Fj5FsQrrB9AABN"}
2025-02-05 16:39:17,648 - INFO - unGHoei3d80naTl_AABM: Received packet MESSAGE data 2["get-queue-status",{"username":"neil"}]
2025-02-05 16:39:17,651 - INFO - received event "get-queue-status" from acTIq0Fj5FsQrrB9AABN [/]
2025-02-05 16:39:17,651 - INFO - emitting event "queue_status" to acTIq0Fj5FsQrrB9AABN [/]
2025-02-05 16:39:17,654 - INFO - unGHoei3d80naTl_AABM: Sending packet MESSAGE data 2["queue_status",{"inQueue":false,"playersInQueue":0,"queue":[]}]
2025-02-05 16:39:17,670 - INFO - unGHoei3d80naTl_AABM: Received packet MESSAGE data 2["authenticate",{"username":"neil","token":"eyJhbGciOiJIUzI1NiIsInR5cCI6IkpXVCJ9.eyJmcmVzaCI6ZmFsc2UsImlhdCI6MTczODc2NzY3NiwianRpIjoiNTVlYTBhODctY2NlMi00NjRkLTg0ZmQtNjI4NjE2ZDJlZjkwIiwidHlwZSI6ImFjY2VzcyIsInN1YiI6Im5laWwiLCJuYmYiOjE3Mzg3Njc2NzYsImNzcmYiOiJkN2YwM2M3Mi00YWZhLTQ1YmUtYTVmOS0yYTkxZmJiNzBjZWMiLCJleHAiOjE3Mzg3Njg1NzZ9.arBQRbZt9DPEfMpVEOGSdgW_8hSDvLLArynbIzOODH4"}]
2025-02-05 16:39:17,672 - INFO - received event "authenticate" from acTIq0Fj5FsQrrB9AABN [/]
2025-02-05 16:39:17,672 - INFO - unGHoei3d80naTl_AABM: Received packet MESSAGE data 2["get-queue-status",{"username":"neil"}]
2025-02-05 16:39:17,674 - INFO - received event "get-queue-status" from acTIq0Fj5FsQrrB9AABN [/]
2025-02-05 16:39:17,676 - INFO - emitting event "queue_status" to acTIq0Fj5FsQrrB9AABN [/]
2025-02-05 16:39:17,676 - INFO - unGHoei3d80naTl_AABM: Sending packet MESSAGE data 2["queue_status",{"inQueue":false,"playersInQueue":0,"queue":[]}]
2025-02-05 16:39:17,679 - INFO - Authentication attempt for neil, acTIq0Fj5FsQrrB9AABN
2025-02-05 16:39:17,679 - INFO - emitting event "queue_status" to acTIq0Fj5FsQrrB9AABN [/]
2025-02-05 16:39:17,679 - INFO - unGHoei3d80naTl_AABM: Sending packet MESSAGE data 2["queue_status",{"inQueue":false,"playersInQueue":0,"queue":[]}]
2025-02-05 16:39:17,680 - INFO - Authentication successful for neil
2025-02-05 16:39:17,804 - INFO - PpLyFS-vLdaAVSHGAABK: Received request to upgrade to websocket
2025-02-05 16:39:17,817 - INFO - PpLyFS-vLdaAVSHGAABK: Upgrade to websocket successful
2025-02-05 16:39:17,956 - INFO - unGHoei3d80naTl_AABM: Received request to upgrade to websocket
2025-02-05 16:39:17,958 - INFO - unGHoei3d80naTl_AABM: Upgrade to websocket successful
2025-02-05 16:39:26,320 - INFO - Client disconnected: qdxdJgqNGZ7cpbeZAABL (Reason: transport close)
2025-02-05 16:39:26,323 - INFO - User sam disconnected
2025-02-05 16:39:26,362 - INFO - Client disconnected: acTIq0Fj5FsQrrB9AABN (Reason: transport close)
2025-02-05 16:39:26,363 - INFO - User neil disconnected
2025-02-05 16:39:26,796 - INFO - F9Y8wBf2fvYPtADtAABO: Sending packet OPEN data {'sid': 'F9Y8wBf2fvYPtADtAABO', 'upgrades': ['websocket'], 'pingTimeout': 5000000, 'pingInterval': 25000000, 'maxPayload': 1000000}
2025-02-05 16:39:26,807 - INFO - F9Y8wBf2fvYPtADtAABO: Received packet MESSAGE data 0
2025-02-05 16:39:26,811 - INFO - New connection attempt from SID: B0RJRhstv81NStbcAABP
2025-02-05 16:39:26,811 - INFO - Auth data received: {}
2025-02-05 16:39:26,812 - INFO - Awaiting authentication...
2025-02-05 16:39:26,812 - INFO - F9Y8wBf2fvYPtADtAABO: Sending packet MESSAGE data 0{"sid":"B0RJRhstv81NStbcAABP"}
2025-02-05 16:39:26,871 - INFO - 7fKiIUSAdz-0aWF3AABQ: Sending packet OPEN data {'sid': '7fKiIUSAdz-0aWF3AABQ', 'upgrades': ['websocket'], 'pingTimeout': 5000000, 'pingInterval': 25000000, 'maxPayload': 1000000}
2025-02-05 16:39:26,878 - INFO - 7fKiIUSAdz-0aWF3AABQ: Received packet MESSAGE data 0
2025-02-05 16:39:26,880 - INFO - New connection attempt from SID: LfZDbW_KVewyXnyAAABR
2025-02-05 16:39:26,880 - INFO - Auth data received: {}
2025-02-05 16:39:26,880 - INFO - Awaiting authentication...
2025-02-05 16:39:26,880 - INFO - 7fKiIUSAdz-0aWF3AABQ: Sending packet MESSAGE data 0{"sid":"LfZDbW_KVewyXnyAAABR"}
2025-02-05 16:39:27,055 - INFO - F9Y8wBf2fvYPtADtAABO: Received packet MESSAGE data 2["get-queue-status",{"username":"sam"}]
2025-02-05 16:39:27,055 - INFO - received event "get-queue-status" from B0RJRhstv81NStbcAABP [/]
2025-02-05 16:39:27,059 - INFO - emitting event "queue_status" to B0RJRhstv81NStbcAABP [/]
2025-02-05 16:39:27,059 - INFO - F9Y8wBf2fvYPtADtAABO: Sending packet MESSAGE data 2["queue_status",{"inQueue":false,"playersInQueue":0,"queue":[]}]
2025-02-05 16:39:27,062 - INFO - F9Y8wBf2fvYPtADtAABO: Received packet MESSAGE data 2["authenticate",{"username":"sam","token":"eyJhbGciOiJIUzI1NiIsInR5cCI6IkpXVCJ9.eyJmcmVzaCI6ZmFsc2UsImlhdCI6MTczODc2NzcwMCwianRpIjoiY2ZiMTIxOGUtNmU1NC00MjFjLTg4N2EtYTYyYzY0MGQzNzk1IiwidHlwZSI6ImFjY2VzcyIsInN1YiI6InNhbSIsIm5iZiI6MTczODc2NzcwMCwiY3NyZiI6ImEyZmE0NjI3LWQyNjUtNDdjYS05NjkyLTcyNmQ4YmVkOTFhYiIsImV4cCI6MTczODc2ODYwMH0.-6xnKExwjPT4jO4NbXuNa-xZOtHL7VvblnDXLVujjIg"}]
2025-02-05 16:39:27,062 - INFO - received event "authenticate" from B0RJRhstv81NStbcAABP [/]
2025-02-05 16:39:27,062 - INFO - F9Y8wBf2fvYPtADtAABO: Received packet MESSAGE data 2["get-queue-status",{"username":"sam"}]
2025-02-05 16:39:27,065 - INFO - received event "get-queue-status" from B0RJRhstv81NStbcAABP [/]
2025-02-05 16:39:27,067 - INFO - emitting event "queue_status" to B0RJRhstv81NStbcAABP [/]
2025-02-05 16:39:27,067 - INFO - F9Y8wBf2fvYPtADtAABO: Sending packet MESSAGE data 2["queue_status",{"inQueue":false,"playersInQueue":0,"queue":[]}]
2025-02-05 16:39:27,069 - INFO - Authentication attempt for sam, B0RJRhstv81NStbcAABP
2025-02-05 16:39:27,069 - INFO - emitting event "queue_status" to B0RJRhstv81NStbcAABP [/]
2025-02-05 16:39:27,071 - INFO - F9Y8wBf2fvYPtADtAABO: Sending packet MESSAGE data 2["queue_status",{"inQueue":false,"playersInQueue":0,"queue":[]}]
2025-02-05 16:39:27,071 - INFO - Authentication successful for sam
2025-02-05 16:39:27,111 - INFO - F9Y8wBf2fvYPtADtAABO: Received request to upgrade to websocket
2025-02-05 16:39:27,119 - INFO - F9Y8wBf2fvYPtADtAABO: Upgrade to websocket successful
2025-02-05 16:39:27,131 - INFO - 7fKiIUSAdz-0aWF3AABQ: Received packet MESSAGE data 2["get-queue-status",{"username":"neil"}]
2025-02-05 16:39:27,131 - INFO - received event "get-queue-status" from LfZDbW_KVewyXnyAAABR [/]
2025-02-05 16:39:27,131 - INFO - emitting event "queue_status" to LfZDbW_KVewyXnyAAABR [/]
2025-02-05 16:39:27,131 - INFO - 7fKiIUSAdz-0aWF3AABQ: Sending packet MESSAGE data 2["queue_status",{"inQueue":false,"playersInQueue":0,"queue":[]}]
2025-02-05 16:39:27,138 - INFO - 7fKiIUSAdz-0aWF3AABQ: Received packet MESSAGE data 2["authenticate",{"username":"neil","token":"eyJhbGciOiJIUzI1NiIsInR5cCI6IkpXVCJ9.eyJmcmVzaCI6ZmFsc2UsImlhdCI6MTczODc2NzY3NiwianRpIjoiNTVlYTBhODctY2NlMi00NjRkLTg0ZmQtNjI4NjE2ZDJlZjkwIiwidHlwZSI6ImFjY2VzcyIsInN1YiI6Im5laWwiLCJuYmYiOjE3Mzg3Njc2NzYsImNzcmYiOiJkN2YwM2M3Mi00YWZhLTQ1YmUtYTVmOS0yYTkxZmJiNzBjZWMiLCJleHAiOjE3Mzg3Njg1NzZ9.arBQRbZt9DPEfMpVEOGSdgW_8hSDvLLArynbIzOODH4"}]
2025-02-05 16:39:27,138 - INFO - received event "authenticate" from LfZDbW_KVewyXnyAAABR [/]
2025-02-05 16:39:27,140 - INFO - 7fKiIUSAdz-0aWF3AABQ: Received packet MESSAGE data 2["get-queue-status",{"username":"neil"}]
2025-02-05 16:39:27,140 - INFO - received event "get-queue-status" from LfZDbW_KVewyXnyAAABR [/]
2025-02-05 16:39:27,142 - INFO - emitting event "queue_status" to LfZDbW_KVewyXnyAAABR [/]
2025-02-05 16:39:27,143 - INFO - 7fKiIUSAdz-0aWF3AABQ: Sending packet MESSAGE data 2["queue_status",{"inQueue":false,"playersInQueue":0,"queue":[]}]
2025-02-05 16:39:27,144 - INFO - Authentication attempt for neil, LfZDbW_KVewyXnyAAABR
2025-02-05 16:39:27,144 - INFO - emitting event "queue_status" to LfZDbW_KVewyXnyAAABR [/]
2025-02-05 16:39:27,144 - INFO - 7fKiIUSAdz-0aWF3AABQ: Sending packet MESSAGE data 2["queue_status",{"inQueue":false,"playersInQueue":0,"queue":[]}]
2025-02-05 16:39:27,144 - INFO - Authentication successful for neil
2025-02-05 16:39:27,185 - INFO - 7fKiIUSAdz-0aWF3AABQ: Received request to upgrade to websocket
2025-02-05 16:39:27,193 - INFO - 7fKiIUSAdz-0aWF3AABQ: Upgrade to websocket successful
2025-02-05 16:39:51,320 - INFO - Client disconnected: B0RJRhstv81NStbcAABP (Reason: transport close)
2025-02-05 16:39:51,323 - INFO - User sam disconnected
2025-02-05 16:39:51,353 - INFO - Client disconnected: LfZDbW_KVewyXnyAAABR (Reason: transport close)
2025-02-05 16:39:51,355 - INFO - User neil disconnected
2025-02-05 16:39:51,517 - INFO - 2IQmQsZBpQ6pYXWzAABS: Sending packet OPEN data {'sid': '2IQmQsZBpQ6pYXWzAABS', 'upgrades': ['websocket'], 'pingTimeout': 5000000, 'pingInterval': 25000000, 'maxPayload': 1000000}
2025-02-05 16:39:51,543 - INFO - _ICjkAr8dGGjudP0AABT: Sending packet OPEN data {'sid': '_ICjkAr8dGGjudP0AABT', 'upgrades': ['websocket'], 'pingTimeout': 5000000, 'pingInterval': 25000000, 'maxPayload': 1000000}
2025-02-05 16:39:51,553 - INFO - 2IQmQsZBpQ6pYXWzAABS: Received packet MESSAGE data 0
2025-02-05 16:39:51,555 - INFO - New connection attempt from SID: GC5Rz5O3IUcXh4U1AABU
2025-02-05 16:39:51,557 - INFO - Auth data received: {}
2025-02-05 16:39:51,557 - INFO - Awaiting authentication...
2025-02-05 16:39:51,557 - INFO - 2IQmQsZBpQ6pYXWzAABS: Sending packet MESSAGE data 0{"sid":"GC5Rz5O3IUcXh4U1AABU"}
2025-02-05 16:39:51,570 - INFO - _ICjkAr8dGGjudP0AABT: Received packet MESSAGE data 0
2025-02-05 16:39:51,570 - INFO - New connection attempt from SID: pYB3Vsf9KJPsYYtXAABV
2025-02-05 16:39:51,573 - INFO - Auth data received: {}
2025-02-05 16:39:51,573 - INFO - Awaiting authentication...
2025-02-05 16:39:51,574 - INFO - _ICjkAr8dGGjudP0AABT: Sending packet MESSAGE data 0{"sid":"pYB3Vsf9KJPsYYtXAABV"}
2025-02-05 16:39:51,576 - INFO - 2IQmQsZBpQ6pYXWzAABS: Received packet MESSAGE data 2["get-queue-status",{"username":"sam"}]
2025-02-05 16:39:51,579 - INFO - received event "get-queue-status" from GC5Rz5O3IUcXh4U1AABU [/]
2025-02-05 16:39:51,579 - INFO - emitting event "queue_status" to GC5Rz5O3IUcXh4U1AABU [/]
2025-02-05 16:39:51,579 - INFO - 2IQmQsZBpQ6pYXWzAABS: Sending packet MESSAGE data 2["queue_status",{"inQueue":false,"playersInQueue":0,"queue":[]}]
2025-02-05 16:39:51,586 - INFO - 2IQmQsZBpQ6pYXWzAABS: Received packet MESSAGE data 2["authenticate",{"username":"sam","token":"eyJhbGciOiJIUzI1NiIsInR5cCI6IkpXVCJ9.eyJmcmVzaCI6ZmFsc2UsImlhdCI6MTczODc2NzcwMCwianRpIjoiY2ZiMTIxOGUtNmU1NC00MjFjLTg4N2EtYTYyYzY0MGQzNzk1IiwidHlwZSI6ImFjY2VzcyIsInN1YiI6InNhbSIsIm5iZiI6MTczODc2NzcwMCwiY3NyZiI6ImEyZmE0NjI3LWQyNjUtNDdjYS05NjkyLTcyNmQ4YmVkOTFhYiIsImV4cCI6MTczODc2ODYwMH0.-6xnKExwjPT4jO4NbXuNa-xZOtHL7VvblnDXLVujjIg"}]
2025-02-05 16:39:51,588 - INFO - received event "authenticate" from GC5Rz5O3IUcXh4U1AABU [/]
2025-02-05 16:39:51,589 - INFO - 2IQmQsZBpQ6pYXWzAABS: Received packet MESSAGE data 2["get-queue-status",{"username":"sam"}]
2025-02-05 16:39:51,589 - INFO - received event "get-queue-status" from GC5Rz5O3IUcXh4U1AABU [/]
2025-02-05 16:39:51,593 - INFO - Authentication attempt for sam, GC5Rz5O3IUcXh4U1AABU
2025-02-05 16:39:51,594 - INFO - emitting event "queue_status" to GC5Rz5O3IUcXh4U1AABU [/]
2025-02-05 16:39:51,594 - INFO - 2IQmQsZBpQ6pYXWzAABS: Sending packet MESSAGE data 2["queue_status",{"inQueue":false,"playersInQueue":0,"queue":[]}]
2025-02-05 16:39:51,594 - INFO - Authentication successful for sam
2025-02-05 16:39:51,596 - INFO - emitting event "queue_status" to GC5Rz5O3IUcXh4U1AABU [/]
2025-02-05 16:39:51,596 - INFO - 2IQmQsZBpQ6pYXWzAABS: Sending packet MESSAGE data 2["queue_status",{"inQueue":false,"playersInQueue":0,"queue":[]}]
2025-02-05 16:39:51,606 - INFO - _ICjkAr8dGGjudP0AABT: Received packet MESSAGE data 2["get-queue-status",{"username":"neil"}]
2025-02-05 16:39:51,606 - INFO - received event "get-queue-status" from pYB3Vsf9KJPsYYtXAABV [/]
2025-02-05 16:39:51,606 - INFO - emitting event "queue_status" to pYB3Vsf9KJPsYYtXAABV [/]
2025-02-05 16:39:51,611 - INFO - _ICjkAr8dGGjudP0AABT: Sending packet MESSAGE data 2["queue_status",{"inQueue":false,"playersInQueue":0,"queue":[]}]
2025-02-05 16:39:51,617 - INFO - _ICjkAr8dGGjudP0AABT: Received packet MESSAGE data 2["authenticate",{"username":"neil","token":"eyJhbGciOiJIUzI1NiIsInR5cCI6IkpXVCJ9.eyJmcmVzaCI6ZmFsc2UsImlhdCI6MTczODc2NzY3NiwianRpIjoiNTVlYTBhODctY2NlMi00NjRkLTg0ZmQtNjI4NjE2ZDJlZjkwIiwidHlwZSI6ImFjY2VzcyIsInN1YiI6Im5laWwiLCJuYmYiOjE3Mzg3Njc2NzYsImNzcmYiOiJkN2YwM2M3Mi00YWZhLTQ1YmUtYTVmOS0yYTkxZmJiNzBjZWMiLCJleHAiOjE3Mzg3Njg1NzZ9.arBQRbZt9DPEfMpVEOGSdgW_8hSDvLLArynbIzOODH4"}]
2025-02-05 16:39:51,622 - INFO - received event "authenticate" from pYB3Vsf9KJPsYYtXAABV [/]
2025-02-05 16:39:51,622 - INFO - _ICjkAr8dGGjudP0AABT: Received packet MESSAGE data 2["get-queue-status",{"username":"neil"}]
2025-02-05 16:39:51,622 - INFO - received event "get-queue-status" from pYB3Vsf9KJPsYYtXAABV [/]
2025-02-05 16:39:51,626 - INFO - Authentication attempt for neil, pYB3Vsf9KJPsYYtXAABV
2025-02-05 16:39:51,626 - INFO - emitting event "queue_status" to pYB3Vsf9KJPsYYtXAABV [/]
2025-02-05 16:39:51,627 - INFO - _ICjkAr8dGGjudP0AABT: Sending packet MESSAGE data 2["queue_status",{"inQueue":false,"playersInQueue":0,"queue":[]}]
2025-02-05 16:39:51,627 - INFO - Authentication successful for neil
2025-02-05 16:39:51,629 - INFO - emitting event "queue_status" to pYB3Vsf9KJPsYYtXAABV [/]
2025-02-05 16:39:51,629 - INFO - _ICjkAr8dGGjudP0AABT: Sending packet MESSAGE data 2["queue_status",{"inQueue":false,"playersInQueue":0,"queue":[]}]
2025-02-05 16:39:51,864 - INFO - 2IQmQsZBpQ6pYXWzAABS: Received request to upgrade to websocket
2025-02-05 16:39:51,872 - INFO - 2IQmQsZBpQ6pYXWzAABS: Upgrade to websocket successful
2025-02-05 16:39:51,912 - INFO - _ICjkAr8dGGjudP0AABT: Received request to upgrade to websocket
2025-02-05 16:39:51,920 - INFO - _ICjkAr8dGGjudP0AABT: Upgrade to websocket successful
2025-02-05 16:40:13,312 - INFO - Client disconnected: GC5Rz5O3IUcXh4U1AABU (Reason: transport close)
2025-02-05 16:40:13,314 - INFO - User sam disconnected
2025-02-05 16:40:13,342 - INFO - Client disconnected: pYB3Vsf9KJPsYYtXAABV (Reason: transport close)
2025-02-05 16:40:13,344 - INFO - User neil disconnected
2025-02-05 16:40:13,505 - INFO - pC-pGohBS2AAlLZCAABW: Sending packet OPEN data {'sid': 'pC-pGohBS2AAlLZCAABW', 'upgrades': ['websocket'], 'pingTimeout': 5000000, 'pingInterval': 25000000, 'maxPayload': 1000000}
2025-02-05 16:40:13,525 - INFO - kchdb_flVMsI6iJ4AABX: Sending packet OPEN data {'sid': 'kchdb_flVMsI6iJ4AABX', 'upgrades': ['websocket'], 'pingTimeout': 5000000, 'pingInterval': 25000000, 'maxPayload': 1000000}
2025-02-05 16:40:13,548 - INFO - pC-pGohBS2AAlLZCAABW: Received packet MESSAGE data 0
2025-02-05 16:40:13,548 - INFO - New connection attempt from SID: FKxuqh_mzosRkGBPAABY
2025-02-05 16:40:13,551 - INFO - Auth data received: {}
2025-02-05 16:40:13,551 - INFO - Awaiting authentication...
2025-02-05 16:40:13,551 - INFO - pC-pGohBS2AAlLZCAABW: Sending packet MESSAGE data 0{"sid":"FKxuqh_mzosRkGBPAABY"}
2025-02-05 16:40:13,556 - INFO - kchdb_flVMsI6iJ4AABX: Received packet MESSAGE data 0
2025-02-05 16:40:13,559 - INFO - New connection attempt from SID: f-LvngNMwg8DDPCeAABZ
2025-02-05 16:40:13,560 - INFO - Auth data received: {}
2025-02-05 16:40:13,560 - INFO - Awaiting authentication...
2025-02-05 16:40:13,560 - INFO - kchdb_flVMsI6iJ4AABX: Sending packet MESSAGE data 0{"sid":"f-LvngNMwg8DDPCeAABZ"}
2025-02-05 16:40:13,587 - INFO - pC-pGohBS2AAlLZCAABW: Received packet MESSAGE data 2["get-queue-status",{"username":"sam"}]
2025-02-05 16:40:13,588 - INFO - received event "get-queue-status" from FKxuqh_mzosRkGBPAABY [/]
2025-02-05 16:40:13,588 - INFO - emitting event "queue_status" to FKxuqh_mzosRkGBPAABY [/]
2025-02-05 16:40:13,592 - INFO - pC-pGohBS2AAlLZCAABW: Sending packet MESSAGE data 2["queue_status",{"inQueue":false,"playersInQueue":0,"queue":[]}]
2025-02-05 16:40:13,596 - INFO - kchdb_flVMsI6iJ4AABX: Received packet MESSAGE data 2["get-queue-status",{"username":"neil"}]
2025-02-05 16:40:13,596 - INFO - received event "get-queue-status" from f-LvngNMwg8DDPCeAABZ [/]
2025-02-05 16:40:13,599 - INFO - emitting event "queue_status" to f-LvngNMwg8DDPCeAABZ [/]
2025-02-05 16:40:13,600 - INFO - kchdb_flVMsI6iJ4AABX: Sending packet MESSAGE data 2["queue_status",{"inQueue":false,"playersInQueue":0,"queue":[]}]
2025-02-05 16:40:13,601 - INFO - pC-pGohBS2AAlLZCAABW: Received packet MESSAGE data 2["authenticate",{"username":"sam","token":"eyJhbGciOiJIUzI1NiIsInR5cCI6IkpXVCJ9.eyJmcmVzaCI6ZmFsc2UsImlhdCI6MTczODc2NzcwMCwianRpIjoiY2ZiMTIxOGUtNmU1NC00MjFjLTg4N2EtYTYyYzY0MGQzNzk1IiwidHlwZSI6ImFjY2VzcyIsInN1YiI6InNhbSIsIm5iZiI6MTczODc2NzcwMCwiY3NyZiI6ImEyZmE0NjI3LWQyNjUtNDdjYS05NjkyLTcyNmQ4YmVkOTFhYiIsImV4cCI6MTczODc2ODYwMH0.-6xnKExwjPT4jO4NbXuNa-xZOtHL7VvblnDXLVujjIg"}]
2025-02-05 16:40:13,601 - INFO - received event "authenticate" from FKxuqh_mzosRkGBPAABY [/]
2025-02-05 16:40:13,604 - INFO - pC-pGohBS2AAlLZCAABW: Received packet MESSAGE data 2["get-queue-status",{"username":"sam"}]
2025-02-05 16:40:13,604 - INFO - received event "get-queue-status" from FKxuqh_mzosRkGBPAABY [/]
2025-02-05 16:40:13,604 - INFO - Authentication attempt for sam, FKxuqh_mzosRkGBPAABY
2025-02-05 16:40:13,604 - INFO - emitting event "queue_status" to FKxuqh_mzosRkGBPAABY [/]
2025-02-05 16:40:13,604 - INFO - pC-pGohBS2AAlLZCAABW: Sending packet MESSAGE data 2["queue_status",{"inQueue":false,"playersInQueue":0,"queue":[]}]
2025-02-05 16:40:13,604 - INFO - Authentication successful for sam
2025-02-05 16:40:13,610 - INFO - emitting event "queue_status" to FKxuqh_mzosRkGBPAABY [/]
2025-02-05 16:40:13,610 - INFO - pC-pGohBS2AAlLZCAABW: Sending packet MESSAGE data 2["queue_status",{"inQueue":false,"playersInQueue":0,"queue":[]}]
2025-02-05 16:40:13,625 - INFO - kchdb_flVMsI6iJ4AABX: Received packet MESSAGE data 2["authenticate",{"username":"neil","token":"eyJhbGciOiJIUzI1NiIsInR5cCI6IkpXVCJ9.eyJmcmVzaCI6ZmFsc2UsImlhdCI6MTczODc2NzY3NiwianRpIjoiNTVlYTBhODctY2NlMi00NjRkLTg0ZmQtNjI4NjE2ZDJlZjkwIiwidHlwZSI6ImFjY2VzcyIsInN1YiI6Im5laWwiLCJuYmYiOjE3Mzg3Njc2NzYsImNzcmYiOiJkN2YwM2M3Mi00YWZhLTQ1YmUtYTVmOS0yYTkxZmJiNzBjZWMiLCJleHAiOjE3Mzg3Njg1NzZ9.arBQRbZt9DPEfMpVEOGSdgW_8hSDvLLArynbIzOODH4"}]
2025-02-05 16:40:13,625 - INFO - received event "authenticate" from f-LvngNMwg8DDPCeAABZ [/]
2025-02-05 16:40:13,625 - INFO - kchdb_flVMsI6iJ4AABX: Received packet MESSAGE data 2["get-queue-status",{"username":"neil"}]
2025-02-05 16:40:13,629 - INFO - received event "get-queue-status" from f-LvngNMwg8DDPCeAABZ [/]
2025-02-05 16:40:13,631 - INFO - emitting event "queue_status" to f-LvngNMwg8DDPCeAABZ [/]
2025-02-05 16:40:13,631 - INFO - kchdb_flVMsI6iJ4AABX: Sending packet MESSAGE data 2["queue_status",{"inQueue":false,"playersInQueue":0,"queue":[]}]
2025-02-05 16:40:13,633 - INFO - Authentication attempt for neil, f-LvngNMwg8DDPCeAABZ
2025-02-05 16:40:13,633 - INFO - emitting event "queue_status" to f-LvngNMwg8DDPCeAABZ [/]
2025-02-05 16:40:13,633 - INFO - kchdb_flVMsI6iJ4AABX: Sending packet MESSAGE data 2["queue_status",{"inQueue":false,"playersInQueue":0,"queue":[]}]
2025-02-05 16:40:13,635 - INFO - Authentication successful for neil
2025-02-05 16:40:13,861 - INFO - pC-pGohBS2AAlLZCAABW: Received request to upgrade to websocket
2025-02-05 16:40:13,869 - INFO - pC-pGohBS2AAlLZCAABW: Upgrade to websocket successful
2025-02-05 16:40:13,906 - INFO - kchdb_flVMsI6iJ4AABX: Received request to upgrade to websocket
2025-02-05 16:40:13,914 - INFO - kchdb_flVMsI6iJ4AABX: Upgrade to websocket successful
2025-02-05 16:42:04,313 - INFO - Client disconnected: FKxuqh_mzosRkGBPAABY (Reason: transport close)
2025-02-05 16:42:04,313 - INFO - User sam disconnected
2025-02-05 16:42:04,360 - INFO - Client disconnected: f-LvngNMwg8DDPCeAABZ (Reason: transport close)
2025-02-05 16:42:04,360 - INFO - User neil disconnected
2025-02-05 16:42:04,502 - INFO - ma0oef9PF9tvKy0bAABa: Sending packet OPEN data {'sid': 'ma0oef9PF9tvKy0bAABa', 'upgrades': ['websocket'], 'pingTimeout': 5000000, 'pingInterval': 25000000, 'maxPayload': 1000000}
2025-02-05 16:42:04,529 - INFO - vXaxfOmLXwBY_DONAABb: Sending packet OPEN data {'sid': 'vXaxfOmLXwBY_DONAABb', 'upgrades': ['websocket'], 'pingTimeout': 5000000, 'pingInterval': 25000000, 'maxPayload': 1000000}
2025-02-05 16:42:04,534 - INFO - ma0oef9PF9tvKy0bAABa: Received packet MESSAGE data 0
2025-02-05 16:42:04,537 - INFO - New connection attempt from SID: 0eGXh3PHhgpG9wSBAABc
2025-02-05 16:42:04,538 - INFO - Auth data received: {}
2025-02-05 16:42:04,538 - INFO - Awaiting authentication...
2025-02-05 16:42:04,538 - INFO - ma0oef9PF9tvKy0bAABa: Sending packet MESSAGE data 0{"sid":"0eGXh3PHhgpG9wSBAABc"}
2025-02-05 16:42:04,552 - INFO - ma0oef9PF9tvKy0bAABa: Received packet MESSAGE data 2["get-queue-status",{"username":"sam"}]
2025-02-05 16:42:04,552 - INFO - received event "get-queue-status" from 0eGXh3PHhgpG9wSBAABc [/]
2025-02-05 16:42:04,555 - INFO - emitting event "queue_status" to 0eGXh3PHhgpG9wSBAABc [/]
2025-02-05 16:42:04,555 - INFO - ma0oef9PF9tvKy0bAABa: Sending packet MESSAGE data 2["queue_status",{"inQueue":false,"playersInQueue":0,"queue":[]}]
2025-02-05 16:42:04,562 - INFO - ma0oef9PF9tvKy0bAABa: Received packet MESSAGE data 2["authenticate",{"username":"sam","token":"eyJhbGciOiJIUzI1NiIsInR5cCI6IkpXVCJ9.eyJmcmVzaCI6ZmFsc2UsImlhdCI6MTczODc2NzcwMCwianRpIjoiY2ZiMTIxOGUtNmU1NC00MjFjLTg4N2EtYTYyYzY0MGQzNzk1IiwidHlwZSI6ImFjY2VzcyIsInN1YiI6InNhbSIsIm5iZiI6MTczODc2NzcwMCwiY3NyZiI6ImEyZmE0NjI3LWQyNjUtNDdjYS05NjkyLTcyNmQ4YmVkOTFhYiIsImV4cCI6MTczODc2ODYwMH0.-6xnKExwjPT4jO4NbXuNa-xZOtHL7VvblnDXLVujjIg"}]
2025-02-05 16:42:04,563 - INFO - received event "authenticate" from 0eGXh3PHhgpG9wSBAABc [/]
2025-02-05 16:42:04,565 - INFO - Authentication attempt for sam, 0eGXh3PHhgpG9wSBAABc
2025-02-05 16:42:04,565 - INFO - emitting event "queue_status" to 0eGXh3PHhgpG9wSBAABc [/]
2025-02-05 16:42:04,565 - INFO - ma0oef9PF9tvKy0bAABa: Sending packet MESSAGE data 2["queue_status",{"inQueue":false,"playersInQueue":0,"queue":[]}]
2025-02-05 16:42:04,567 - INFO - Authentication successful for sam
2025-02-05 16:42:04,570 - INFO - vXaxfOmLXwBY_DONAABb: Received packet MESSAGE data 0
2025-02-05 16:42:04,573 - INFO - New connection attempt from SID: w-b92pJAUjh0zUAvAABd
2025-02-05 16:42:04,575 - INFO - Auth data received: {}
2025-02-05 16:42:04,575 - INFO - Awaiting authentication...
2025-02-05 16:42:04,575 - INFO - vXaxfOmLXwBY_DONAABb: Sending packet MESSAGE data 0{"sid":"w-b92pJAUjh0zUAvAABd"}
2025-02-05 16:42:04,599 - INFO - vXaxfOmLXwBY_DONAABb: Received packet MESSAGE data 2["get-queue-status",{"username":"neil"}]
2025-02-05 16:42:04,601 - INFO - received event "get-queue-status" from w-b92pJAUjh0zUAvAABd [/]
2025-02-05 16:42:04,603 - INFO - emitting event "queue_status" to w-b92pJAUjh0zUAvAABd [/]
2025-02-05 16:42:04,603 - INFO - vXaxfOmLXwBY_DONAABb: Sending packet MESSAGE data 2["queue_status",{"inQueue":false,"playersInQueue":0,"queue":[]}]
2025-02-05 16:42:04,614 - INFO - vXaxfOmLXwBY_DONAABb: Received packet MESSAGE data 2["authenticate",{"username":"neil","token":"eyJhbGciOiJIUzI1NiIsInR5cCI6IkpXVCJ9.eyJmcmVzaCI6ZmFsc2UsImlhdCI6MTczODc2NzY3NiwianRpIjoiNTVlYTBhODctY2NlMi00NjRkLTg0ZmQtNjI4NjE2ZDJlZjkwIiwidHlwZSI6ImFjY2VzcyIsInN1YiI6Im5laWwiLCJuYmYiOjE3Mzg3Njc2NzYsImNzcmYiOiJkN2YwM2M3Mi00YWZhLTQ1YmUtYTVmOS0yYTkxZmJiNzBjZWMiLCJleHAiOjE3Mzg3Njg1NzZ9.arBQRbZt9DPEfMpVEOGSdgW_8hSDvLLArynbIzOODH4"}]
2025-02-05 16:42:04,614 - INFO - received event "authenticate" from w-b92pJAUjh0zUAvAABd [/]
2025-02-05 16:42:04,615 - INFO - Authentication attempt for neil, w-b92pJAUjh0zUAvAABd
2025-02-05 16:42:04,617 - INFO - emitting event "queue_status" to w-b92pJAUjh0zUAvAABd [/]
2025-02-05 16:42:04,618 - INFO - vXaxfOmLXwBY_DONAABb: Sending packet MESSAGE data 2["queue_status",{"inQueue":false,"playersInQueue":0,"queue":[]}]
2025-02-05 16:42:04,618 - INFO - Authentication successful for neil
2025-02-05 16:42:04,839 - INFO - ma0oef9PF9tvKy0bAABa: Received request to upgrade to websocket
2025-02-05 16:42:04,852 - INFO - ma0oef9PF9tvKy0bAABa: Upgrade to websocket successful
2025-02-05 16:42:04,901 - INFO - vXaxfOmLXwBY_DONAABb: Received request to upgrade to websocket
2025-02-05 16:42:04,908 - INFO - vXaxfOmLXwBY_DONAABb: Upgrade to websocket successful
2025-02-05 16:42:22,321 - INFO - Client disconnected: 0eGXh3PHhgpG9wSBAABc (Reason: transport close)
2025-02-05 16:42:22,321 - INFO - User sam disconnected
2025-02-05 16:42:22,343 - INFO - Client disconnected: w-b92pJAUjh0zUAvAABd (Reason: transport close)
2025-02-05 16:42:22,343 - INFO - User neil disconnected
2025-02-05 16:42:22,496 - INFO - aGlw1u4t2JM1eqSkAABe: Sending packet OPEN data {'sid': 'aGlw1u4t2JM1eqSkAABe', 'upgrades': ['websocket'], 'pingTimeout': 5000000, 'pingInterval': 25000000, 'maxPayload': 1000000}
2025-02-05 16:42:22,522 - INFO - fpHkKnxLYJKM4aP0AABf: Sending packet OPEN data {'sid': 'fpHkKnxLYJKM4aP0AABf', 'upgrades': ['websocket'], 'pingTimeout': 5000000, 'pingInterval': 25000000, 'maxPayload': 1000000}
2025-02-05 16:42:22,532 - INFO - aGlw1u4t2JM1eqSkAABe: Received packet MESSAGE data 0
2025-02-05 16:42:22,535 - INFO - New connection attempt from SID: 5JOfpPurXF6XQYpxAABg
2025-02-05 16:42:22,537 - INFO - Auth data received: {}
2025-02-05 16:42:22,537 - INFO - Awaiting authentication...
2025-02-05 16:42:22,537 - INFO - aGlw1u4t2JM1eqSkAABe: Sending packet MESSAGE data 0{"sid":"5JOfpPurXF6XQYpxAABg"}
2025-02-05 16:42:22,551 - INFO - fpHkKnxLYJKM4aP0AABf: Received packet MESSAGE data 0
2025-02-05 16:42:22,551 - INFO - New connection attempt from SID: 8mKQGDPBB3EvzAL3AABh
2025-02-05 16:42:22,551 - INFO - Auth data received: {}
2025-02-05 16:42:22,551 - INFO - Awaiting authentication...
2025-02-05 16:42:22,551 - INFO - fpHkKnxLYJKM4aP0AABf: Sending packet MESSAGE data 0{"sid":"8mKQGDPBB3EvzAL3AABh"}
2025-02-05 16:42:22,568 - INFO - aGlw1u4t2JM1eqSkAABe: Received packet MESSAGE data 2["get-queue-status",{"username":"sam"}]
2025-02-05 16:42:22,568 - INFO - received event "get-queue-status" from 5JOfpPurXF6XQYpxAABg [/]
2025-02-05 16:42:22,568 - INFO - emitting event "queue_status" to 5JOfpPurXF6XQYpxAABg [/]
2025-02-05 16:42:22,568 - INFO - aGlw1u4t2JM1eqSkAABe: Sending packet MESSAGE data 2["queue_status",{"inQueue":false,"playersInQueue":0,"queue":[]}]
2025-02-05 16:42:22,572 - INFO - aGlw1u4t2JM1eqSkAABe: Received packet MESSAGE data 2["authenticate",{"username":"sam","token":"eyJhbGciOiJIUzI1NiIsInR5cCI6IkpXVCJ9.eyJmcmVzaCI6ZmFsc2UsImlhdCI6MTczODc2NzcwMCwianRpIjoiY2ZiMTIxOGUtNmU1NC00MjFjLTg4N2EtYTYyYzY0MGQzNzk1IiwidHlwZSI6ImFjY2VzcyIsInN1YiI6InNhbSIsIm5iZiI6MTczODc2NzcwMCwiY3NyZiI6ImEyZmE0NjI3LWQyNjUtNDdjYS05NjkyLTcyNmQ4YmVkOTFhYiIsImV4cCI6MTczODc2ODYwMH0.-6xnKExwjPT4jO4NbXuNa-xZOtHL7VvblnDXLVujjIg"}]
2025-02-05 16:42:22,576 - INFO - received event "authenticate" from 5JOfpPurXF6XQYpxAABg [/]
2025-02-05 16:42:22,578 - INFO - Authentication attempt for sam, 5JOfpPurXF6XQYpxAABg
2025-02-05 16:42:22,579 - INFO - emitting event "queue_status" to 5JOfpPurXF6XQYpxAABg [/]
2025-02-05 16:42:22,579 - INFO - aGlw1u4t2JM1eqSkAABe: Sending packet MESSAGE data 2["queue_status",{"inQueue":false,"playersInQueue":0,"queue":[]}]
2025-02-05 16:42:22,579 - INFO - Authentication successful for sam
2025-02-05 16:42:22,592 - INFO - fpHkKnxLYJKM4aP0AABf: Received packet MESSAGE data 2["get-queue-status",{"username":"neil"}]
2025-02-05 16:42:22,593 - INFO - received event "get-queue-status" from 8mKQGDPBB3EvzAL3AABh [/]
2025-02-05 16:42:22,593 - INFO - emitting event "queue_status" to 8mKQGDPBB3EvzAL3AABh [/]
2025-02-05 16:42:22,595 - INFO - fpHkKnxLYJKM4aP0AABf: Sending packet MESSAGE data 2["queue_status",{"inQueue":false,"playersInQueue":0,"queue":[]}]
2025-02-05 16:42:22,605 - INFO - fpHkKnxLYJKM4aP0AABf: Received packet MESSAGE data 2["authenticate",{"username":"neil","token":"eyJhbGciOiJIUzI1NiIsInR5cCI6IkpXVCJ9.eyJmcmVzaCI6ZmFsc2UsImlhdCI6MTczODc2NzY3NiwianRpIjoiNTVlYTBhODctY2NlMi00NjRkLTg0ZmQtNjI4NjE2ZDJlZjkwIiwidHlwZSI6ImFjY2VzcyIsInN1YiI6Im5laWwiLCJuYmYiOjE3Mzg3Njc2NzYsImNzcmYiOiJkN2YwM2M3Mi00YWZhLTQ1YmUtYTVmOS0yYTkxZmJiNzBjZWMiLCJleHAiOjE3Mzg3Njg1NzZ9.arBQRbZt9DPEfMpVEOGSdgW_8hSDvLLArynbIzOODH4"}]
2025-02-05 16:42:22,605 - INFO - received event "authenticate" from 8mKQGDPBB3EvzAL3AABh [/]
2025-02-05 16:42:22,609 - INFO - Authentication attempt for neil, 8mKQGDPBB3EvzAL3AABh
2025-02-05 16:42:22,609 - INFO - emitting event "queue_status" to 8mKQGDPBB3EvzAL3AABh [/]
2025-02-05 16:42:22,610 - INFO - fpHkKnxLYJKM4aP0AABf: Sending packet MESSAGE data 2["queue_status",{"inQueue":false,"playersInQueue":0,"queue":[]}]
2025-02-05 16:42:22,610 - INFO - Authentication successful for neil
2025-02-05 16:42:22,845 - INFO - aGlw1u4t2JM1eqSkAABe: Received request to upgrade to websocket
2025-02-05 16:42:22,852 - INFO - aGlw1u4t2JM1eqSkAABe: Upgrade to websocket successful
2025-02-05 16:42:22,892 - INFO - fpHkKnxLYJKM4aP0AABf: Received request to upgrade to websocket
2025-02-05 16:42:22,899 - INFO - fpHkKnxLYJKM4aP0AABf: Upgrade to websocket successful
2025-02-05 16:42:37,331 - INFO - Client disconnected: 5JOfpPurXF6XQYpxAABg (Reason: transport close)
2025-02-05 16:42:37,333 - INFO - User sam disconnected
2025-02-05 16:42:37,370 - INFO - Client disconnected: 8mKQGDPBB3EvzAL3AABh (Reason: transport close)
2025-02-05 16:42:37,370 - INFO - User neil disconnected
2025-02-05 16:42:37,875 - INFO - G4uuTMTJTkbuUELwAABi: Sending packet OPEN data {'sid': 'G4uuTMTJTkbuUELwAABi', 'upgrades': ['websocket'], 'pingTimeout': 5000000, 'pingInterval': 25000000, 'maxPayload': 1000000}
2025-02-05 16:42:37,887 - INFO - bskp6jPIdmn15RLWAABj: Sending packet OPEN data {'sid': 'bskp6jPIdmn15RLWAABj', 'upgrades': ['websocket'], 'pingTimeout': 5000000, 'pingInterval': 25000000, 'maxPayload': 1000000}
2025-02-05 16:42:37,894 - INFO - G4uuTMTJTkbuUELwAABi: Received packet MESSAGE data 0
2025-02-05 16:42:37,896 - INFO - New connection attempt from SID: WoPXayRT_GTYQkYnAABk
2025-02-05 16:42:37,896 - INFO - Auth data received: {}
2025-02-05 16:42:37,896 - INFO - Awaiting authentication...
2025-02-05 16:42:37,898 - INFO - G4uuTMTJTkbuUELwAABi: Sending packet MESSAGE data 0{"sid":"WoPXayRT_GTYQkYnAABk"}
2025-02-05 16:42:37,904 - INFO - bskp6jPIdmn15RLWAABj: Received packet MESSAGE data 0
2025-02-05 16:42:37,906 - INFO - New connection attempt from SID: 68ESSZW94e2r8NeJAABl
2025-02-05 16:42:37,906 - INFO - Auth data received: {}
2025-02-05 16:42:37,908 - INFO - Awaiting authentication...
2025-02-05 16:42:37,908 - INFO - bskp6jPIdmn15RLWAABj: Sending packet MESSAGE data 0{"sid":"68ESSZW94e2r8NeJAABl"}
2025-02-05 16:42:38,113 - INFO - G4uuTMTJTkbuUELwAABi: Received packet MESSAGE data 2["get-queue-status",{"username":"sam"}]
2025-02-05 16:42:38,113 - INFO - received event "get-queue-status" from WoPXayRT_GTYQkYnAABk [/]
2025-02-05 16:42:38,113 - INFO - emitting event "queue_status" to WoPXayRT_GTYQkYnAABk [/]
2025-02-05 16:42:38,113 - INFO - G4uuTMTJTkbuUELwAABi: Sending packet MESSAGE data 2["queue_status",{"inQueue":false,"playersInQueue":0,"queue":[]}]
2025-02-05 16:42:38,113 - INFO - G4uuTMTJTkbuUELwAABi: Received packet MESSAGE data 2["authenticate",{"username":"sam","token":"eyJhbGciOiJIUzI1NiIsInR5cCI6IkpXVCJ9.eyJmcmVzaCI6ZmFsc2UsImlhdCI6MTczODc2NzcwMCwianRpIjoiY2ZiMTIxOGUtNmU1NC00MjFjLTg4N2EtYTYyYzY0MGQzNzk1IiwidHlwZSI6ImFjY2VzcyIsInN1YiI6InNhbSIsIm5iZiI6MTczODc2NzcwMCwiY3NyZiI6ImEyZmE0NjI3LWQyNjUtNDdjYS05NjkyLTcyNmQ4YmVkOTFhYiIsImV4cCI6MTczODc2ODYwMH0.-6xnKExwjPT4jO4NbXuNa-xZOtHL7VvblnDXLVujjIg"}]
2025-02-05 16:42:38,113 - INFO - received event "authenticate" from WoPXayRT_GTYQkYnAABk [/]
2025-02-05 16:42:38,113 - INFO - Authentication attempt for sam, WoPXayRT_GTYQkYnAABk
2025-02-05 16:42:38,127 - INFO - emitting event "queue_status" to WoPXayRT_GTYQkYnAABk [/]
2025-02-05 16:42:38,127 - INFO - G4uuTMTJTkbuUELwAABi: Sending packet MESSAGE data 2["queue_status",{"inQueue":false,"playersInQueue":0,"queue":[]}]
2025-02-05 16:42:38,129 - INFO - Authentication successful for sam
2025-02-05 16:42:38,132 - INFO - bskp6jPIdmn15RLWAABj: Received packet MESSAGE data 2["get-queue-status",{"username":"neil"}]
2025-02-05 16:42:38,132 - INFO - received event "get-queue-status" from 68ESSZW94e2r8NeJAABl [/]
2025-02-05 16:42:38,132 - INFO - emitting event "queue_status" to 68ESSZW94e2r8NeJAABl [/]
2025-02-05 16:42:38,132 - INFO - bskp6jPIdmn15RLWAABj: Sending packet MESSAGE data 2["queue_status",{"inQueue":false,"playersInQueue":0,"queue":[]}]
2025-02-05 16:42:38,132 - INFO - bskp6jPIdmn15RLWAABj: Received packet MESSAGE data 2["authenticate",{"username":"neil","token":"eyJhbGciOiJIUzI1NiIsInR5cCI6IkpXVCJ9.eyJmcmVzaCI6ZmFsc2UsImlhdCI6MTczODc2NzY3NiwianRpIjoiNTVlYTBhODctY2NlMi00NjRkLTg0ZmQtNjI4NjE2ZDJlZjkwIiwidHlwZSI6ImFjY2VzcyIsInN1YiI6Im5laWwiLCJuYmYiOjE3Mzg3Njc2NzYsImNzcmYiOiJkN2YwM2M3Mi00YWZhLTQ1YmUtYTVmOS0yYTkxZmJiNzBjZWMiLCJleHAiOjE3Mzg3Njg1NzZ9.arBQRbZt9DPEfMpVEOGSdgW_8hSDvLLArynbIzOODH4"}]
2025-02-05 16:42:38,132 - INFO - received event "authenticate" from 68ESSZW94e2r8NeJAABl [/]
2025-02-05 16:42:38,132 - INFO - Authentication attempt for neil, 68ESSZW94e2r8NeJAABl
2025-02-05 16:42:38,132 - INFO - emitting event "queue_status" to 68ESSZW94e2r8NeJAABl [/]
2025-02-05 16:42:38,132 - INFO - bskp6jPIdmn15RLWAABj: Sending packet MESSAGE data 2["queue_status",{"inQueue":false,"playersInQueue":0,"queue":[]}]
2025-02-05 16:42:38,145 - INFO - Authentication successful for neil
2025-02-05 16:42:38,213 - INFO - bskp6jPIdmn15RLWAABj: Received request to upgrade to websocket
2025-02-05 16:42:38,215 - INFO - G4uuTMTJTkbuUELwAABi: Received request to upgrade to websocket
2025-02-05 16:42:38,221 - INFO - bskp6jPIdmn15RLWAABj: Upgrade to websocket successful
2025-02-05 16:42:38,221 - INFO - G4uuTMTJTkbuUELwAABi: Upgrade to websocket successful
2025-02-05 16:47:15,875 - INFO - Starting Flask application
2025-02-05 16:47:15,875 - INFO - Configuring CORS
2025-02-05 16:47:15,875 - INFO - CORS configured
2025-02-05 16:47:15,877 - INFO - Initializing SocketIO
2025-02-05 16:47:15,893 - INFO - Server initialized for eventlet.
2025-02-05 16:47:15,893 - INFO - SocketIO initialized
2025-02-05 16:47:15,893 - INFO - Cleaning up stale state...
2025-02-05 16:47:15,893 - INFO - Cleanup complete
2025-02-05 16:47:15,893 - INFO - Starting server...
2025-02-05 16:47:16,114 - INFO - 4iB2PNx9BzQYAtiLAAAA: Sending packet OPEN data {'sid': '4iB2PNx9BzQYAtiLAAAA', 'upgrades': ['websocket'], 'pingTimeout': 5000000, 'pingInterval': 25000000, 'maxPayload': 1000000}
2025-02-05 16:47:16,118 - INFO - QTdyx4LJiNTTKr7wAAAB: Sending packet OPEN data {'sid': 'QTdyx4LJiNTTKr7wAAAB', 'upgrades': ['websocket'], 'pingTimeout': 5000000, 'pingInterval': 25000000, 'maxPayload': 1000000}
2025-02-05 16:47:16,122 - INFO - 4iB2PNx9BzQYAtiLAAAA: Received packet MESSAGE data 0
2025-02-05 16:47:16,125 - INFO - New connection attempt from SID: 3aEx30zLOVb56RkSAAAC
2025-02-05 16:47:16,125 - INFO - Auth data received: {}
2025-02-05 16:47:16,125 - INFO - Awaiting authentication...
2025-02-05 16:47:16,127 - INFO - 4iB2PNx9BzQYAtiLAAAA: Sending packet MESSAGE data 0{"sid":"3aEx30zLOVb56RkSAAAC"}
2025-02-05 16:47:16,127 - INFO - QTdyx4LJiNTTKr7wAAAB: Received packet MESSAGE data 0
2025-02-05 16:47:16,130 - INFO - New connection attempt from SID: WGO3F5DWjMscrQPpAAAD
2025-02-05 16:47:16,130 - INFO - Auth data received: {}
2025-02-05 16:47:16,130 - INFO - Awaiting authentication...
2025-02-05 16:47:16,130 - INFO - QTdyx4LJiNTTKr7wAAAB: Sending packet MESSAGE data 0{"sid":"WGO3F5DWjMscrQPpAAAD"}
2025-02-05 16:47:16,369 - INFO - QTdyx4LJiNTTKr7wAAAB: Received packet MESSAGE data 2["authenticate",{"username":"neil","token":"eyJhbGciOiJIUzI1NiIsInR5cCI6IkpXVCJ9.eyJmcmVzaCI6ZmFsc2UsImlhdCI6MTczODc2NzY3NiwianRpIjoiNTVlYTBhODctY2NlMi00NjRkLTg0ZmQtNjI4NjE2ZDJlZjkwIiwidHlwZSI6ImFjY2VzcyIsInN1YiI6Im5laWwiLCJuYmYiOjE3Mzg3Njc2NzYsImNzcmYiOiJkN2YwM2M3Mi00YWZhLTQ1YmUtYTVmOS0yYTkxZmJiNzBjZWMiLCJleHAiOjE3Mzg3Njg1NzZ9.arBQRbZt9DPEfMpVEOGSdgW_8hSDvLLArynbIzOODH4"}]
2025-02-05 16:47:16,372 - INFO - received event "authenticate" from WGO3F5DWjMscrQPpAAAD [/]
2025-02-05 16:47:16,374 - INFO - 4iB2PNx9BzQYAtiLAAAA: Received packet MESSAGE data 2["authenticate",{"username":"sam","token":"eyJhbGciOiJIUzI1NiIsInR5cCI6IkpXVCJ9.eyJmcmVzaCI6ZmFsc2UsImlhdCI6MTczODc2NzcwMCwianRpIjoiY2ZiMTIxOGUtNmU1NC00MjFjLTg4N2EtYTYyYzY0MGQzNzk1IiwidHlwZSI6ImFjY2VzcyIsInN1YiI6InNhbSIsIm5iZiI6MTczODc2NzcwMCwiY3NyZiI6ImEyZmE0NjI3LWQyNjUtNDdjYS05NjkyLTcyNmQ4YmVkOTFhYiIsImV4cCI6MTczODc2ODYwMH0.-6xnKExwjPT4jO4NbXuNa-xZOtHL7VvblnDXLVujjIg"}]
2025-02-05 16:47:16,374 - INFO - received event "authenticate" from 3aEx30zLOVb56RkSAAAC [/]
2025-02-05 16:47:16,376 - INFO - Authentication attempt for sam, 3aEx30zLOVb56RkSAAAC
2025-02-05 16:47:16,376 - INFO - emitting event "queue_status" to 3aEx30zLOVb56RkSAAAC [/]
2025-02-05 16:47:16,378 - INFO - 4iB2PNx9BzQYAtiLAAAA: Sending packet MESSAGE data 2["queue_status",{"inQueue":false,"playersInQueue":0,"queue":[]}]
2025-02-05 16:47:16,378 - INFO - Authentication successful for sam
2025-02-05 16:47:16,378 - INFO - Authentication attempt for neil, WGO3F5DWjMscrQPpAAAD
2025-02-05 16:47:16,378 - INFO - emitting event "queue_status" to WGO3F5DWjMscrQPpAAAD [/]
2025-02-05 16:47:16,378 - INFO - QTdyx4LJiNTTKr7wAAAB: Sending packet MESSAGE data 2["queue_status",{"inQueue":false,"playersInQueue":0,"queue":[]}]
2025-02-05 16:47:16,378 - INFO - Authentication successful for neil
2025-02-05 16:47:16,434 - INFO - 4iB2PNx9BzQYAtiLAAAA: Received request to upgrade to websocket
2025-02-05 16:47:16,436 - INFO - QTdyx4LJiNTTKr7wAAAB: Received request to upgrade to websocket
2025-02-05 16:47:16,440 - INFO - 4iB2PNx9BzQYAtiLAAAA: Upgrade to websocket successful
2025-02-05 16:47:16,442 - INFO - QTdyx4LJiNTTKr7wAAAB: Upgrade to websocket successful
2025-02-05 16:47:42,745 - INFO - Client disconnected: 3aEx30zLOVb56RkSAAAC (Reason: transport close)
2025-02-05 16:47:42,745 - INFO - User sam disconnected
2025-02-05 16:47:43,656 - INFO - sIVQxMB47TE_IJmkAAAE: Sending packet OPEN data {'sid': 'sIVQxMB47TE_IJmkAAAE', 'upgrades': ['websocket'], 'pingTimeout': 5000000, 'pingInterval': 25000000, 'maxPayload': 1000000}
2025-02-05 16:47:43,669 - INFO - sIVQxMB47TE_IJmkAAAE: Received packet MESSAGE data 0
2025-02-05 16:47:43,669 - INFO - New connection attempt from SID: unDGN10YRMp_SKFbAAAF
2025-02-05 16:47:43,669 - INFO - Auth data received: {}
2025-02-05 16:47:43,669 - INFO - Awaiting authentication...
2025-02-05 16:47:43,669 - INFO - sIVQxMB47TE_IJmkAAAE: Sending packet MESSAGE data 0{"sid":"unDGN10YRMp_SKFbAAAF"}
2025-02-05 16:47:43,902 - INFO - sIVQxMB47TE_IJmkAAAE: Received packet MESSAGE data 2["get-queue-status",{"username":"sam"}]
2025-02-05 16:47:43,904 - INFO - received event "get-queue-status" from unDGN10YRMp_SKFbAAAF [/]
2025-02-05 16:47:43,904 - INFO - emitting event "queue_status" to unDGN10YRMp_SKFbAAAF [/]
2025-02-05 16:47:43,904 - INFO - sIVQxMB47TE_IJmkAAAE: Sending packet MESSAGE data 2["queue_status",{"inQueue":false,"playersInQueue":0,"queue":[]}]
2025-02-05 16:47:43,908 - INFO - sIVQxMB47TE_IJmkAAAE: Received packet MESSAGE data 2["authenticate",{"username":"sam","token":"eyJhbGciOiJIUzI1NiIsInR5cCI6IkpXVCJ9.eyJmcmVzaCI6ZmFsc2UsImlhdCI6MTczODc2NzcwMCwianRpIjoiY2ZiMTIxOGUtNmU1NC00MjFjLTg4N2EtYTYyYzY0MGQzNzk1IiwidHlwZSI6ImFjY2VzcyIsInN1YiI6InNhbSIsIm5iZiI6MTczODc2NzcwMCwiY3NyZiI6ImEyZmE0NjI3LWQyNjUtNDdjYS05NjkyLTcyNmQ4YmVkOTFhYiIsImV4cCI6MTczODc2ODYwMH0.-6xnKExwjPT4jO4NbXuNa-xZOtHL7VvblnDXLVujjIg"}]
2025-02-05 16:47:43,911 - INFO - received event "authenticate" from unDGN10YRMp_SKFbAAAF [/]
2025-02-05 16:47:43,912 - INFO - Authentication attempt for sam, unDGN10YRMp_SKFbAAAF
2025-02-05 16:47:43,913 - INFO - emitting event "queue_status" to unDGN10YRMp_SKFbAAAF [/]
2025-02-05 16:47:43,913 - INFO - sIVQxMB47TE_IJmkAAAE: Sending packet MESSAGE data 2["queue_status",{"inQueue":false,"playersInQueue":0,"queue":[]}]
2025-02-05 16:47:43,913 - INFO - Authentication successful for sam
2025-02-05 16:47:43,977 - INFO - sIVQxMB47TE_IJmkAAAE: Received request to upgrade to websocket
2025-02-05 16:47:43,985 - INFO - sIVQxMB47TE_IJmkAAAE: Upgrade to websocket successful
2025-02-05 16:47:45,685 - INFO - Client disconnected: unDGN10YRMp_SKFbAAAF (Reason: transport close)
2025-02-05 16:47:45,687 - INFO - User sam disconnected
2025-02-05 16:47:45,815 - INFO - ybG6n-oIgGwHVcOtAAAG: Sending packet OPEN data {'sid': 'ybG6n-oIgGwHVcOtAAAG', 'upgrades': ['websocket'], 'pingTimeout': 5000000, 'pingInterval': 25000000, 'maxPayload': 1000000}
2025-02-05 16:47:45,844 - INFO - ybG6n-oIgGwHVcOtAAAG: Received packet MESSAGE data 0
2025-02-05 16:47:45,847 - INFO - New connection attempt from SID: Q_7cxWn7n3nLPAFkAAAH
2025-02-05 16:47:45,848 - INFO - Auth data received: {}
2025-02-05 16:47:45,848 - INFO - Awaiting authentication...
2025-02-05 16:47:45,848 - INFO - ybG6n-oIgGwHVcOtAAAG: Sending packet MESSAGE data 0{"sid":"Q_7cxWn7n3nLPAFkAAAH"}
2025-02-05 16:47:45,869 - INFO - ybG6n-oIgGwHVcOtAAAG: Received packet MESSAGE data 2["get-queue-status",{"username":"sam"}]
2025-02-05 16:47:45,870 - INFO - received event "get-queue-status" from Q_7cxWn7n3nLPAFkAAAH [/]
2025-02-05 16:47:45,871 - INFO - emitting event "queue_status" to Q_7cxWn7n3nLPAFkAAAH [/]
2025-02-05 16:47:45,871 - INFO - ybG6n-oIgGwHVcOtAAAG: Sending packet MESSAGE data 2["queue_status",{"inQueue":false,"playersInQueue":0,"queue":[]}]
2025-02-05 16:47:45,877 - INFO - ybG6n-oIgGwHVcOtAAAG: Received packet MESSAGE data 2["authenticate",{"username":"sam","token":"eyJhbGciOiJIUzI1NiIsInR5cCI6IkpXVCJ9.eyJmcmVzaCI6ZmFsc2UsImlhdCI6MTczODc2NzcwMCwianRpIjoiY2ZiMTIxOGUtNmU1NC00MjFjLTg4N2EtYTYyYzY0MGQzNzk1IiwidHlwZSI6ImFjY2VzcyIsInN1YiI6InNhbSIsIm5iZiI6MTczODc2NzcwMCwiY3NyZiI6ImEyZmE0NjI3LWQyNjUtNDdjYS05NjkyLTcyNmQ4YmVkOTFhYiIsImV4cCI6MTczODc2ODYwMH0.-6xnKExwjPT4jO4NbXuNa-xZOtHL7VvblnDXLVujjIg"}]
2025-02-05 16:47:45,879 - INFO - received event "authenticate" from Q_7cxWn7n3nLPAFkAAAH [/]
2025-02-05 16:47:45,883 - INFO - Authentication attempt for sam, Q_7cxWn7n3nLPAFkAAAH
2025-02-05 16:47:45,883 - INFO - emitting event "queue_status" to Q_7cxWn7n3nLPAFkAAAH [/]
2025-02-05 16:47:45,883 - INFO - ybG6n-oIgGwHVcOtAAAG: Sending packet MESSAGE data 2["queue_status",{"inQueue":false,"playersInQueue":0,"queue":[]}]
2025-02-05 16:47:45,883 - INFO - Authentication successful for sam
2025-02-05 16:47:46,162 - INFO - ybG6n-oIgGwHVcOtAAAG: Received request to upgrade to websocket
2025-02-05 16:47:46,172 - INFO - ybG6n-oIgGwHVcOtAAAG: Upgrade to websocket successful
2025-02-05 16:48:09,795 - INFO - Client disconnected: WGO3F5DWjMscrQPpAAAD (Reason: transport close)
2025-02-05 16:48:09,795 - INFO - User neil disconnected
2025-02-05 16:48:10,277 - INFO - d702HcSJHR3CvjUiAAAI: Sending packet OPEN data {'sid': 'd702HcSJHR3CvjUiAAAI', 'upgrades': ['websocket'], 'pingTimeout': 5000000, 'pingInterval': 25000000, 'maxPayload': 1000000}
2025-02-05 16:48:10,286 - INFO - d702HcSJHR3CvjUiAAAI: Received packet MESSAGE data 0
2025-02-05 16:48:10,288 - INFO - New connection attempt from SID: QMSG6H08pT7yf4z6AAAJ
2025-02-05 16:48:10,290 - INFO - Auth data received: {}
2025-02-05 16:48:10,290 - INFO - Awaiting authentication...
2025-02-05 16:48:10,290 - INFO - d702HcSJHR3CvjUiAAAI: Sending packet MESSAGE data 0{"sid":"QMSG6H08pT7yf4z6AAAJ"}
2025-02-05 16:48:10,517 - INFO - d702HcSJHR3CvjUiAAAI: Received packet MESSAGE data 2["get-queue-status",{"username":"neil"}]
2025-02-05 16:48:10,518 - INFO - received event "get-queue-status" from QMSG6H08pT7yf4z6AAAJ [/]
2025-02-05 16:48:10,520 - INFO - emitting event "queue_status" to QMSG6H08pT7yf4z6AAAJ [/]
2025-02-05 16:48:10,520 - INFO - d702HcSJHR3CvjUiAAAI: Sending packet MESSAGE data 2["queue_status",{"inQueue":false,"playersInQueue":0,"queue":[]}]
2025-02-05 16:48:10,520 - INFO - d702HcSJHR3CvjUiAAAI: Received packet MESSAGE data 2["authenticate",{"username":"neil","token":"eyJhbGciOiJIUzI1NiIsInR5cCI6IkpXVCJ9.eyJmcmVzaCI6ZmFsc2UsImlhdCI6MTczODc2NzY3NiwianRpIjoiNTVlYTBhODctY2NlMi00NjRkLTg0ZmQtNjI4NjE2ZDJlZjkwIiwidHlwZSI6ImFjY2VzcyIsInN1YiI6Im5laWwiLCJuYmYiOjE3Mzg3Njc2NzYsImNzcmYiOiJkN2YwM2M3Mi00YWZhLTQ1YmUtYTVmOS0yYTkxZmJiNzBjZWMiLCJleHAiOjE3Mzg3Njg1NzZ9.arBQRbZt9DPEfMpVEOGSdgW_8hSDvLLArynbIzOODH4"}]
2025-02-05 16:48:10,520 - INFO - received event "authenticate" from QMSG6H08pT7yf4z6AAAJ [/]
2025-02-05 16:48:10,525 - INFO - Authentication attempt for neil, QMSG6H08pT7yf4z6AAAJ
2025-02-05 16:48:10,525 - INFO - emitting event "queue_status" to QMSG6H08pT7yf4z6AAAJ [/]
2025-02-05 16:48:10,525 - INFO - d702HcSJHR3CvjUiAAAI: Sending packet MESSAGE data 2["queue_status",{"inQueue":false,"playersInQueue":0,"queue":[]}]
2025-02-05 16:48:10,528 - INFO - Authentication successful for neil
2025-02-05 16:48:10,600 - INFO - d702HcSJHR3CvjUiAAAI: Received request to upgrade to websocket
2025-02-05 16:48:10,606 - INFO - d702HcSJHR3CvjUiAAAI: Upgrade to websocket successful
2025-02-05 16:48:10,785 - INFO - Client disconnected: QMSG6H08pT7yf4z6AAAJ (Reason: transport close)
2025-02-05 16:48:10,789 - INFO - User neil disconnected
2025-02-05 16:48:10,908 - INFO - cK7VAVioBGAHpJNXAAAK: Sending packet OPEN data {'sid': 'cK7VAVioBGAHpJNXAAAK', 'upgrades': ['websocket'], 'pingTimeout': 5000000, 'pingInterval': 25000000, 'maxPayload': 1000000}
2025-02-05 16:48:10,931 - INFO - cK7VAVioBGAHpJNXAAAK: Received packet MESSAGE data 0
2025-02-05 16:48:10,936 - INFO - New connection attempt from SID: PvUTfmQ6Hk3I0w5KAAAL
2025-02-05 16:48:10,936 - INFO - Auth data received: {}
2025-02-05 16:48:10,936 - INFO - Awaiting authentication...
2025-02-05 16:48:10,937 - INFO - cK7VAVioBGAHpJNXAAAK: Sending packet MESSAGE data 0{"sid":"PvUTfmQ6Hk3I0w5KAAAL"}
2025-02-05 16:48:10,963 - INFO - cK7VAVioBGAHpJNXAAAK: Received packet MESSAGE data 2["get-queue-status",{"username":"neil"}]
2025-02-05 16:48:10,964 - INFO - received event "get-queue-status" from PvUTfmQ6Hk3I0w5KAAAL [/]
2025-02-05 16:48:10,966 - INFO - emitting event "queue_status" to PvUTfmQ6Hk3I0w5KAAAL [/]
2025-02-05 16:48:10,966 - INFO - cK7VAVioBGAHpJNXAAAK: Sending packet MESSAGE data 2["queue_status",{"inQueue":false,"playersInQueue":0,"queue":[]}]
2025-02-05 16:48:10,980 - INFO - cK7VAVioBGAHpJNXAAAK: Received packet MESSAGE data 2["authenticate",{"username":"neil","token":"eyJhbGciOiJIUzI1NiIsInR5cCI6IkpXVCJ9.eyJmcmVzaCI6ZmFsc2UsImlhdCI6MTczODc2NzY3NiwianRpIjoiNTVlYTBhODctY2NlMi00NjRkLTg0ZmQtNjI4NjE2ZDJlZjkwIiwidHlwZSI6ImFjY2VzcyIsInN1YiI6Im5laWwiLCJuYmYiOjE3Mzg3Njc2NzYsImNzcmYiOiJkN2YwM2M3Mi00YWZhLTQ1YmUtYTVmOS0yYTkxZmJiNzBjZWMiLCJleHAiOjE3Mzg3Njg1NzZ9.arBQRbZt9DPEfMpVEOGSdgW_8hSDvLLArynbIzOODH4"}]
2025-02-05 16:48:10,980 - INFO - received event "authenticate" from PvUTfmQ6Hk3I0w5KAAAL [/]
2025-02-05 16:48:10,981 - INFO - Authentication attempt for neil, PvUTfmQ6Hk3I0w5KAAAL
2025-02-05 16:48:10,983 - INFO - emitting event "queue_status" to PvUTfmQ6Hk3I0w5KAAAL [/]
2025-02-05 16:48:10,983 - INFO - cK7VAVioBGAHpJNXAAAK: Sending packet MESSAGE data 2["queue_status",{"inQueue":false,"playersInQueue":0,"queue":[]}]
2025-02-05 16:48:10,985 - INFO - Authentication successful for neil
2025-02-05 16:48:11,267 - INFO - cK7VAVioBGAHpJNXAAAK: Received request to upgrade to websocket
2025-02-05 16:48:11,274 - INFO - cK7VAVioBGAHpJNXAAAK: Upgrade to websocket successful
2025-02-05 16:50:53,622 - INFO - Starting Flask application
2025-02-05 16:50:53,625 - INFO - Configuring CORS
2025-02-05 16:50:53,625 - INFO - CORS configured
2025-02-05 16:50:53,626 - INFO - Initializing SocketIO
2025-02-05 16:50:53,643 - INFO - Server initialized for eventlet.
2025-02-05 16:50:53,645 - INFO - SocketIO initialized
2025-02-05 16:50:53,647 - INFO - Cleaning up stale state...
2025-02-05 16:50:53,647 - INFO - Cleanup complete
2025-02-05 16:50:53,649 - INFO - Starting server...
2025-02-05 16:50:55,990 - INFO - 8Td2q29rvtQOlmPaAAAA: Sending packet OPEN data {'sid': '8Td2q29rvtQOlmPaAAAA', 'upgrades': ['websocket'], 'pingTimeout': 5000000, 'pingInterval': 25000000, 'maxPayload': 1000000}
2025-02-05 16:50:55,998 - INFO - 8Td2q29rvtQOlmPaAAAA: Received packet MESSAGE data 0
2025-02-05 16:50:56,002 - INFO - New connection attempt from SID: U8YVQ-pN4i-SFl4lAAAB
2025-02-05 16:50:56,002 - INFO - Auth data received: {}
2025-02-05 16:50:56,002 - INFO - Awaiting authentication...
2025-02-05 16:50:56,002 - INFO - 8Td2q29rvtQOlmPaAAAA: Sending packet MESSAGE data 0{"sid":"U8YVQ-pN4i-SFl4lAAAB"}
2025-02-05 16:50:56,243 - INFO - 8Td2q29rvtQOlmPaAAAA: Received packet MESSAGE data 2["get-queue-status",{"username":"sam"}]
2025-02-05 16:50:56,243 - INFO - received event "get-queue-status" from U8YVQ-pN4i-SFl4lAAAB [/]
2025-02-05 16:50:56,243 - INFO - emitting event "queue_status" to U8YVQ-pN4i-SFl4lAAAB [/]
2025-02-05 16:50:56,243 - INFO - 8Td2q29rvtQOlmPaAAAA: Sending packet MESSAGE data 2["queue_status",{"inQueue":false,"playersInQueue":0,"queue":[]}]
2025-02-05 16:50:56,251 - INFO - 8Td2q29rvtQOlmPaAAAA: Received packet MESSAGE data 2["authenticate",{"username":"sam","token":"eyJhbGciOiJIUzI1NiIsInR5cCI6IkpXVCJ9.eyJmcmVzaCI6ZmFsc2UsImlhdCI6MTczODc2NzcwMCwianRpIjoiY2ZiMTIxOGUtNmU1NC00MjFjLTg4N2EtYTYyYzY0MGQzNzk1IiwidHlwZSI6ImFjY2VzcyIsInN1YiI6InNhbSIsIm5iZiI6MTczODc2NzcwMCwiY3NyZiI6ImEyZmE0NjI3LWQyNjUtNDdjYS05NjkyLTcyNmQ4YmVkOTFhYiIsImV4cCI6MTczODc2ODYwMH0.-6xnKExwjPT4jO4NbXuNa-xZOtHL7VvblnDXLVujjIg"}]
2025-02-05 16:50:56,251 - INFO - received event "authenticate" from U8YVQ-pN4i-SFl4lAAAB [/]
2025-02-05 16:50:56,258 - INFO - Authentication attempt for sam, U8YVQ-pN4i-SFl4lAAAB
2025-02-05 16:50:56,258 - INFO - Authentication successful for sam
2025-02-05 16:50:56,258 - INFO - emitting event "queue_status" to U8YVQ-pN4i-SFl4lAAAB [/]
2025-02-05 16:50:56,258 - INFO - 8Td2q29rvtQOlmPaAAAA: Sending packet MESSAGE data 2["queue_status",{"inQueue":false,"playersInQueue":0,"queue":[]}]
2025-02-05 16:50:56,310 - INFO - 8Td2q29rvtQOlmPaAAAA: Received request to upgrade to websocket
2025-02-05 16:50:56,319 - INFO - 8Td2q29rvtQOlmPaAAAA: Upgrade to websocket successful
2025-02-05 16:50:58,603 - INFO - PYPdFVgNxpZJ0YDFAAAC: Sending packet OPEN data {'sid': 'PYPdFVgNxpZJ0YDFAAAC', 'upgrades': ['websocket'], 'pingTimeout': 5000000, 'pingInterval': 25000000, 'maxPayload': 1000000}
2025-02-05 16:50:58,611 - INFO - PYPdFVgNxpZJ0YDFAAAC: Received packet MESSAGE data 0
2025-02-05 16:50:58,613 - INFO - New connection attempt from SID: S4yHPeRzgEC8Gi74AAAD
2025-02-05 16:50:58,613 - INFO - Auth data received: {}
2025-02-05 16:50:58,613 - INFO - Awaiting authentication...
2025-02-05 16:50:58,613 - INFO - PYPdFVgNxpZJ0YDFAAAC: Sending packet MESSAGE data 0{"sid":"S4yHPeRzgEC8Gi74AAAD"}
2025-02-05 16:50:58,851 - INFO - PYPdFVgNxpZJ0YDFAAAC: Received packet MESSAGE data 2["authenticate",{"username":"neil","token":"eyJhbGciOiJIUzI1NiIsInR5cCI6IkpXVCJ9.eyJmcmVzaCI6ZmFsc2UsImlhdCI6MTczODc2NzY3NiwianRpIjoiNTVlYTBhODctY2NlMi00NjRkLTg0ZmQtNjI4NjE2ZDJlZjkwIiwidHlwZSI6ImFjY2VzcyIsInN1YiI6Im5laWwiLCJuYmYiOjE3Mzg3Njc2NzYsImNzcmYiOiJkN2YwM2M3Mi00YWZhLTQ1YmUtYTVmOS0yYTkxZmJiNzBjZWMiLCJleHAiOjE3Mzg3Njg1NzZ9.arBQRbZt9DPEfMpVEOGSdgW_8hSDvLLArynbIzOODH4"}]
2025-02-05 16:50:58,851 - INFO - received event "authenticate" from S4yHPeRzgEC8Gi74AAAD [/]
2025-02-05 16:50:58,854 - INFO - Authentication attempt for neil, S4yHPeRzgEC8Gi74AAAD
2025-02-05 16:50:58,854 - INFO - Authentication successful for neil
2025-02-05 16:50:58,854 - INFO - emitting event "queue_status" to S4yHPeRzgEC8Gi74AAAD [/]
2025-02-05 16:50:58,854 - INFO - PYPdFVgNxpZJ0YDFAAAC: Sending packet MESSAGE data 2["queue_status",{"inQueue":false,"playersInQueue":0,"queue":[]}]
2025-02-05 16:50:58,912 - INFO - PYPdFVgNxpZJ0YDFAAAC: Received request to upgrade to websocket
2025-02-05 16:50:58,917 - INFO - PYPdFVgNxpZJ0YDFAAAC: Upgrade to websocket successful
2025-02-05 16:51:00,584 - INFO - 8Td2q29rvtQOlmPaAAAA: Received packet MESSAGE data 1
2025-02-05 16:51:00,587 - INFO - Client disconnected: U8YVQ-pN4i-SFl4lAAAB (Reason: client disconnect)
2025-02-05 16:51:00,587 - INFO - User sam disconnected
2025-02-05 16:51:15,207 - INFO - PYPdFVgNxpZJ0YDFAAAC: Received packet MESSAGE data 1
2025-02-05 16:51:15,209 - INFO - Client disconnected: S4yHPeRzgEC8Gi74AAAD (Reason: client disconnect)
2025-02-05 16:51:15,304 - INFO - User neil disconnected
2025-02-05 16:55:32,858 - INFO - sbF_0yr0oW-uZt56AAAE: Sending packet OPEN data {'sid': 'sbF_0yr0oW-uZt56AAAE', 'upgrades': ['websocket'], 'pingTimeout': 5000000, 'pingInterval': 25000000, 'maxPayload': 1000000}
2025-02-05 16:55:32,867 - INFO - sbF_0yr0oW-uZt56AAAE: Received packet MESSAGE data 0
2025-02-05 16:55:32,870 - INFO - New connection attempt from SID: gWxaUVsIsGqu283tAAAF
2025-02-05 16:55:32,870 - INFO - Auth data received: {}
2025-02-05 16:55:32,870 - INFO - Awaiting authentication...
2025-02-05 16:55:32,870 - INFO - sbF_0yr0oW-uZt56AAAE: Sending packet MESSAGE data 0{"sid":"gWxaUVsIsGqu283tAAAF"}
2025-02-05 16:55:32,908 - INFO - 1OvY-JvjGlcM8GlVAAAG: Sending packet OPEN data {'sid': '1OvY-JvjGlcM8GlVAAAG', 'upgrades': ['websocket'], 'pingTimeout': 5000000, 'pingInterval': 25000000, 'maxPayload': 1000000}
2025-02-05 16:55:32,915 - INFO - 1OvY-JvjGlcM8GlVAAAG: Received packet MESSAGE data 0
2025-02-05 16:55:32,915 - INFO - New connection attempt from SID: 7ykhWOiA_6g3lktvAAAH
2025-02-05 16:55:32,915 - INFO - Auth data received: {}
2025-02-05 16:55:32,922 - INFO - Awaiting authentication...
2025-02-05 16:55:32,923 - INFO - 1OvY-JvjGlcM8GlVAAAG: Sending packet MESSAGE data 0{"sid":"7ykhWOiA_6g3lktvAAAH"}
2025-02-05 16:55:33,184 - INFO - sbF_0yr0oW-uZt56AAAE: Received request to upgrade to websocket
2025-02-05 16:55:33,195 - INFO - sbF_0yr0oW-uZt56AAAE: Upgrade to websocket successful
2025-02-05 16:55:33,234 - INFO - 1OvY-JvjGlcM8GlVAAAG: Received request to upgrade to websocket
2025-02-05 16:55:33,238 - INFO - 1OvY-JvjGlcM8GlVAAAG: Upgrade to websocket successful
2025-02-05 16:55:42,117 - INFO - Client disconnected: 7ykhWOiA_6g3lktvAAAH (Reason: transport close)
2025-02-05 16:55:42,299 - INFO - 69vDF-si6eK0DIqHAAAI: Sending packet OPEN data {'sid': '69vDF-si6eK0DIqHAAAI', 'upgrades': ['websocket'], 'pingTimeout': 5000000, 'pingInterval': 25000000, 'maxPayload': 1000000}
2025-02-05 16:55:42,349 - INFO - 69vDF-si6eK0DIqHAAAI: Received packet MESSAGE data 0
2025-02-05 16:55:42,351 - INFO - New connection attempt from SID: NX_l5bzewfiCOH5VAAAJ
2025-02-05 16:55:42,351 - INFO - Auth data received: {}
2025-02-05 16:55:42,351 - INFO - Awaiting authentication...
2025-02-05 16:55:42,353 - INFO - 69vDF-si6eK0DIqHAAAI: Sending packet MESSAGE data 0{"sid":"NX_l5bzewfiCOH5VAAAJ"}
2025-02-05 16:55:42,700 - INFO - 69vDF-si6eK0DIqHAAAI: Received request to upgrade to websocket
2025-02-05 16:55:42,708 - INFO - 69vDF-si6eK0DIqHAAAI: Upgrade to websocket successful
2025-02-05 16:55:45,762 - INFO - 69vDF-si6eK0DIqHAAAI: Received packet MESSAGE data 2["login",{"username":"neil","password":"123"}]
2025-02-05 16:55:45,764 - INFO - received event "login" from NX_l5bzewfiCOH5VAAAJ [/]
2025-02-05 16:55:45,790 - INFO - emitting event "login_success" to NX_l5bzewfiCOH5VAAAJ [/]
2025-02-05 16:55:45,794 - INFO - 69vDF-si6eK0DIqHAAAI: Sending packet MESSAGE data 2["login_success",{"access_token":"eyJhbGciOiJIUzI1NiIsInR5cCI6IkpXVCJ9.eyJmcmVzaCI6ZmFsc2UsImlhdCI6MTczODc3NDU0NSwianRpIjoiMjA3N2VjNGQtMGZhNC00NWYzLWEzN2UtZjljZWUxMjhjY2E3IiwidHlwZSI6ImFjY2VzcyIsInN1YiI6Im5laWwiLCJuYmYiOjE3Mzg3NzQ1NDUsImNzcmYiOiIzZGU0MGI1Yy1kYjkxLTQyNTYtYmM3ZC0zNGQ0OGNjZTU3NjIiLCJleHAiOjE3Mzg3NzU0NDV9.rxeuBCdgHro_EVdm9MEQLunvenZy8xu-OHp5xCKGcus"}]
2025-02-05 16:55:51,227 - INFO - Client disconnected: NX_l5bzewfiCOH5VAAAJ (Reason: transport close)
2025-02-05 16:55:51,233 - INFO - User neil disconnected
2025-02-05 16:55:51,346 - INFO - UuuoyXYx9i4kgerdAAAK: Sending packet OPEN data {'sid': 'UuuoyXYx9i4kgerdAAAK', 'upgrades': ['websocket'], 'pingTimeout': 5000000, 'pingInterval': 25000000, 'maxPayload': 1000000}
2025-02-05 16:55:51,392 - INFO - UuuoyXYx9i4kgerdAAAK: Received packet MESSAGE data 0
2025-02-05 16:55:51,416 - INFO - New connection attempt from SID: HdIL8f9JJAsS-7whAAAL
2025-02-05 16:55:51,420 - INFO - Auth data received: {}
2025-02-05 16:55:51,422 - INFO - Awaiting authentication...
2025-02-05 16:55:51,425 - INFO - UuuoyXYx9i4kgerdAAAK: Sending packet MESSAGE data 0{"sid":"HdIL8f9JJAsS-7whAAAL"}
2025-02-05 16:55:51,442 - INFO - UuuoyXYx9i4kgerdAAAK: Received packet MESSAGE data 2["get-queue-status",{"username":"neil"}]
2025-02-05 16:55:51,442 - INFO - received event "get-queue-status" from HdIL8f9JJAsS-7whAAAL [/]
2025-02-05 16:55:51,442 - INFO - emitting event "queue_status" to HdIL8f9JJAsS-7whAAAL [/]
2025-02-05 16:55:51,442 - INFO - UuuoyXYx9i4kgerdAAAK: Sending packet MESSAGE data 2["queue_status",{"inQueue":false,"playersInQueue":0,"queue":[]}]
2025-02-05 16:55:51,463 - INFO - UuuoyXYx9i4kgerdAAAK: Received packet MESSAGE data 2["authenticate",{"username":"neil","token":"eyJhbGciOiJIUzI1NiIsInR5cCI6IkpXVCJ9.eyJmcmVzaCI6ZmFsc2UsImlhdCI6MTczODc3NDU0NSwianRpIjoiMjA3N2VjNGQtMGZhNC00NWYzLWEzN2UtZjljZWUxMjhjY2E3IiwidHlwZSI6ImFjY2VzcyIsInN1YiI6Im5laWwiLCJuYmYiOjE3Mzg3NzQ1NDUsImNzcmYiOiIzZGU0MGI1Yy1kYjkxLTQyNTYtYmM3ZC0zNGQ0OGNjZTU3NjIiLCJleHAiOjE3Mzg3NzU0NDV9.rxeuBCdgHro_EVdm9MEQLunvenZy8xu-OHp5xCKGcus"}]
2025-02-05 16:55:51,468 - INFO - received event "authenticate" from HdIL8f9JJAsS-7whAAAL [/]
2025-02-05 16:55:51,471 - INFO - Authentication attempt for neil, HdIL8f9JJAsS-7whAAAL
2025-02-05 16:55:51,475 - INFO - Authentication successful for neil
2025-02-05 16:55:51,475 - INFO - emitting event "queue_status" to HdIL8f9JJAsS-7whAAAL [/]
2025-02-05 16:55:51,475 - INFO - UuuoyXYx9i4kgerdAAAK: Sending packet MESSAGE data 2["queue_status",{"inQueue":false,"playersInQueue":0,"queue":[]}]
2025-02-05 16:55:51,680 - INFO - UuuoyXYx9i4kgerdAAAK: Received request to upgrade to websocket
2025-02-05 16:55:51,688 - INFO - UuuoyXYx9i4kgerdAAAK: Upgrade to websocket successful
2025-02-05 16:55:58,793 - INFO - Client disconnected: gWxaUVsIsGqu283tAAAF (Reason: transport close)
2025-02-05 16:55:59,233 - INFO - pN0hb20kAd71Le5hAAAM: Sending packet OPEN data {'sid': 'pN0hb20kAd71Le5hAAAM', 'upgrades': ['websocket'], 'pingTimeout': 5000000, 'pingInterval': 25000000, 'maxPayload': 1000000}
2025-02-05 16:55:59,242 - INFO - pN0hb20kAd71Le5hAAAM: Received packet MESSAGE data 0
2025-02-05 16:55:59,244 - INFO - New connection attempt from SID: hmsHCZSfnj5Qip1CAAAN
2025-02-05 16:55:59,244 - INFO - Auth data received: {}
2025-02-05 16:55:59,244 - INFO - Awaiting authentication...
2025-02-05 16:55:59,244 - INFO - pN0hb20kAd71Le5hAAAM: Sending packet MESSAGE data 0{"sid":"hmsHCZSfnj5Qip1CAAAN"}
2025-02-05 16:55:59,549 - INFO - pN0hb20kAd71Le5hAAAM: Received request to upgrade to websocket
2025-02-05 16:55:59,556 - INFO - pN0hb20kAd71Le5hAAAM: Upgrade to websocket successful
2025-02-05 16:56:02,691 - INFO - pN0hb20kAd71Le5hAAAM: Received packet MESSAGE data 2["login",{"username":"sam","password":"123"}]
2025-02-05 16:56:02,691 - INFO - received event "login" from hmsHCZSfnj5Qip1CAAAN [/]
2025-02-05 16:56:02,695 - INFO - emitting event "login_success" to hmsHCZSfnj5Qip1CAAAN [/]
2025-02-05 16:56:02,695 - INFO - pN0hb20kAd71Le5hAAAM: Sending packet MESSAGE data 2["login_success",{"access_token":"eyJhbGciOiJIUzI1NiIsInR5cCI6IkpXVCJ9.eyJmcmVzaCI6ZmFsc2UsImlhdCI6MTczODc3NDU2MiwianRpIjoiMDRkODY0ZTQtNWQxMy00ZmEzLTgyYjAtYzgzMmMzMDNhYzFhIiwidHlwZSI6ImFjY2VzcyIsInN1YiI6InNhbSIsIm5iZiI6MTczODc3NDU2MiwiY3NyZiI6ImU5MDRjMTNlLWIyOGUtNDI3Ny1iNTYyLTk0NDQ5MWNjNGU0MCIsImV4cCI6MTczODc3NTQ2Mn0.KcqYSQgUS522Q80fdeVJhna63_-yDDn1TUWrWCQnHck"}]
2025-02-05 16:56:07,111 - INFO - Client disconnected: hmsHCZSfnj5Qip1CAAAN (Reason: transport close)
2025-02-05 16:56:07,113 - INFO - User sam disconnected
2025-02-05 16:56:07,225 - INFO - E1lA_B3Jpyj8debLAAAO: Sending packet OPEN data {'sid': 'E1lA_B3Jpyj8debLAAAO', 'upgrades': ['websocket'], 'pingTimeout': 5000000, 'pingInterval': 25000000, 'maxPayload': 1000000}
2025-02-05 16:56:07,262 - INFO - E1lA_B3Jpyj8debLAAAO: Received packet MESSAGE data 0
2025-02-05 16:56:07,262 - INFO - New connection attempt from SID: sy5rEGXol9treJbmAAAP
2025-02-05 16:56:07,262 - INFO - Auth data received: {}
2025-02-05 16:56:07,262 - INFO - Awaiting authentication...
2025-02-05 16:56:07,262 - INFO - E1lA_B3Jpyj8debLAAAO: Sending packet MESSAGE data 0{"sid":"sy5rEGXol9treJbmAAAP"}
2025-02-05 16:56:07,276 - INFO - E1lA_B3Jpyj8debLAAAO: Received packet MESSAGE data 2["get-queue-status",{"username":"sam"}]
2025-02-05 16:56:07,276 - INFO - received event "get-queue-status" from sy5rEGXol9treJbmAAAP [/]
2025-02-05 16:56:07,276 - INFO - emitting event "queue_status" to sy5rEGXol9treJbmAAAP [/]
2025-02-05 16:56:07,281 - INFO - E1lA_B3Jpyj8debLAAAO: Sending packet MESSAGE data 2["queue_status",{"inQueue":false,"playersInQueue":0,"queue":[]}]
2025-02-05 16:56:07,286 - INFO - E1lA_B3Jpyj8debLAAAO: Received packet MESSAGE data 2["authenticate",{"username":"sam","token":"eyJhbGciOiJIUzI1NiIsInR5cCI6IkpXVCJ9.eyJmcmVzaCI6ZmFsc2UsImlhdCI6MTczODc3NDU2MiwianRpIjoiMDRkODY0ZTQtNWQxMy00ZmEzLTgyYjAtYzgzMmMzMDNhYzFhIiwidHlwZSI6ImFjY2VzcyIsInN1YiI6InNhbSIsIm5iZiI6MTczODc3NDU2MiwiY3NyZiI6ImU5MDRjMTNlLWIyOGUtNDI3Ny1iNTYyLTk0NDQ5MWNjNGU0MCIsImV4cCI6MTczODc3NTQ2Mn0.KcqYSQgUS522Q80fdeVJhna63_-yDDn1TUWrWCQnHck"}]
2025-02-05 16:56:07,286 - INFO - received event "authenticate" from sy5rEGXol9treJbmAAAP [/]
2025-02-05 16:56:07,290 - INFO - Authentication attempt for sam, sy5rEGXol9treJbmAAAP
2025-02-05 16:56:07,290 - INFO - Authentication successful for sam
2025-02-05 16:56:07,290 - INFO - emitting event "queue_status" to sy5rEGXol9treJbmAAAP [/]
2025-02-05 16:56:07,292 - INFO - E1lA_B3Jpyj8debLAAAO: Sending packet MESSAGE data 2["queue_status",{"inQueue":false,"playersInQueue":0,"queue":[]}]
2025-02-05 16:56:07,571 - INFO - E1lA_B3Jpyj8debLAAAO: Received request to upgrade to websocket
2025-02-05 16:56:07,573 - INFO - E1lA_B3Jpyj8debLAAAO: Upgrade to websocket successful
2025-02-05 16:56:10,844 - INFO - Client disconnected: HdIL8f9JJAsS-7whAAAL (Reason: transport close)
2025-02-05 16:56:10,844 - INFO - User neil disconnected
2025-02-05 16:56:11,293 - INFO - ck3lGo80sVtPyqzBAAAQ: Sending packet OPEN data {'sid': 'ck3lGo80sVtPyqzBAAAQ', 'upgrades': ['websocket'], 'pingTimeout': 5000000, 'pingInterval': 25000000, 'maxPayload': 1000000}
2025-02-05 16:56:11,305 - INFO - ck3lGo80sVtPyqzBAAAQ: Received packet MESSAGE data 0
2025-02-05 16:56:11,305 - INFO - New connection attempt from SID: vWBsaev7ITnKfpDRAAAR
2025-02-05 16:56:11,305 - INFO - Auth data received: {}
2025-02-05 16:56:11,305 - INFO - Awaiting authentication...
2025-02-05 16:56:11,305 - INFO - ck3lGo80sVtPyqzBAAAQ: Sending packet MESSAGE data 0{"sid":"vWBsaev7ITnKfpDRAAAR"}
2025-02-05 16:56:11,549 - INFO - ck3lGo80sVtPyqzBAAAQ: Received packet MESSAGE data 2["get-queue-status",{"username":"neil"}]
2025-02-05 16:56:11,554 - INFO - received event "get-queue-status" from vWBsaev7ITnKfpDRAAAR [/]
2025-02-05 16:56:11,554 - INFO - emitting event "queue_status" to vWBsaev7ITnKfpDRAAAR [/]
2025-02-05 16:56:11,556 - INFO - ck3lGo80sVtPyqzBAAAQ: Sending packet MESSAGE data 2["queue_status",{"inQueue":false,"playersInQueue":0,"queue":[]}]
2025-02-05 16:56:11,559 - INFO - ck3lGo80sVtPyqzBAAAQ: Received packet MESSAGE data 2["authenticate",{"username":"neil","token":"eyJhbGciOiJIUzI1NiIsInR5cCI6IkpXVCJ9.eyJmcmVzaCI6ZmFsc2UsImlhdCI6MTczODc3NDU0NSwianRpIjoiMjA3N2VjNGQtMGZhNC00NWYzLWEzN2UtZjljZWUxMjhjY2E3IiwidHlwZSI6ImFjY2VzcyIsInN1YiI6Im5laWwiLCJuYmYiOjE3Mzg3NzQ1NDUsImNzcmYiOiIzZGU0MGI1Yy1kYjkxLTQyNTYtYmM3ZC0zNGQ0OGNjZTU3NjIiLCJleHAiOjE3Mzg3NzU0NDV9.rxeuBCdgHro_EVdm9MEQLunvenZy8xu-OHp5xCKGcus"}]
2025-02-05 16:56:11,559 - INFO - received event "authenticate" from vWBsaev7ITnKfpDRAAAR [/]
2025-02-05 16:56:11,559 - INFO - Authentication attempt for neil, vWBsaev7ITnKfpDRAAAR
2025-02-05 16:56:11,565 - INFO - Authentication successful for neil
2025-02-05 16:56:11,565 - INFO - emitting event "queue_status" to vWBsaev7ITnKfpDRAAAR [/]
2025-02-05 16:56:11,566 - INFO - ck3lGo80sVtPyqzBAAAQ: Sending packet MESSAGE data 2["queue_status",{"inQueue":false,"playersInQueue":0,"queue":[]}]
2025-02-05 16:56:11,612 - INFO - ck3lGo80sVtPyqzBAAAQ: Received request to upgrade to websocket
2025-02-05 16:56:11,622 - INFO - ck3lGo80sVtPyqzBAAAQ: Upgrade to websocket successful
2025-02-05 16:56:59,386 - INFO - ck3lGo80sVtPyqzBAAAQ: Received packet MESSAGE data 2["join-queue",{"username":"neil"}]
2025-02-05 16:56:59,386 - INFO - received event "join-queue" from vWBsaev7ITnKfpDRAAAR [/]
2025-02-05 16:57:03,957 - INFO - E1lA_B3Jpyj8debLAAAO: Received packet MESSAGE data 2["join-queue",{"username":"sam"}]
2025-02-05 16:57:03,957 - INFO - received event "join-queue" from sy5rEGXol9treJbmAAAP [/]
2025-02-05 16:57:59,112 - INFO - E1lA_B3Jpyj8debLAAAO: Received packet MESSAGE data 2["join-queue",{"username":"sam"}]
2025-02-05 16:57:59,120 - INFO - received event "join-queue" from sy5rEGXol9treJbmAAAP [/]
2025-02-05 17:08:19,129 - INFO - Starting Flask application
2025-02-05 17:08:19,129 - INFO - Configuring CORS
2025-02-05 17:08:19,129 - INFO - CORS configured
2025-02-05 17:08:19,131 - INFO - Initializing SocketIO
2025-02-05 17:08:19,143 - INFO - Server initialized for eventlet.
2025-02-05 17:08:19,143 - INFO - SocketIO initialized
2025-02-05 17:08:19,143 - INFO - Cleaning up stale state...
2025-02-05 17:08:19,143 - INFO - Cleanup complete
2025-02-05 17:08:19,143 - INFO - Starting server...
2025-02-05 17:08:19,588 - INFO - S54d0f7RYGQFFnqfAAAA: Sending packet OPEN data {'sid': 'S54d0f7RYGQFFnqfAAAA', 'upgrades': ['websocket'], 'pingTimeout': 5000000, 'pingInterval': 25000000, 'maxPayload': 1000000}
2025-02-05 17:08:19,588 - INFO - S54d0f7RYGQFFnqfAAAA: Received packet MESSAGE data 0
2025-02-05 17:08:19,588 - INFO - New connection attempt from SID: zH6PQCIsVziaLGRkAAAB
2025-02-05 17:08:19,598 - INFO - Auth data received: {}
2025-02-05 17:08:19,598 - INFO - Awaiting authentication...
2025-02-05 17:08:19,598 - INFO - S54d0f7RYGQFFnqfAAAA: Sending packet MESSAGE data 0{"sid":"zH6PQCIsVziaLGRkAAAB"}
2025-02-05 17:08:19,903 - INFO - S54d0f7RYGQFFnqfAAAA: Received request to upgrade to websocket
2025-02-05 17:08:19,903 - INFO - S54d0f7RYGQFFnqfAAAA: Upgrade to websocket successful
2025-02-05 17:08:24,339 - INFO - Client disconnected: zH6PQCIsVziaLGRkAAAB (Reason: transport close)
2025-02-05 17:08:24,534 - INFO - y3t7t-8Ady5DNC9IAAAC: Sending packet OPEN data {'sid': 'y3t7t-8Ady5DNC9IAAAC', 'upgrades': ['websocket'], 'pingTimeout': 5000000, 'pingInterval': 25000000, 'maxPayload': 1000000}
2025-02-05 17:08:24,614 - INFO - lMt43XLWJDW1xFYGAAAD: Sending packet OPEN data {'sid': 'lMt43XLWJDW1xFYGAAAD', 'upgrades': ['websocket'], 'pingTimeout': 5000000, 'pingInterval': 25000000, 'maxPayload': 1000000}
2025-02-05 17:08:24,622 - INFO - y3t7t-8Ady5DNC9IAAAC: Received packet MESSAGE data 0
2025-02-05 17:08:24,630 - INFO - New connection attempt from SID: DrtBqHXbRshCY2ciAAAE
2025-02-05 17:08:24,642 - INFO - Auth data received: {}
2025-02-05 17:08:24,644 - INFO - Awaiting authentication...
2025-02-05 17:08:24,646 - INFO - y3t7t-8Ady5DNC9IAAAC: Sending packet MESSAGE data 0{"sid":"DrtBqHXbRshCY2ciAAAE"}
2025-02-05 17:08:24,660 - INFO - lMt43XLWJDW1xFYGAAAD: Received packet MESSAGE data 0
2025-02-05 17:08:24,664 - INFO - New connection attempt from SID: hdZvFvug_0bbFw5CAAAF
2025-02-05 17:08:24,664 - INFO - Auth data received: {}
2025-02-05 17:08:24,664 - INFO - Awaiting authentication...
2025-02-05 17:08:24,666 - INFO - lMt43XLWJDW1xFYGAAAD: Sending packet MESSAGE data 0{"sid":"hdZvFvug_0bbFw5CAAAF"}
2025-02-05 17:08:24,938 - INFO - lMt43XLWJDW1xFYGAAAD: Received request to upgrade to websocket
2025-02-05 17:08:24,954 - INFO - lMt43XLWJDW1xFYGAAAD: Upgrade to websocket successful
2025-02-05 17:08:24,967 - INFO - y3t7t-8Ady5DNC9IAAAC: Received request to upgrade to websocket
2025-02-05 17:08:24,979 - INFO - y3t7t-8Ady5DNC9IAAAC: Upgrade to websocket successful
2025-02-05 17:08:35,291 - INFO - y3t7t-8Ady5DNC9IAAAC: Received packet MESSAGE data 2["login",{"username":"neil","password":"123"}]
2025-02-05 17:08:35,291 - INFO - received event "login" from DrtBqHXbRshCY2ciAAAE [/]
2025-02-05 17:08:35,293 - INFO - emitting event "login_success" to DrtBqHXbRshCY2ciAAAE [/]
2025-02-05 17:08:35,296 - INFO - y3t7t-8Ady5DNC9IAAAC: Sending packet MESSAGE data 2["login_success",{"access_token":"eyJhbGciOiJIUzI1NiIsInR5cCI6IkpXVCJ9.eyJmcmVzaCI6ZmFsc2UsImlhdCI6MTczODc3NTMxNSwianRpIjoiMzQ3ZWJkOWEtNWQ2ZC00YzMzLWIzZDMtODI5YWM4ZWI0MjQ5IiwidHlwZSI6ImFjY2VzcyIsInN1YiI6Im5laWwiLCJuYmYiOjE3Mzg3NzUzMTUsImNzcmYiOiJkYmUyNmI3Mi0yMGIxLTRhYjktYWNlZC04M2JkNGM3NDI3YTEiLCJleHAiOjE3Mzg3NzYyMTV9.La3K-kzOVgXftdxdOnC1X9X3c6wl4HI8CcZrQFC8W40"}]
2025-02-05 17:08:40,942 - INFO - lMt43XLWJDW1xFYGAAAD: Received packet MESSAGE data 2["login",{"username":"sam","password":"123"}]
2025-02-05 17:08:40,944 - INFO - received event "login" from hdZvFvug_0bbFw5CAAAF [/]
2025-02-05 17:08:40,950 - INFO - emitting event "login_success" to hdZvFvug_0bbFw5CAAAF [/]
2025-02-05 17:08:40,952 - INFO - lMt43XLWJDW1xFYGAAAD: Sending packet MESSAGE data 2["login_success",{"access_token":"eyJhbGciOiJIUzI1NiIsInR5cCI6IkpXVCJ9.eyJmcmVzaCI6ZmFsc2UsImlhdCI6MTczODc3NTMyMCwianRpIjoiNGZmNDU1YWMtMGJkYi00YjUyLWI4YzQtZDliMTc1ZjlhZTA3IiwidHlwZSI6ImFjY2VzcyIsInN1YiI6InNhbSIsIm5iZiI6MTczODc3NTMyMCwiY3NyZiI6IjgyNjFjODAyLWZjNGEtNGQ1OC1hYmIyLTkxMGQ5OWYxNjYzNSIsImV4cCI6MTczODc3NjIyMH0.VuG3wBzB27qo6Ski8YVc_Vc3tZIN-32s7T99kq5AYqI"}]
2025-02-05 17:08:42,361 - INFO - Client disconnected: hdZvFvug_0bbFw5CAAAF (Reason: transport close)
2025-02-05 17:08:42,365 - INFO - User sam disconnected
2025-02-05 17:08:42,771 - INFO - sc85OUr5EX8kq7gTAAAG: Sending packet OPEN data {'sid': 'sc85OUr5EX8kq7gTAAAG', 'upgrades': ['websocket'], 'pingTimeout': 5000000, 'pingInterval': 25000000, 'maxPayload': 1000000}
2025-02-05 17:08:42,780 - INFO - sc85OUr5EX8kq7gTAAAG: Received packet MESSAGE data 0
2025-02-05 17:08:42,783 - INFO - New connection attempt from SID: 6jbsIkv8UMI3yvtNAAAH
2025-02-05 17:08:42,783 - INFO - Auth data received: {}
2025-02-05 17:08:42,786 - INFO - Awaiting authentication...
2025-02-05 17:08:42,786 - INFO - sc85OUr5EX8kq7gTAAAG: Sending packet MESSAGE data 0{"sid":"6jbsIkv8UMI3yvtNAAAH"}
2025-02-05 17:08:43,031 - INFO - sc85OUr5EX8kq7gTAAAG: Received packet MESSAGE data 2["get-queue-status",{"username":"sam"}]
2025-02-05 17:08:43,031 - INFO - received event "get-queue-status" from 6jbsIkv8UMI3yvtNAAAH [/]
2025-02-05 17:08:43,032 - INFO - emitting event "queue_status" to 6jbsIkv8UMI3yvtNAAAH [/]
2025-02-05 17:08:43,032 - INFO - sc85OUr5EX8kq7gTAAAG: Sending packet MESSAGE data 2["queue_status",{"inQueue":false,"playersInQueue":0,"queue":[]}]
2025-02-05 17:08:43,038 - INFO - sc85OUr5EX8kq7gTAAAG: Received packet MESSAGE data 2["authenticate",{"username":"sam","token":"eyJhbGciOiJIUzI1NiIsInR5cCI6IkpXVCJ9.eyJmcmVzaCI6ZmFsc2UsImlhdCI6MTczODc3NTMyMCwianRpIjoiNGZmNDU1YWMtMGJkYi00YjUyLWI4YzQtZDliMTc1ZjlhZTA3IiwidHlwZSI6ImFjY2VzcyIsInN1YiI6InNhbSIsIm5iZiI6MTczODc3NTMyMCwiY3NyZiI6IjgyNjFjODAyLWZjNGEtNGQ1OC1hYmIyLTkxMGQ5OWYxNjYzNSIsImV4cCI6MTczODc3NjIyMH0.VuG3wBzB27qo6Ski8YVc_Vc3tZIN-32s7T99kq5AYqI"}]
2025-02-05 17:08:43,038 - INFO - received event "authenticate" from 6jbsIkv8UMI3yvtNAAAH [/]
2025-02-05 17:08:43,038 - INFO - Authentication attempt for sam, 6jbsIkv8UMI3yvtNAAAH
2025-02-05 17:08:43,041 - INFO - Authentication successful for sam
2025-02-05 17:08:43,041 - INFO - emitting event "queue_status" to 6jbsIkv8UMI3yvtNAAAH [/]
2025-02-05 17:08:43,041 - INFO - sc85OUr5EX8kq7gTAAAG: Sending packet MESSAGE data 2["queue_status",{"inQueue":false,"playersInQueue":0,"queue":[]}]
2025-02-05 17:08:43,084 - INFO - sc85OUr5EX8kq7gTAAAG: Received request to upgrade to websocket
2025-02-05 17:08:43,094 - INFO - sc85OUr5EX8kq7gTAAAG: Upgrade to websocket successful
2025-02-05 17:08:45,588 - INFO - Client disconnected: DrtBqHXbRshCY2ciAAAE (Reason: transport close)
2025-02-05 17:08:45,612 - INFO - User neil disconnected
2025-02-05 17:08:46,097 - INFO - YEGeCqPpVtKSuSqmAAAI: Sending packet OPEN data {'sid': 'YEGeCqPpVtKSuSqmAAAI', 'upgrades': ['websocket'], 'pingTimeout': 5000000, 'pingInterval': 25000000, 'maxPayload': 1000000}
2025-02-05 17:08:46,107 - INFO - YEGeCqPpVtKSuSqmAAAI: Received packet MESSAGE data 0
2025-02-05 17:08:46,109 - INFO - New connection attempt from SID: PrQUlJ7uftZJNxieAAAJ
2025-02-05 17:08:46,109 - INFO - Auth data received: {}
2025-02-05 17:08:46,109 - INFO - Awaiting authentication...
2025-02-05 17:08:46,111 - INFO - YEGeCqPpVtKSuSqmAAAI: Sending packet MESSAGE data 0{"sid":"PrQUlJ7uftZJNxieAAAJ"}
2025-02-05 17:08:46,349 - INFO - YEGeCqPpVtKSuSqmAAAI: Received packet MESSAGE data 2["get-queue-status",{"username":"neil"}]
2025-02-05 17:08:46,351 - INFO - received event "get-queue-status" from PrQUlJ7uftZJNxieAAAJ [/]
2025-02-05 17:08:46,353 - INFO - emitting event "queue_status" to PrQUlJ7uftZJNxieAAAJ [/]
2025-02-05 17:08:46,353 - INFO - YEGeCqPpVtKSuSqmAAAI: Sending packet MESSAGE data 2["queue_status",{"inQueue":false,"playersInQueue":0,"queue":[]}]
2025-02-05 17:08:46,357 - INFO - YEGeCqPpVtKSuSqmAAAI: Received packet MESSAGE data 2["authenticate",{"username":"neil","token":"eyJhbGciOiJIUzI1NiIsInR5cCI6IkpXVCJ9.eyJmcmVzaCI6ZmFsc2UsImlhdCI6MTczODc3NTMxNSwianRpIjoiMzQ3ZWJkOWEtNWQ2ZC00YzMzLWIzZDMtODI5YWM4ZWI0MjQ5IiwidHlwZSI6ImFjY2VzcyIsInN1YiI6Im5laWwiLCJuYmYiOjE3Mzg3NzUzMTUsImNzcmYiOiJkYmUyNmI3Mi0yMGIxLTRhYjktYWNlZC04M2JkNGM3NDI3YTEiLCJleHAiOjE3Mzg3NzYyMTV9.La3K-kzOVgXftdxdOnC1X9X3c6wl4HI8CcZrQFC8W40"}]
2025-02-05 17:08:46,359 - INFO - received event "authenticate" from PrQUlJ7uftZJNxieAAAJ [/]
2025-02-05 17:08:46,361 - INFO - Authentication attempt for neil, PrQUlJ7uftZJNxieAAAJ
2025-02-05 17:08:46,367 - INFO - Authentication successful for neil
2025-02-05 17:08:46,369 - INFO - emitting event "queue_status" to PrQUlJ7uftZJNxieAAAJ [/]
2025-02-05 17:08:46,369 - INFO - YEGeCqPpVtKSuSqmAAAI: Sending packet MESSAGE data 2["queue_status",{"inQueue":false,"playersInQueue":0,"queue":[]}]
2025-02-05 17:08:46,411 - INFO - YEGeCqPpVtKSuSqmAAAI: Received request to upgrade to websocket
2025-02-05 17:08:46,424 - INFO - YEGeCqPpVtKSuSqmAAAI: Upgrade to websocket successful
2025-02-05 17:08:49,978 - INFO - sc85OUr5EX8kq7gTAAAG: Received packet MESSAGE data 2["join-queue",{"username":"sam"}]
2025-02-05 17:08:49,982 - INFO - received event "join-queue" from 6jbsIkv8UMI3yvtNAAAH [/]
2025-02-05 17:27:15,461 - INFO - Starting Flask application
2025-02-05 17:27:15,482 - INFO - Configuring CORS
2025-02-05 17:27:15,482 - INFO - CORS configured
2025-02-05 17:27:15,482 - INFO - Initializing SocketIO
2025-02-05 17:27:15,502 - INFO - Server initialized for eventlet.
2025-02-05 17:27:15,502 - INFO - SocketIO initialized
2025-02-05 17:27:15,507 - INFO - Cleaning up stale state...
2025-02-05 17:27:15,509 - INFO - Cleanup complete
2025-02-05 17:27:15,509 - INFO - Starting server...
2025-02-05 17:27:25,123 - INFO - ey6pbq2SIMvC8zhNAAAA: Sending packet OPEN data {'sid': 'ey6pbq2SIMvC8zhNAAAA', 'upgrades': ['websocket'], 'pingTimeout': 5000000, 'pingInterval': 25000000, 'maxPayload': 1000000}
2025-02-05 17:27:25,136 - INFO - ey6pbq2SIMvC8zhNAAAA: Received packet MESSAGE data 0
2025-02-05 17:27:25,139 - INFO - New connection attempt from SID: C_Af9DUQrnP5ultFAAAB
2025-02-05 17:27:25,142 - INFO - Auth data received: {}
2025-02-05 17:27:25,142 - INFO - Awaiting authentication...
2025-02-05 17:27:25,144 - INFO - ey6pbq2SIMvC8zhNAAAA: Sending packet MESSAGE data 0{"sid":"C_Af9DUQrnP5ultFAAAB"}
2025-02-05 17:27:25,377 - INFO - ey6pbq2SIMvC8zhNAAAA: Received packet MESSAGE data 2["get-queue-status",{"username":"sam"}]
2025-02-05 17:27:25,377 - INFO - received event "get-queue-status" from C_Af9DUQrnP5ultFAAAB [/]
2025-02-05 17:27:25,377 - INFO - emitting event "queue_status" to C_Af9DUQrnP5ultFAAAB [/]
2025-02-05 17:27:25,381 - INFO - ey6pbq2SIMvC8zhNAAAA: Sending packet MESSAGE data 2["queue_status",{"inQueue":false,"playersInQueue":0,"queue":[]}]
2025-02-05 17:27:25,381 - INFO - ey6pbq2SIMvC8zhNAAAA: Received packet MESSAGE data 2["authenticate",{"username":"sam","token":"eyJhbGciOiJIUzI1NiIsInR5cCI6IkpXVCJ9.eyJmcmVzaCI6ZmFsc2UsImlhdCI6MTczODc3NTMyMCwianRpIjoiNGZmNDU1YWMtMGJkYi00YjUyLWI4YzQtZDliMTc1ZjlhZTA3IiwidHlwZSI6ImFjY2VzcyIsInN1YiI6InNhbSIsIm5iZiI6MTczODc3NTMyMCwiY3NyZiI6IjgyNjFjODAyLWZjNGEtNGQ1OC1hYmIyLTkxMGQ5OWYxNjYzNSIsImV4cCI6MTczODc3NjIyMH0.VuG3wBzB27qo6Ski8YVc_Vc3tZIN-32s7T99kq5AYqI"}]
2025-02-05 17:27:25,385 - INFO - received event "authenticate" from C_Af9DUQrnP5ultFAAAB [/]
2025-02-05 17:27:25,385 - INFO - Authentication attempt for sam, C_Af9DUQrnP5ultFAAAB
2025-02-05 17:27:25,385 - INFO - Authentication successful for sam
2025-02-05 17:27:25,385 - INFO - emitting event "queue_status" to C_Af9DUQrnP5ultFAAAB [/]
2025-02-05 17:27:25,385 - INFO - ey6pbq2SIMvC8zhNAAAA: Sending packet MESSAGE data 2["queue_status",{"inQueue":false,"playersInQueue":0,"queue":[]}]
2025-02-05 17:27:25,457 - INFO - ey6pbq2SIMvC8zhNAAAA: Received request to upgrade to websocket
2025-02-05 17:27:25,470 - INFO - ey6pbq2SIMvC8zhNAAAA: Upgrade to websocket successful
2025-02-05 17:27:33,590 - INFO - ey6pbq2SIMvC8zhNAAAA: Received packet MESSAGE data 2["join-queue",{"username":"sam"}]
2025-02-05 17:27:33,593 - INFO - received event "join-queue" from C_Af9DUQrnP5ultFAAAB [/]
2025-02-05 17:29:09,197 - INFO - Client disconnected: C_Af9DUQrnP5ultFAAAB (Reason: transport close)
2025-02-05 17:29:09,197 - INFO - User sam disconnected
2025-02-05 17:29:09,657 - INFO - Z1m5Y2hR2-rkXunSAAAC: Sending packet OPEN data {'sid': 'Z1m5Y2hR2-rkXunSAAAC', 'upgrades': ['websocket'], 'pingTimeout': 5000000, 'pingInterval': 25000000, 'maxPayload': 1000000}
2025-02-05 17:29:09,667 - INFO - Z1m5Y2hR2-rkXunSAAAC: Received packet MESSAGE data 0
2025-02-05 17:29:09,667 - INFO - New connection attempt from SID: y_sXKwEqciB6oZfNAAAD
2025-02-05 17:29:09,670 - INFO - Auth data received: {}
2025-02-05 17:29:09,670 - INFO - Awaiting authentication...
2025-02-05 17:29:09,671 - INFO - Z1m5Y2hR2-rkXunSAAAC: Sending packet MESSAGE data 0{"sid":"y_sXKwEqciB6oZfNAAAD"}
2025-02-05 17:29:09,926 - INFO - Z1m5Y2hR2-rkXunSAAAC: Received packet MESSAGE data 2["get-queue-status",{"username":"sam"}]
2025-02-05 17:29:09,929 - INFO - received event "get-queue-status" from y_sXKwEqciB6oZfNAAAD [/]
2025-02-05 17:29:09,934 - INFO - Z1m5Y2hR2-rkXunSAAAC: Received packet MESSAGE data 2["authenticate",{"username":"sam","token":"eyJhbGciOiJIUzI1NiIsInR5cCI6IkpXVCJ9.eyJmcmVzaCI6ZmFsc2UsImlhdCI6MTczODc3NTMyMCwianRpIjoiNGZmNDU1YWMtMGJkYi00YjUyLWI4YzQtZDliMTc1ZjlhZTA3IiwidHlwZSI6ImFjY2VzcyIsInN1YiI6InNhbSIsIm5iZiI6MTczODc3NTMyMCwiY3NyZiI6IjgyNjFjODAyLWZjNGEtNGQ1OC1hYmIyLTkxMGQ5OWYxNjYzNSIsImV4cCI6MTczODc3NjIyMH0.VuG3wBzB27qo6Ski8YVc_Vc3tZIN-32s7T99kq5AYqI"}]
2025-02-05 17:29:09,934 - INFO - received event "authenticate" from y_sXKwEqciB6oZfNAAAD [/]
2025-02-05 17:29:09,934 - INFO - Authentication attempt for sam, y_sXKwEqciB6oZfNAAAD
2025-02-05 17:29:09,934 - INFO - Authentication successful for sam
2025-02-05 17:29:09,934 - INFO - emitting event "queue_status" to y_sXKwEqciB6oZfNAAAD [/]
2025-02-05 17:29:09,940 - INFO - Z1m5Y2hR2-rkXunSAAAC: Sending packet MESSAGE data 2["queue_status",{"inQueue":true,"playersInQueue":1,"queue":["sam"]}]
2025-02-05 17:29:09,976 - INFO - Z1m5Y2hR2-rkXunSAAAC: Received request to upgrade to websocket
2025-02-05 17:29:09,984 - INFO - Z1m5Y2hR2-rkXunSAAAC: Upgrade to websocket successful
2025-02-05 17:29:11,669 - INFO - Z1m5Y2hR2-rkXunSAAAC: Received packet MESSAGE data 2["leave-queue",{"username":"sam"}]
2025-02-05 17:29:11,676 - INFO - received event "leave-queue" from y_sXKwEqciB6oZfNAAAD [/]
2025-02-05 17:29:12,987 - INFO - Z1m5Y2hR2-rkXunSAAAC: Received packet MESSAGE data 2["join-queue",{"username":"sam"}]
2025-02-05 17:29:12,987 - INFO - received event "join-queue" from y_sXKwEqciB6oZfNAAAD [/]
2025-02-05 17:29:15,961 - INFO - Client disconnected: y_sXKwEqciB6oZfNAAAD (Reason: transport close)
2025-02-05 17:29:15,963 - INFO - User sam disconnected
2025-02-05 17:29:16,088 - INFO - u1xu7WQ4XX47eIXlAAAE: Sending packet OPEN data {'sid': 'u1xu7WQ4XX47eIXlAAAE', 'upgrades': ['websocket'], 'pingTimeout': 5000000, 'pingInterval': 25000000, 'maxPayload': 1000000}
2025-02-05 17:29:16,117 - INFO - u1xu7WQ4XX47eIXlAAAE: Received packet MESSAGE data 0
2025-02-05 17:29:16,119 - INFO - New connection attempt from SID: pwqTIgDD3Ldw1V1CAAAF
2025-02-05 17:29:16,119 - INFO - Auth data received: {}
2025-02-05 17:29:16,119 - INFO - Awaiting authentication...
2025-02-05 17:29:16,122 - INFO - u1xu7WQ4XX47eIXlAAAE: Sending packet MESSAGE data 0{"sid":"pwqTIgDD3Ldw1V1CAAAF"}
2025-02-05 17:29:16,140 - INFO - u1xu7WQ4XX47eIXlAAAE: Received packet MESSAGE data 2["get-queue-status",{"username":"sam"}]
2025-02-05 17:29:16,163 - INFO - received event "get-queue-status" from pwqTIgDD3Ldw1V1CAAAF [/]
2025-02-05 17:29:16,169 - INFO - u1xu7WQ4XX47eIXlAAAE: Received packet MESSAGE data 2["authenticate",{"username":"sam","token":"eyJhbGciOiJIUzI1NiIsInR5cCI6IkpXVCJ9.eyJmcmVzaCI6ZmFsc2UsImlhdCI6MTczODc3NTMyMCwianRpIjoiNGZmNDU1YWMtMGJkYi00YjUyLWI4YzQtZDliMTc1ZjlhZTA3IiwidHlwZSI6ImFjY2VzcyIsInN1YiI6InNhbSIsIm5iZiI6MTczODc3NTMyMCwiY3NyZiI6IjgyNjFjODAyLWZjNGEtNGQ1OC1hYmIyLTkxMGQ5OWYxNjYzNSIsImV4cCI6MTczODc3NjIyMH0.VuG3wBzB27qo6Ski8YVc_Vc3tZIN-32s7T99kq5AYqI"}]
2025-02-05 17:29:16,171 - INFO - received event "authenticate" from pwqTIgDD3Ldw1V1CAAAF [/]
2025-02-05 17:29:16,171 - INFO - Authentication attempt for sam, pwqTIgDD3Ldw1V1CAAAF
2025-02-05 17:29:16,173 - INFO - Authentication successful for sam
2025-02-05 17:29:16,173 - INFO - emitting event "queue_status" to pwqTIgDD3Ldw1V1CAAAF [/]
2025-02-05 17:29:16,173 - INFO - u1xu7WQ4XX47eIXlAAAE: Sending packet MESSAGE data 2["queue_status",{"inQueue":true,"playersInQueue":1,"queue":["sam"]}]
2025-02-05 17:29:16,425 - INFO - u1xu7WQ4XX47eIXlAAAE: Received request to upgrade to websocket
2025-02-05 17:29:16,432 - INFO - u1xu7WQ4XX47eIXlAAAE: Upgrade to websocket successful
2025-02-05 17:29:55,859 - INFO - Client disconnected: pwqTIgDD3Ldw1V1CAAAF (Reason: transport close)
2025-02-05 17:29:55,859 - INFO - User sam disconnected
2025-02-05 17:29:55,963 - INFO - QSZa67oZJnjSucEnAAAG: Sending packet OPEN data {'sid': 'QSZa67oZJnjSucEnAAAG', 'upgrades': ['websocket'], 'pingTimeout': 5000000, 'pingInterval': 25000000, 'maxPayload': 1000000}
2025-02-05 17:29:55,996 - INFO - QSZa67oZJnjSucEnAAAG: Received packet MESSAGE data 0
2025-02-05 17:29:55,997 - INFO - New connection attempt from SID: 9KpioV0ZdDryAbM1AAAH
2025-02-05 17:29:55,997 - INFO - Auth data received: {}
2025-02-05 17:29:56,000 - INFO - Awaiting authentication...
2025-02-05 17:29:56,000 - INFO - QSZa67oZJnjSucEnAAAG: Sending packet MESSAGE data 0{"sid":"9KpioV0ZdDryAbM1AAAH"}
2025-02-05 17:29:56,009 - INFO - QSZa67oZJnjSucEnAAAG: Received packet MESSAGE data 2["get-queue-status",{"username":"sam"}]
2025-02-05 17:29:56,009 - INFO - received event "get-queue-status" from 9KpioV0ZdDryAbM1AAAH [/]
2025-02-05 17:29:56,018 - INFO - QSZa67oZJnjSucEnAAAG: Received packet MESSAGE data 2["authenticate",{"username":"sam","token":"eyJhbGciOiJIUzI1NiIsInR5cCI6IkpXVCJ9.eyJmcmVzaCI6ZmFsc2UsImlhdCI6MTczODc3NTMyMCwianRpIjoiNGZmNDU1YWMtMGJkYi00YjUyLWI4YzQtZDliMTc1ZjlhZTA3IiwidHlwZSI6ImFjY2VzcyIsInN1YiI6InNhbSIsIm5iZiI6MTczODc3NTMyMCwiY3NyZiI6IjgyNjFjODAyLWZjNGEtNGQ1OC1hYmIyLTkxMGQ5OWYxNjYzNSIsImV4cCI6MTczODc3NjIyMH0.VuG3wBzB27qo6Ski8YVc_Vc3tZIN-32s7T99kq5AYqI"}]
2025-02-05 17:29:56,018 - INFO - received event "authenticate" from 9KpioV0ZdDryAbM1AAAH [/]
2025-02-05 17:29:56,020 - INFO - Authentication attempt for sam, 9KpioV0ZdDryAbM1AAAH
2025-02-05 17:29:56,020 - INFO - Authentication successful for sam
2025-02-05 17:29:56,020 - INFO - emitting event "queue_status" to 9KpioV0ZdDryAbM1AAAH [/]
2025-02-05 17:29:56,020 - INFO - QSZa67oZJnjSucEnAAAG: Sending packet MESSAGE data 2["queue_status",{"inQueue":true,"playersInQueue":1,"queue":["sam"]}]
2025-02-05 17:29:56,303 - INFO - QSZa67oZJnjSucEnAAAG: Received request to upgrade to websocket
2025-02-05 17:29:56,309 - INFO - QSZa67oZJnjSucEnAAAG: Upgrade to websocket successful
2025-02-05 17:30:11,760 - INFO - QSZa67oZJnjSucEnAAAG: Received packet MESSAGE data 2["leave-queue",{"username":"sam"}]
2025-02-05 17:30:11,760 - INFO - received event "leave-queue" from 9KpioV0ZdDryAbM1AAAH [/]
2025-02-05 18:02:56,209 - INFO - Client disconnected: 9KpioV0ZdDryAbM1AAAH (Reason: transport close)
2025-02-05 18:02:56,217 - INFO - User sam disconnected
2025-02-05 18:02:57,129 - INFO - ZrTcjxfHEVYiWpHPAAAI: Sending packet OPEN data {'sid': 'ZrTcjxfHEVYiWpHPAAAI', 'upgrades': ['websocket'], 'pingTimeout': 5000000, 'pingInterval': 25000000, 'maxPayload': 1000000}
2025-02-05 18:02:57,153 - INFO - ZrTcjxfHEVYiWpHPAAAI: Received packet MESSAGE data 0
2025-02-05 18:02:57,162 - INFO - New connection attempt from SID: V7we3v6nfdKyty8EAAAJ
2025-02-05 18:02:57,162 - INFO - Auth data received: {}
2025-02-05 18:02:57,162 - INFO - Awaiting authentication...
2025-02-05 18:02:57,164 - INFO - ZrTcjxfHEVYiWpHPAAAI: Sending packet MESSAGE data 0{"sid":"V7we3v6nfdKyty8EAAAJ"}
2025-02-05 18:02:57,181 - INFO - ioceCXGDKZgkUoNDAAAK: Sending packet OPEN data {'sid': 'ioceCXGDKZgkUoNDAAAK', 'upgrades': ['websocket'], 'pingTimeout': 5000000, 'pingInterval': 25000000, 'maxPayload': 1000000}
2025-02-05 18:02:57,191 - INFO - ioceCXGDKZgkUoNDAAAK: Received packet MESSAGE data 0
2025-02-05 18:02:57,194 - INFO - New connection attempt from SID: Mz4A6zUe8XBQXDK_AAAL
2025-02-05 18:02:57,195 - INFO - Auth data received: {}
2025-02-05 18:02:57,195 - INFO - Awaiting authentication...
2025-02-05 18:02:57,195 - INFO - ioceCXGDKZgkUoNDAAAK: Sending packet MESSAGE data 0{"sid":"Mz4A6zUe8XBQXDK_AAAL"}
2025-02-05 18:02:57,368 - INFO - ZrTcjxfHEVYiWpHPAAAI: Received packet MESSAGE data 2["get-queue-status",{"username":"sam"}]
2025-02-05 18:02:57,368 - INFO - received event "get-queue-status" from V7we3v6nfdKyty8EAAAJ [/]
2025-02-05 18:02:57,379 - INFO - ZrTcjxfHEVYiWpHPAAAI: Received packet MESSAGE data 2["authenticate",{"username":"sam","token":"eyJhbGciOiJIUzI1NiIsInR5cCI6IkpXVCJ9.eyJmcmVzaCI6ZmFsc2UsImlhdCI6MTczODc3NTMyMCwianRpIjoiNGZmNDU1YWMtMGJkYi00YjUyLWI4YzQtZDliMTc1ZjlhZTA3IiwidHlwZSI6ImFjY2VzcyIsInN1YiI6InNhbSIsIm5iZiI6MTczODc3NTMyMCwiY3NyZiI6IjgyNjFjODAyLWZjNGEtNGQ1OC1hYmIyLTkxMGQ5OWYxNjYzNSIsImV4cCI6MTczODc3NjIyMH0.VuG3wBzB27qo6Ski8YVc_Vc3tZIN-32s7T99kq5AYqI"}]
2025-02-05 18:02:57,380 - INFO - received event "authenticate" from V7we3v6nfdKyty8EAAAJ [/]
2025-02-05 18:02:57,382 - INFO - Authentication attempt for sam, V7we3v6nfdKyty8EAAAJ
2025-02-05 18:02:57,383 - INFO - Authentication successful for sam
2025-02-05 18:02:57,383 - INFO - emitting event "queue_status" to V7we3v6nfdKyty8EAAAJ [/]
2025-02-05 18:02:57,386 - INFO - ZrTcjxfHEVYiWpHPAAAI: Sending packet MESSAGE data 2["queue_status",{"inQueue":true,"playersInQueue":1,"queue":["sam"]}]
2025-02-05 18:02:57,446 - INFO - ioceCXGDKZgkUoNDAAAK: Received packet MESSAGE data 2["get-queue-status",{"username":"neil"}]
2025-02-05 18:02:57,448 - INFO - received event "get-queue-status" from Mz4A6zUe8XBQXDK_AAAL [/]
2025-02-05 18:02:57,458 - INFO - ioceCXGDKZgkUoNDAAAK: Received packet MESSAGE data 2["authenticate",{"username":"neil","token":"eyJhbGciOiJIUzI1NiIsInR5cCI6IkpXVCJ9.eyJmcmVzaCI6ZmFsc2UsImlhdCI6MTczODc3NTMxNSwianRpIjoiMzQ3ZWJkOWEtNWQ2ZC00YzMzLWIzZDMtODI5YWM4ZWI0MjQ5IiwidHlwZSI6ImFjY2VzcyIsInN1YiI6Im5laWwiLCJuYmYiOjE3Mzg3NzUzMTUsImNzcmYiOiJkYmUyNmI3Mi0yMGIxLTRhYjktYWNlZC04M2JkNGM3NDI3YTEiLCJleHAiOjE3Mzg3NzYyMTV9.La3K-kzOVgXftdxdOnC1X9X3c6wl4HI8CcZrQFC8W40"}]
2025-02-05 18:02:57,464 - INFO - received event "authenticate" from Mz4A6zUe8XBQXDK_AAAL [/]
2025-02-05 18:02:57,466 - INFO - Authentication attempt for neil, Mz4A6zUe8XBQXDK_AAAL
2025-02-05 18:02:57,468 - INFO - Authentication successful for neil
2025-02-05 18:02:57,468 - INFO - emitting event "queue_status" to Mz4A6zUe8XBQXDK_AAAL [/]
2025-02-05 18:02:57,468 - INFO - ioceCXGDKZgkUoNDAAAK: Sending packet MESSAGE data 2["queue_status",{"inQueue":false,"playersInQueue":1,"queue":["sam"]}]
2025-02-05 18:02:57,468 - INFO - ZrTcjxfHEVYiWpHPAAAI: Received request to upgrade to websocket
2025-02-05 18:02:57,485 - INFO - ZrTcjxfHEVYiWpHPAAAI: Upgrade to websocket successful
2025-02-05 18:02:57,513 - INFO - ioceCXGDKZgkUoNDAAAK: Received request to upgrade to websocket
2025-02-05 18:02:57,513 - INFO - ioceCXGDKZgkUoNDAAAK: Upgrade to websocket successful
2025-02-05 18:02:57,888 - INFO - Client disconnected: V7we3v6nfdKyty8EAAAJ (Reason: transport close)
2025-02-05 19:47:02,548 - INFO - User sam disconnected
2025-02-05 19:47:02,682 - INFO - Client disconnected: Mz4A6zUe8XBQXDK_AAAL (Reason: transport close)
2025-02-05 19:47:02,686 - INFO - User neil disconnected
2025-02-05 19:47:03,924 - INFO - _LNaqoGiqcUXo479AAAM: Sending packet OPEN data {'sid': '_LNaqoGiqcUXo479AAAM', 'upgrades': ['websocket'], 'pingTimeout': 5000000, 'pingInterval': 25000000, 'maxPayload': 1000000}
2025-02-05 19:47:03,938 - INFO - _LNaqoGiqcUXo479AAAM: Received packet MESSAGE data 0
2025-02-05 19:47:03,938 - INFO - New connection attempt from SID: qbmNmkwYijUEmCnOAAAN
2025-02-05 19:47:03,940 - INFO - Auth data received: {}
2025-02-05 19:47:03,940 - INFO - Awaiting authentication...
2025-02-05 19:47:03,940 - INFO - _LNaqoGiqcUXo479AAAM: Sending packet MESSAGE data 0{"sid":"qbmNmkwYijUEmCnOAAAN"}
2025-02-05 19:47:04,187 - INFO - _LNaqoGiqcUXo479AAAM: Received packet MESSAGE data 2["get-queue-status",{"username":"neil"}]
2025-02-05 19:47:04,187 - INFO - received event "get-queue-status" from qbmNmkwYijUEmCnOAAAN [/]
2025-02-05 19:47:04,194 - INFO - _LNaqoGiqcUXo479AAAM: Received packet MESSAGE data 2["authenticate",{"username":"neil","token":"eyJhbGciOiJIUzI1NiIsInR5cCI6IkpXVCJ9.eyJmcmVzaCI6ZmFsc2UsImlhdCI6MTczODc3NTMxNSwianRpIjoiMzQ3ZWJkOWEtNWQ2ZC00YzMzLWIzZDMtODI5YWM4ZWI0MjQ5IiwidHlwZSI6ImFjY2VzcyIsInN1YiI6Im5laWwiLCJuYmYiOjE3Mzg3NzUzMTUsImNzcmYiOiJkYmUyNmI3Mi0yMGIxLTRhYjktYWNlZC04M2JkNGM3NDI3YTEiLCJleHAiOjE3Mzg3NzYyMTV9.La3K-kzOVgXftdxdOnC1X9X3c6wl4HI8CcZrQFC8W40"}]
2025-02-05 19:47:04,194 - INFO - received event "authenticate" from qbmNmkwYijUEmCnOAAAN [/]
2025-02-05 19:47:04,196 - INFO - Authentication attempt for neil, qbmNmkwYijUEmCnOAAAN
2025-02-05 19:47:04,196 - INFO - Authentication successful for neil
2025-02-05 19:47:04,196 - INFO - emitting event "queue_status" to qbmNmkwYijUEmCnOAAAN [/]
2025-02-05 19:47:04,196 - INFO - _LNaqoGiqcUXo479AAAM: Sending packet MESSAGE data 2["queue_status",{"inQueue":false,"playersInQueue":1,"queue":["sam"]}]
2025-02-05 19:47:04,244 - INFO - _LNaqoGiqcUXo479AAAM: Received request to upgrade to websocket
2025-02-05 19:47:04,263 - INFO - _LNaqoGiqcUXo479AAAM: Upgrade to websocket successful
2025-02-05 19:47:05,597 - INFO - W1ooAE2Ep5oEHqIkAAAO: Sending packet OPEN data {'sid': 'W1ooAE2Ep5oEHqIkAAAO', 'upgrades': ['websocket'], 'pingTimeout': 5000000, 'pingInterval': 25000000, 'maxPayload': 1000000}
2025-02-05 19:47:05,605 - INFO - W1ooAE2Ep5oEHqIkAAAO: Received packet MESSAGE data 0
2025-02-05 19:47:05,607 - INFO - New connection attempt from SID: 4E9t_HQ0FKiStwYoAAAP
2025-02-05 19:47:05,607 - INFO - Auth data received: {}
2025-02-05 19:47:05,607 - INFO - Awaiting authentication...
2025-02-05 19:47:05,609 - INFO - W1ooAE2Ep5oEHqIkAAAO: Sending packet MESSAGE data 0{"sid":"4E9t_HQ0FKiStwYoAAAP"}
2025-02-05 19:47:05,863 - INFO - W1ooAE2Ep5oEHqIkAAAO: Received packet MESSAGE data 2["authenticate",{"username":"sam","token":"eyJhbGciOiJIUzI1NiIsInR5cCI6IkpXVCJ9.eyJmcmVzaCI6ZmFsc2UsImlhdCI6MTczODc3NTMyMCwianRpIjoiNGZmNDU1YWMtMGJkYi00YjUyLWI4YzQtZDliMTc1ZjlhZTA3IiwidHlwZSI6ImFjY2VzcyIsInN1YiI6InNhbSIsIm5iZiI6MTczODc3NTMyMCwiY3NyZiI6IjgyNjFjODAyLWZjNGEtNGQ1OC1hYmIyLTkxMGQ5OWYxNjYzNSIsImV4cCI6MTczODc3NjIyMH0.VuG3wBzB27qo6Ski8YVc_Vc3tZIN-32s7T99kq5AYqI"}]
2025-02-05 19:47:05,865 - INFO - received event "authenticate" from 4E9t_HQ0FKiStwYoAAAP [/]
2025-02-05 19:47:05,868 - INFO - Authentication attempt for sam, 4E9t_HQ0FKiStwYoAAAP
2025-02-05 19:47:05,868 - INFO - Authentication successful for sam
2025-02-05 19:47:05,869 - INFO - emitting event "queue_status" to 4E9t_HQ0FKiStwYoAAAP [/]
2025-02-05 19:47:05,869 - INFO - W1ooAE2Ep5oEHqIkAAAO: Sending packet MESSAGE data 2["queue_status",{"inQueue":true,"playersInQueue":1,"queue":["sam"]}]
2025-02-05 19:47:05,912 - INFO - W1ooAE2Ep5oEHqIkAAAO: Received request to upgrade to websocket
2025-02-05 19:47:05,917 - INFO - W1ooAE2Ep5oEHqIkAAAO: Upgrade to websocket successful
2025-02-05 19:59:57,391 - INFO - Client disconnected: 4E9t_HQ0FKiStwYoAAAP (Reason: transport close)
2025-02-05 19:59:57,393 - INFO - User sam disconnected
2025-02-05 19:59:57,406 - INFO - Client disconnected: qbmNmkwYijUEmCnOAAAN (Reason: transport close)
2025-02-05 19:59:57,406 - INFO - User neil disconnected
2025-02-05 20:21:40,963 - INFO - fDLUEJnFqpTWNIUBAAAQ: Sending packet OPEN data {'sid': 'fDLUEJnFqpTWNIUBAAAQ', 'upgrades': ['websocket'], 'pingTimeout': 5000000, 'pingInterval': 25000000, 'maxPayload': 1000000}
2025-02-05 20:21:40,981 - INFO - fDLUEJnFqpTWNIUBAAAQ: Received packet MESSAGE data 0
2025-02-05 20:21:40,985 - INFO - New connection attempt from SID: jY-qPRe8Bzt-6T_KAAAR
2025-02-05 20:21:40,985 - INFO - Auth data received: {}
2025-02-05 20:21:40,986 - INFO - Awaiting authentication...
2025-02-05 20:21:40,986 - INFO - fDLUEJnFqpTWNIUBAAAQ: Sending packet MESSAGE data 0{"sid":"jY-qPRe8Bzt-6T_KAAAR"}
2025-02-05 20:21:40,993 - INFO - l-5BcflKSofHjzQ7AAAS: Sending packet OPEN data {'sid': 'l-5BcflKSofHjzQ7AAAS', 'upgrades': ['websocket'], 'pingTimeout': 5000000, 'pingInterval': 25000000, 'maxPayload': 1000000}
2025-02-05 20:21:41,037 - INFO - l-5BcflKSofHjzQ7AAAS: Received packet MESSAGE data 0
2025-02-05 20:21:41,039 - INFO - New connection attempt from SID: rkTfYr6M3ZvxJzZ6AAAT
2025-02-05 20:21:41,039 - INFO - Auth data received: {}
2025-02-05 20:21:41,039 - INFO - Awaiting authentication...
2025-02-05 20:21:41,041 - INFO - l-5BcflKSofHjzQ7AAAS: Sending packet MESSAGE data 0{"sid":"rkTfYr6M3ZvxJzZ6AAAT"}
2025-02-05 20:21:41,223 - INFO - fDLUEJnFqpTWNIUBAAAQ: Received packet MESSAGE data 2["authenticate",{"username":"sam","token":"eyJhbGciOiJIUzI1NiIsInR5cCI6IkpXVCJ9.eyJmcmVzaCI6ZmFsc2UsImlhdCI6MTczODc3NTMyMCwianRpIjoiNGZmNDU1YWMtMGJkYi00YjUyLWI4YzQtZDliMTc1ZjlhZTA3IiwidHlwZSI6ImFjY2VzcyIsInN1YiI6InNhbSIsIm5iZiI6MTczODc3NTMyMCwiY3NyZiI6IjgyNjFjODAyLWZjNGEtNGQ1OC1hYmIyLTkxMGQ5OWYxNjYzNSIsImV4cCI6MTczODc3NjIyMH0.VuG3wBzB27qo6Ski8YVc_Vc3tZIN-32s7T99kq5AYqI"}]
2025-02-05 20:21:41,270 - INFO - received event "authenticate" from jY-qPRe8Bzt-6T_KAAAR [/]
2025-02-05 20:21:41,313 - INFO - Authentication attempt for sam, jY-qPRe8Bzt-6T_KAAAR
2025-02-05 20:21:41,313 - INFO - Authentication successful for sam
2025-02-05 20:21:41,313 - INFO - emitting event "queue_status" to jY-qPRe8Bzt-6T_KAAAR [/]
2025-02-05 20:21:41,315 - INFO - fDLUEJnFqpTWNIUBAAAQ: Sending packet MESSAGE data 2["queue_status",{"inQueue":true,"playersInQueue":1,"queue":["sam"]}]
2025-02-05 20:21:41,339 - INFO - fDLUEJnFqpTWNIUBAAAQ: Received request to upgrade to websocket
2025-02-05 20:21:41,382 - INFO - fDLUEJnFqpTWNIUBAAAQ: Upgrade to websocket successful
2025-02-05 20:21:41,394 - INFO - l-5BcflKSofHjzQ7AAAS: Received request to upgrade to websocket
2025-02-05 20:21:41,424 - INFO - l-5BcflKSofHjzQ7AAAS: Received packet MESSAGE data 2["get-queue-status",{"username":"neil"}]
2025-02-05 20:21:41,438 - INFO - received event "get-queue-status" from rkTfYr6M3ZvxJzZ6AAAT [/]
2025-02-05 20:21:41,471 - INFO - l-5BcflKSofHjzQ7AAAS: Upgrade to websocket successful
2025-02-05 20:21:41,479 - INFO - l-5BcflKSofHjzQ7AAAS: Received packet MESSAGE data 2["authenticate",{"username":"neil","token":"eyJhbGciOiJIUzI1NiIsInR5cCI6IkpXVCJ9.eyJmcmVzaCI6ZmFsc2UsImlhdCI6MTczODc3NTMxNSwianRpIjoiMzQ3ZWJkOWEtNWQ2ZC00YzMzLWIzZDMtODI5YWM4ZWI0MjQ5IiwidHlwZSI6ImFjY2VzcyIsInN1YiI6Im5laWwiLCJuYmYiOjE3Mzg3NzUzMTUsImNzcmYiOiJkYmUyNmI3Mi0yMGIxLTRhYjktYWNlZC04M2JkNGM3NDI3YTEiLCJleHAiOjE3Mzg3NzYyMTV9.La3K-kzOVgXftdxdOnC1X9X3c6wl4HI8CcZrQFC8W40"}]
2025-02-05 20:21:41,483 - INFO - received event "authenticate" from rkTfYr6M3ZvxJzZ6AAAT [/]
2025-02-05 20:21:41,485 - INFO - Authentication attempt for neil, rkTfYr6M3ZvxJzZ6AAAT
2025-02-05 20:21:41,487 - INFO - Authentication successful for neil
2025-02-05 20:21:41,569 - INFO - emitting event "queue_status" to rkTfYr6M3ZvxJzZ6AAAT [/]
2025-02-05 20:21:41,569 - INFO - l-5BcflKSofHjzQ7AAAS: Sending packet MESSAGE data 2["queue_status",{"inQueue":false,"playersInQueue":1,"queue":["sam"]}]
2025-02-05 20:21:42,464 - INFO - Client disconnected: rkTfYr6M3ZvxJzZ6AAAT (Reason: transport close)
2025-02-05 20:21:42,465 - INFO - User neil disconnected
2025-02-06 10:27:09,205 - INFO - Client disconnected: jY-qPRe8Bzt-6T_KAAAR (Reason: transport close)
2025-02-06 10:27:09,220 - INFO - User sam disconnected
2025-02-06 10:27:09,827 - INFO - HOhS0GUmOdq1Nc-iAAAU: Sending packet OPEN data {'sid': 'HOhS0GUmOdq1Nc-iAAAU', 'upgrades': ['websocket'], 'pingTimeout': 5000000, 'pingInterval': 25000000, 'maxPayload': 1000000}
2025-02-06 10:27:09,847 - INFO - HOhS0GUmOdq1Nc-iAAAU: Received packet MESSAGE data 0
2025-02-06 10:27:09,849 - INFO - New connection attempt from SID: sCTrB_-JEhDRIbH1AAAV
2025-02-06 10:27:09,849 - INFO - Auth data received: {}
2025-02-06 10:27:09,851 - INFO - Awaiting authentication...
2025-02-06 10:27:09,853 - INFO - HOhS0GUmOdq1Nc-iAAAU: Sending packet MESSAGE data 0{"sid":"sCTrB_-JEhDRIbH1AAAV"}
2025-02-06 10:27:10,077 - INFO - HOhS0GUmOdq1Nc-iAAAU: Received packet MESSAGE data 2["authenticate",{"username":"neil","token":"eyJhbGciOiJIUzI1NiIsInR5cCI6IkpXVCJ9.eyJmcmVzaCI6ZmFsc2UsImlhdCI6MTczODc3NTMxNSwianRpIjoiMzQ3ZWJkOWEtNWQ2ZC00YzMzLWIzZDMtODI5YWM4ZWI0MjQ5IiwidHlwZSI6ImFjY2VzcyIsInN1YiI6Im5laWwiLCJuYmYiOjE3Mzg3NzUzMTUsImNzcmYiOiJkYmUyNmI3Mi0yMGIxLTRhYjktYWNlZC04M2JkNGM3NDI3YTEiLCJleHAiOjE3Mzg3NzYyMTV9.La3K-kzOVgXftdxdOnC1X9X3c6wl4HI8CcZrQFC8W40"}]
2025-02-06 10:27:10,079 - INFO - received event "authenticate" from sCTrB_-JEhDRIbH1AAAV [/]
2025-02-06 10:27:10,081 - INFO - Authentication attempt for neil, sCTrB_-JEhDRIbH1AAAV
2025-02-06 10:27:10,081 - INFO - Authentication successful for neil
2025-02-06 10:27:10,081 - INFO - emitting event "queue_status" to sCTrB_-JEhDRIbH1AAAV [/]
2025-02-06 10:27:10,083 - INFO - HOhS0GUmOdq1Nc-iAAAU: Sending packet MESSAGE data 2["queue_status",{"inQueue":false,"playersInQueue":1,"queue":["sam"]}]
2025-02-06 10:27:10,155 - INFO - HOhS0GUmOdq1Nc-iAAAU: Received request to upgrade to websocket
2025-02-06 10:27:10,162 - INFO - HOhS0GUmOdq1Nc-iAAAU: Upgrade to websocket successful
2025-02-06 10:27:11,603 - INFO - mTF6LH4F52ezLv0oAAAW: Sending packet OPEN data {'sid': 'mTF6LH4F52ezLv0oAAAW', 'upgrades': ['websocket'], 'pingTimeout': 5000000, 'pingInterval': 25000000, 'maxPayload': 1000000}
2025-02-06 10:27:11,613 - INFO - mTF6LH4F52ezLv0oAAAW: Received packet MESSAGE data 0
2025-02-06 10:27:11,613 - INFO - New connection attempt from SID: g6rfxG8GnHNIBcozAAAX
2025-02-06 10:27:11,613 - INFO - Auth data received: {}
2025-02-06 10:27:11,613 - INFO - Awaiting authentication...
2025-02-06 10:27:11,613 - INFO - mTF6LH4F52ezLv0oAAAW: Sending packet MESSAGE data 0{"sid":"g6rfxG8GnHNIBcozAAAX"}
2025-02-06 10:27:11,870 - INFO - mTF6LH4F52ezLv0oAAAW: Received packet MESSAGE data 2["authenticate",{"username":"sam","token":"eyJhbGciOiJIUzI1NiIsInR5cCI6IkpXVCJ9.eyJmcmVzaCI6ZmFsc2UsImlhdCI6MTczODc3NTMyMCwianRpIjoiNGZmNDU1YWMtMGJkYi00YjUyLWI4YzQtZDliMTc1ZjlhZTA3IiwidHlwZSI6ImFjY2VzcyIsInN1YiI6InNhbSIsIm5iZiI6MTczODc3NTMyMCwiY3NyZiI6IjgyNjFjODAyLWZjNGEtNGQ1OC1hYmIyLTkxMGQ5OWYxNjYzNSIsImV4cCI6MTczODc3NjIyMH0.VuG3wBzB27qo6Ski8YVc_Vc3tZIN-32s7T99kq5AYqI"}]
2025-02-06 10:27:11,870 - INFO - received event "authenticate" from g6rfxG8GnHNIBcozAAAX [/]
2025-02-06 10:27:11,870 - INFO - Authentication attempt for sam, g6rfxG8GnHNIBcozAAAX
2025-02-06 10:27:11,870 - INFO - Authentication successful for sam
2025-02-06 10:27:11,870 - INFO - emitting event "queue_status" to g6rfxG8GnHNIBcozAAAX [/]
2025-02-06 10:27:11,875 - INFO - mTF6LH4F52ezLv0oAAAW: Sending packet MESSAGE data 2["queue_status",{"inQueue":true,"playersInQueue":1,"queue":["sam"]}]
2025-02-06 10:27:11,918 - INFO - mTF6LH4F52ezLv0oAAAW: Received request to upgrade to websocket
2025-02-06 10:27:11,925 - INFO - mTF6LH4F52ezLv0oAAAW: Upgrade to websocket successful
2025-02-06 11:12:02,993 - INFO - Starting Flask application
2025-02-06 11:12:02,993 - INFO - Configuring CORS
2025-02-06 11:12:02,993 - INFO - CORS configured
2025-02-06 11:12:02,993 - INFO - Initializing SocketIO
2025-02-06 11:12:02,996 - INFO - Server initialized for eventlet.
2025-02-06 11:12:02,996 - INFO - SocketIO initialized
2025-02-06 11:12:03,003 - INFO - Cleaning up stale state...
2025-02-06 11:12:03,003 - INFO - Cleanup complete
2025-02-06 11:12:03,003 - INFO - Starting server...
